year,state,mbid,artist_name
2026,AL,8281c702-ef12-41e4-82bc-83b617d33fe2,Assisted Suicide
2026,AL,5f95c971-3fa5-4106-a217-6d4a381eb82b,Hans Gruber and the Die Hards
2026,AL,352bf6f9-521b-408f-aa88-cada70159528,Doom Scroll
2026,AL,68ff4824-8451-481c-b4cf-57c2c64d8c00,Knuckle Puck
2026,AL,11b34f7b-42d0-4d16-a96f-f47a517cca7d,Return to Dust
2026,AL,183e636e-d41c-43fe-a428-8a034eb20c7b,Theory of a Deadman
2026,AL,b09de30a-09ac-4cc9-8812-49bb12e2bfa6,Bilmuri
2026,AL,4ba1bd10-44fb-4335-a295-37f26c8a5f37,NOVELISTS
2026,AL,52b9e109-44a0-45eb-a197-226c4abab232,Sevendust
2026,AL,fc0b6d53-d174-4b91-9c8e-dc0564275ff6,Cheekface
2026,AL,60721379-e2cb-4f6c-badf-a8874c069db5,Catbite
2026,AL,52b9e109-44a0-45eb-a197-226c4abab232,Sevendust
2026,AL,183e636e-d41c-43fe-a428-8a034eb20c7b,Theory of a Deadman
2026,AL,11b34f7b-42d0-4d16-a96f-f47a517cca7d,Return to Dust
2026,AL,e881b225-42b1-41d9-9d5e-eff55568585b,STELLA LEFTY
2026,AL,286e4fb9-4d6a-40de-ac50-01eff6a3c13e,Negative Approach
2026,AL,22995eba-1238-4b4f-a937-ac2c5767ab9f,Circle Jerks
2026,AL,e64417df-87c9-4f27-b6f5-ba93a8099310,Upchuck
2026,AL,62a678d1-1b0f-4f9c-80ab-9332d55cb999,La Reezy
2026,AL,373a4c98-a46b-48e4-86ec-f6ca65b4f438,Chance the Rapper
2026,AK,7241e3ed-5ad4-4849-94df-6858ea833472,Lyle Lovett
2026,AK,9d075d6e-9492-4343-ac95-93a808f61477,Jesse McCartney
2026,AK,4a00ec9d-c635-463a-8cd4-eb61725f0c60,deadmau5
2026,AK,c6122fee-089f-41c4-a34f-e5f7e5607b05,Twisted Sister
2026,AK,cc45b39c-c7c2-4db3-98f2-9c0220c76d7c,Max McNown
2026,AK,7a3b3f80-04b8-4968-b432-fbcd3f350716,Bachman–Turner Overdrive
2026,AK,6888f5f8-67d3-4cf1-b804-9420344a3bae,Nick Offerman
2026,AK,d25f6294-686a-4569-b1b9-fe64bfef2519,BigXthaPlug
2026,AK,a1652aa0-8fae-4f6b-b914-6ab6a1291fdd,Nate Smith
2026,AK,a96ac800-bfcb-412a-8a63-0a98df600700,Modest Mouse
2026,AK,fa7b9055-3703-473a-8a09-adf2fe031a24,CAKE
2026,AK,3cd18a93-1797-4bbb-9b8a-c096d5e7864c,Amy Grant
2026,AK,7c09d8af-895a-4337-bb46-b4b6dcabff10,Ziggy Marley
2026,AK,a9044915-8be3-4c7e-b11f-9e2d2ea0a91e,Megadeth
2026,AK,c80912ea-e576-4800-9781-b111c5bcae1f,Matt Rife
2026,AK,a9e5337b-0608-4401-91d4-18ab4cf47ff8,Peter Mulvey
2026,AK,2eb55bd9-cfbf-44fd-a5da-92dd825284c7,AJR
2026,AK,c9c2303d-0a54-4a5d-9c6f-062e5ad04a34,Steve Durr
2026,AK,36f0e233-0d56-47d7-bd59-1f3203d40304,The Reverend Peyton’s Big Damn Band
2026,AK,36f0e233-0d56-47d7-bd59-1f3203d40304,The Reverend Peyton’s Big Damn Band
2026,AZ,20883363-1ea4-4d72-ad72-c0e767038f3e,The Mars Volta
2026,AZ,58d25ebc-7c25-47c6-ad1c-0dc65c29f4ac,Stephen Dawes
2026,AZ,e0e1a584-dd0a-4bd1-88d1-c4c62895039d,Foster the People
2026,AZ,77bc5aae-3cdf-4942-860a-4ebc67b3c280,The Garden
2026,AZ,9ba6d6c4-12fd-4500-a5d7-7d85fe4ee2b9,Sub Urban
2026,AZ,6fc69ec6-3e59-4ff7-849d-b5da932abe4d,Sleep
2026,AZ,0539ceb1-0a1e-4358-a8a4-df6a08330823,Dan and Phil
2026,AZ,d260c14e-2ef1-4d3d-8739-70d517efac8a,Nitzer Ebb
2026,AZ,3482e723-ee80-4dfc-b6e9-5a47732fd6b6,Goth Babe
2026,AZ,e97b6d05-3020-48e2-ac8b-29b71add512b,Micky Dolenz
2026,AZ,8e66081a-58f8-4537-b15b-c645b184142d,Brittney Spencer
2026,AZ,f6e61750-a6b7-4d88-979b-052345cd0e4a,Sturgill Simpson
2026,AZ,0b427dad-1ee5-48f1-aa4b-026680a3338e,Shaboozey
2026,AZ,e97b6d05-3020-48e2-ac8b-29b71add512b,Micky Dolenz
2026,AZ,c07f0676-9143-4217-8a9f-4c26bd636f13,My Chemical Romance
2026,AZ,bbc5b66b-d037-4f26-aecf-0b129e7f876a,Jimmy Eat World
2026,AZ,fa01b5ee-165d-4492-9a24-709093205d42,Smilley
2026,AZ,297a25c8-f968-460c-813a-f798cc04fd09,Agoreez
2026,AZ,4e99b3a5-654b-43ee-a9bf-c55c155c0495,Flipper
2026,AZ,013e52eb-3e9b-410d-8447-b9de630c97a1,Fey Fili
2026,AR,db9cbc9e-65b6-4221-a847-75981feb1c6b,Unsane
2026,AR,5cf7f4fa-b9d7-42ae-b08c-6c1588877733,Mason Ramsey
2026,AR,92d62a2e-0e1d-4b6b-9327-6d4e2360eb08,Waylon Wyatt
2026,AR,4f0a034c-c9e8-4755-9fef-ef56aa8cae5d,Cancerslug
2026,AR,d6864f27-532d-4912-af81-d710d58b1f01,Joe
2026,AR,800760de-bdf8-43a2-8fe0-44a2401a5515,Young Thug
2026,AR,d6d090b8-e8f2-4a97-8305-7f6039442834,1300SAINT
2026,AR,1753124e-e4be-4dba-9741-5e50e4dc351f,Tezzus
2026,AR,418fe547-4bec-48fe-8df0-ed25e27f4570,NAV
2026,AR,6f81a7dc-be31-4498-ae95-6d994ffec614,12 Stones
2026,AR,fb52e98f-f68a-4eaa-918a-f42a5dad1329,diamond*
2026,AR,62b914a7-d775-4bb4-bb5e-d46e7df115b5,Benson Boone
2026,AR,c544ed4d-2390-4442-a83e-1ea2883b09c8,Lynyrd Skynyrd
2026,AR,b986822e-53c3-4fe7-b5b2-c6b69cc7a57e,Soft Palms
2026,AR,160629ab-ec18-4931-8c95-02cb92d06186,Foreigner
2026,AR,e47917a4-c0e0-4bc0-99f9-27a8f636927d,Six Gun Sally
2026,AR,8feb61e0-be9c-41c9-acd8-df0196783744,Jason Bonham’s Led Zeppelin Evening
2026,AR,1355d559-f13f-4c78-a7a8-02b6d747d94e,Lou Gramm
2026,AR,f0a4c8af-2b25-45cf-9b41-19171cf4d80f,John Waite
2026,AR,03f41e2e-6281-4712-937e-ef68666656ae,Drivin’ n’ Cryin’
2026,CA,0fd6c99a-5e17-4c66-8cfb-82a4011d0900,Armlock
2026,CA,b5bd9f88-962e-4730-84a7-795592ba42e8,Silversun Pickups
2026,CA,448665cd-e62d-4e48-abf6-096e9d1a71fb,Kevin Atwater
2026,CA,62b914a7-d775-4bb4-bb5e-d46e7df115b5,Benson Boone
2026,CA,ddd2d0bf-4fa7-4fa1-995b-46ed4d689c0b,Alice Bag
2026,CA,7f625f35-7e53-4f08-9201-16643979484b,The Warning
2026,CA,84803b1d-dcb3-490d-9af5-debbba64a011,Soccer Mommy
2026,CA,1397d045-1603-41fc-80b9-712c18360145,Bikini Kill
2026,CA,6c8b9855-ba8b-48f9-ac1d-42167f7f7b18,The Shins
2026,CA,e36e78eb-3ace-4acd-882c-16789e700ab7,Sleater‐Kinney
2026,CA,6fe07aa5-fec0-4eca-a456-f29bff451b04,Weezer
2026,CA,66fa6276-4529-47bb-92f5-5d18e5bfaf09,Kofy Brown
2026,CA,9fd868b2-3559-40bc-ae2d-8c8125c2eee5,Eihwar
2026,CA,b016df0b-6422-4499-8c9b-32846de8f22f,Frayle
2026,CA,779f771b-8d62-4f90-9a82-95e542e2784b,Christone “Kingfish” Ingram
2026,CA,61c01df3-ca06-4a09-8f74-66000831f27d,A Lot Like Birds
2026,CA,7cfd84d1-2513-44c3-844b-320c9efedd72,Murals
2026,CA,3d254f1e-7d18-431b-baeb-68e57695dfdb,Blood Orange
2026,CA,675a5b00-9599-4e25-b798-d5d1664caeea,Brother Bird
2026,CA,dd91eb4b-6d08-4c14-9eb2-197a02a35f6c,Manchester Orchestra
2026,CO,b44ded16-967d-40dd-b110-a7491592ba29,brenn!
2026,CO,d60b3cac-e434-469d-8965-ead164d82a3e,Dorothy
2026,CO,a3227620-04de-4287-8c0e-b2e85900d3ce,Tom Siletto
2026,CO,b463a831-8ea0-40c4-9a56-34cfe0896931,Carnifex
2026,CO,bd0f9f45-22c2-4566-b2cc-3c255ceb6e76,DITZ
2026,CO,8c32bb01-58a3-453b-8050-8c0620edb0e5,Stone Temple Pilots
2026,CO,ac2d1c91-3667-46aa-9fe7-170ca7fce9e2,Godsmack
2026,CO,11bcbbf4-1252-496a-b747-06942f3d76db,Molchat Doma
2026,CO,5a2ab31d-e000-4fb6-bea6-e494835dc20d,Zach John King
2026,CO,091ef352-590c-41e6-827e-d3e925b2ffa5,BlackHawk
2026,CO,365247e5-db90-4d0e-bf2c-ca18b54fcab9,Cole Swindell
2026,CO,11d94660-1963-4020-8762-4c5907e2ea48,Psychedelic Porn Crumpets
2026,CO,eb55f2c5-e7dc-4697-9ed7-864438d10eb6,All Shall Perish
2026,CO,e188a520-9cb7-4f73-a3d7-2f70c6538e92,Adam Ant
2026,CO,1b09e72f-374a-42aa-8bf7-4eb4b2b6eb59,Eva Under Fire
2026,CO,11d94660-1963-4020-8762-4c5907e2ea48,Psychedelic Porn Crumpets
2026,CO,7e8571b1-7c5a-4739-bc51-73d422ee9d74,Five Finger Death Punch
2026,CO,658ad276-3179-45bc-9b35-8eac35c07fed,Spoon Benders
2026,CO,bbb94ad0-3bb7-42af-99cd-e92f5a42c4c5,Haircut One Hundred
2026,CO,aeefe8ea-6f15-4b6a-a876-2ac1d201fab1,The Crooked Rugs
2026,CT,cbf71c15-17c2-484f-8406-cfce12fd3e46,Reverend Horton Heat
2026,CT,1576a26e-f77d-47ac-87f2-4f610c141ac6,Blackberry Smoke
2026,CT,050c59c3-12d7-4d7e-b890-9ebcf0caa85d,Messer Chups
2026,CT,885f90ef-6bd9-409a-b2df-e165e553c68e,Steve Winwood
2026,CT,c3649208-0ebe-449b-b1d7-4bd6c560f109,John Fogerty
2026,CT,c113d7a7-2b22-49dc-886b-366ee68577cb,Justin Hayward
2026,CT,bc01f01c-a401-40d8-9472-b377ac33af05,George Thorogood & the Destroyers
2026,CT,b9bb7959-bdcf-45c2-a73a-0ac2e4333c2f,Al Jardine
2026,CT,16243662-8538-4746-a0fb-0d15b5828b8e,Neon Trees
2026,CT,968fb129-2c95-4fd5-b195-86552ba45c94,Molly Tuttle
2026,CT,43255c3f-521c-4767-b8c3-f3e3c1f8186f,Pretty Boy Floyd
2026,CT,e2c00c56-8365-4160-9f40-a64682917633,Goo Goo Dolls
2026,CT,b327f9b3-c033-4d87-b6f9-9e21bee58420,James Barker Band
2026,CT,bddace87-ee24-49ff-8deb-4d19cab65e90,All Sinners
2026,CT,8fea59f2-ffee-450f-9757-def553b73b19,Gabriel Iglesias
2026,CT,3dc9c919-508f-4255-b05e-0eed6a28137d,Trace Adkins
2026,CT,75f27492-3018-4b1e-aa04-60c31059a5c5,Max Creek
2026,CT,ec65abba-d5c6-447c-9f52-56db85aa1002,Skarlett Roxx
2026,CT,e0d3f2ea-ae50-4743-8b8c-caa6ff017242,John Spignesi Band
2026,CT,5c6acb91-4b9b-4245-b92f-e817295c4ed0,Quiet Riot
2026,DE,107d0c22-d051-4d98-8206-4e14de02132a,James Taylor
2026,DE,f32d18ce-7855-4c29-9632-d1ef54a9571e,Will Sims
2026,DE,c733c4e6-22a2-499d-ace7-17b832356aff,Gary Clark Jr.
2026,DE,150c1fdf-3fc1-4672-93fa-a1aca0a85a53,David Archuleta
2026,DE,57e3015a-5d91-4635-8a64-10bb586397ef,Cody Matlock
2026,DE,01c68b57-e16b-47b6-9d68-a1d4bd32c1b2,Thunderstruck
2026,DE,3182bda5-2f4a-49e4-9fa3-cf7e5ebbff24,Tommy Stinson
2026,DE,6a62a034-cee3-490c-a2ad-621eca2f25a4,Craig Finn
2026,DE,454db2c8-0ac5-4865-a3c5-ab71f3e4fd99,Stargazer Lily
2026,DE,db0fc330-1fa1-43f8-a33f-33eaf6a97d78,Jesse Malin
2026,DE,582fee78-d934-4603-9f5c-1729e0ca36b7,Helmet
2026,DE,ae3f6a8a-c465-4707-8667-8ce0172bc417,Deep Blue Something
2026,DE,bbeaf3bd-3ba0-4955-bb6c-2f6a0ec66c2c,Spirit in the Room
2026,DE,efddcba8-e51e-4b35-a682-863d69661767,The Bell Bottom Blues
2026,DE,2a9a1389-eb01-438b-b371-e14339756fa2,Andy Thomas
2026,DE,2ec045d2-5710-4bb0-b34c-b191e2842b94,Tell Me Lies
2026,DE,792bc78f-6a0e-4b1d-84bb-3efcf2b6c4d3,Jimmy Charles
2026,DE,568045b3-c3cb-4100-9bc5-ef9cdcebe643,The Marshall Tucker Band
2026,DE,1efc3e10-961b-4f24-bb51-2cc8692b85a6,The Castellows
2026,DE,39ad6072-5807-44d9-85f8-0a31bf9c3561,Niko Moon
2026,FL,1d61c8a0-b875-41c7-a9d2-c67a175b33d4,Andy Frasco & The U.N.
2026,FL,58210a3b-66ec-424f-a6f9-86ef96f71374,Hope Darling
2026,FL,ea8d7e16-91ac-4a66-8ba8-e2c537a94a9f,Summer Hoop
2026,FL,25f3abd9-63b5-471a-bd25-feb9672dfa11,ROSALÍA
2026,FL,ea367e3c-4c74-460b-8a99-bbbb9b1ad5cf,Touché Amoré
2026,FL,a65980eb-3592-40ac-ae08-dc1fde8e3364,Lauren Babic
2026,FL,bfce9c6d-eff7-4965-b20e-cb21397470f5,Icon for Hire
2026,FL,2a2cfb64-a566-4239-a834-4944b8b00c72,Fly Guys
2026,FL,80352507-11ba-4efd-a72c-edc4676c791c,Dana Lawrence
2026,FL,2a2cfb64-a566-4239-a834-4944b8b00c72,Fly Guys
2026,FL,6c2a79b8-2b5c-4c2d-b495-6a446811bf9d,Malcolm Todd
2026,FL,2a2cfb64-a566-4239-a834-4944b8b00c72,Fly Guys
2026,FL,c6d2cbdf-30e7-4233-a1b4-e892f116ada1,The Suicide Machines
2026,FL,91c83fd9-5542-467b-8e00-b8677fd44d79,The Wellermen
2026,FL,023c3ec8-1c5d-4514-92a9-ac1f864f33b6,LOCKSTEP
2026,FL,9c332640-e39c-4d5f-b246-7f5bf3768a6e,REZN
2026,FL,bfce9c6d-eff7-4965-b20e-cb21397470f5,Icon for Hire
2026,FL,a65980eb-3592-40ac-ae08-dc1fde8e3364,Lauren Babic
2026,FL,2a2cfb64-a566-4239-a834-4944b8b00c72,Fly Guys
2026,FL,ea8d7e16-91ac-4a66-8ba8-e2c537a94a9f,Summer Hoop
2026,GA,12465582-983e-4d3b-969e-b007224ee1bf,Band of Silver
2026,GA,9a849703-6273-47ed-902c-df24e2106651,astrid
2026,GA,13ea526b-3a95-49d8-8550-3acfba773f19,FEM&M
2026,GA,8db3c10b-a231-4128-97ea-a6c850f180d9,Charloux
2026,GA,c27595dc-f40f-4dee-87cb-0bfa44464b18,Assembly
2026,GA,18ed5b9a-b236-47b6-b901-10b35d67b6db,Messa
2026,GA,ed021420-1f77-412e-8745-67567a886150,Threshold
2026,GA,e8eac778-1b83-421b-9fe9-3d419d536d85,The Reticent
2026,GA,e5edd3b8-2a81-42c4-93a4-c19a10713295,Uncle Acid & The Deadbeats
2026,GA,f11dfc70-8189-478e-87ba-97394f1eb6f7,Miki Fiki
2026,GA,6e64cbfa-1a60-450e-81f4-c044c868ab24,Ensiferum
2026,GA,c68635f5-731b-4455-bc7c-0ddc48d8af64,Bermuda Search Party
2026,GA,bba55038-dec3-48c6-b4fd-196db377aea8,Noveria
2026,GA,33b4f545-33f9-454d-9283-3231891fc12e,Henry Moodie
2026,GA,ae70611f-d75a-423a-8b81-fb4ad724597b,Shearling
2026,GA,75e9fb8a-0062-4f3d-9140-5352bef81ad5,Fabio Lione
2026,GA,a79ec878-e728-4832-83b7-dd2d99eb731b,milkypossum
2026,GA,6d3c2104-18a0-4d32-938a-57e6e965173d,Thomas Dollbaum
2026,GA,d1ee1eab-dec6-4542-97f7-1809b780a448,Schur
2026,GA,da08fa56-7311-4008-8592-d25aa4dd23ff,MEMORIALS
2026,HI,abd506e1-6f2b-4d6f-b937-92c267f6f88b,Journey
2026,HI,abd506e1-6f2b-4d6f-b937-92c267f6f88b,Journey
2026,HI,18822272-d7dd-4619-bb3e-dd619b2cd179,Starjunk 95
2026,HI,abd506e1-6f2b-4d6f-b937-92c267f6f88b,Journey
2026,HI,9afee8b9-0cb8-4e85-9d20-329dbf7d8cc5,SIDEPIECE
2026,HI,8c9b336e-acc8-4e20-9195-6ed0634da9fc,The Residents
2026,HI,8c9b336e-acc8-4e20-9195-6ed0634da9fc,The Residents
2026,HI,80786ec9-62d5-484a-b6bc-8dce68466be0,Timothy Morris
2026,HI,80786ec9-62d5-484a-b6bc-8dce68466be0,Timothy Morris
2026,HI,a9218292-50cd-4ee9-9787-e0fbf466f92d,Summer Salt
2026,HI,a9218292-50cd-4ee9-9787-e0fbf466f92d,Summer Salt
2026,HI,bf103bec-70e3-45a5-9d1b-97715db04a96,Alejandro Escovedo
2026,HI,bf103bec-70e3-45a5-9d1b-97715db04a96,Alejandro Escovedo
2026,HI,2b9967c7-3246-4658-a561-ded5408dd9af,Los Lobos
2026,HI,df9a1914-7fad-4900-bdd4-d7811712a2a8,Air Supply
2026,HI,df9a1914-7fad-4900-bdd4-d7811712a2a8,Air Supply
2026,HI,df9a1914-7fad-4900-bdd4-d7811712a2a8,Air Supply
2026,HI,df9a1914-7fad-4900-bdd4-d7811712a2a8,Air Supply
2026,HI,df9a1914-7fad-4900-bdd4-d7811712a2a8,Air Supply
2026,HI,ec05b860-0fec-4c04-9813-9804eaf6bee8,Hindley Street Country Club
2026,ID,9941a936-196a-4a62-ae53-a69cbc33f20e,Black Flag
2026,ID,bd0f9f45-22c2-4566-b2cc-3c255ceb6e76,DITZ
2026,ID,11bcbbf4-1252-496a-b747-06942f3d76db,Molchat Doma
2026,ID,658ad276-3179-45bc-9b35-8eac35c07fed,Spoon Benders
2026,ID,3599a39e-4e10-4cb5-90d4-c8a015ebc73b,Portugal. The Man
2026,ID,11d94660-1963-4020-8762-4c5907e2ea48,Psychedelic Porn Crumpets
2026,ID,510ca9ea-0695-4d2b-ae7d-30645d9c5c66,Mini Trees
2026,ID,4593d49a-7f67-46ba-9ec0-126bd676286f,Flo Rida
2026,ID,2ec045d2-5710-4bb0-b34c-b191e2842b94,Tell Me Lies
2026,ID,346f6795-2c3c-48e3-a35f-80c08978a50e,PawPaw Rod
2026,ID,6fc531d2-9a47-496b-b4b5-01e2b17fe99d,WITCH
2026,ID,1aded574-9e16-4648-861a-24fd6f1c309e,DevilDriver
2026,ID,6af2bf23-bd79-4d55-81b1-d1c158339c2c,Ov Sulfur
2026,ID,aacbb26d-4b59-4beb-89e9-61adbeaba033,Heart to Gold
2026,ID,b8964f14-e88f-4070-8ed1-fa18ac44e034,PIG
2026,ID,77bc5aae-3cdf-4942-860a-4ebc67b3c280,The Garden
2026,ID,48a6d065-1fda-4280-ae39-df1394d419cd,Lee Brice
2026,ID,8a75ce0d-1df3-47cc-b076-ce2f4e8250f0,Ice‐T
2026,ID,480e2acb-0010-455a-896e-9b6bdb653600,Gouged
2026,ID,05539fb8-b7a5-4012-97a9-5e27ddc031fb,Sir Mix‐A‐Lot
2026,IL,9a883a69-436b-4d17-9ffd-122a9bf4419a,En Vogue
2026,IL,7449cc7e-5fe0-4fd4-9901-7e715391ee50,PRESIDENT
2026,IL,26bcd35d-56a3-4e4d-8ad7-7bc5787c3af1,Salt‐N‐Pepa
2026,IL,1ff7da2a-885f-4f66-b1a2-14d93bf590d0,nate sib
2026,IL,99790314-885a-4975-8614-9c5bc890364d,TLC
2026,IL,0be00607-ce75-41cb-b1c9-033f192739be,Creeping Death
2026,IL,5b24fbab-c58f-4c37-a59d-ab232e2d98c4,Danny Elfman
2026,IL,681d5fcf-0ac4-4c6c-8bf2-72ff55797cbe,Through N Through
2026,IL,53cea91a-d924-4eb9-88ca-d9c58464b86d,Gutnoose
2026,IL,2566ca73-1dfd-49e7-ab20-dfa5697b360e,Max Weinberg
2026,IL,12465582-983e-4d3b-969e-b007224ee1bf,Band of Silver
2026,IL,33b4f545-33f9-454d-9283-3231891fc12e,Henry Moodie
2026,IL,be815ace-17df-4145-ac22-32d9474cd8b0,The Well
2026,IL,14f752f8-3209-49fe-83f2-e03e5ee785ec,Moon Destroys
2026,IL,d97682d3-c14a-49b6-ba31-7fe7683f3ed5,Sylvie Courvoisier & Mary Halvorson
2026,IL,2b077530-f579-40b4-91be-249bb21c58e3,Horseshoes & Hand Grenades
2026,IL,374a63ed-2502-495a-8e31-139e3ed7507e,Tchami
2026,IL,5f43abf6-92a5-468a-a633-b73f94627972,ILLENIUM
2026,IL,e188a520-9cb7-4f73-a3d7-2f70c6538e92,Adam Ant
2026,IL,3020be1d-3c41-4e42-911b-ca5e96489300,Leftover Salmon
2026,IN,9d1818d3-0d61-4e76-b6c5-5b4883f792fd,Paris Jackson
2026,IN,afb680f2-b6eb-4cd7-a70b-a63b25c763d5,Bruno Mars
2026,IN,7dd89fea-a476-4640-9680-758149b6339a,doug.
2026,IN,ecf65803-2fd4-4b0b-8629-af70220eeb81,Jimmie Vaughan & The Tilt-A-Whirl Band
2026,IN,8be564c3-dfba-440b-af8c-4ffbceeef45e,RAYE
2026,IN,b409e8a4-f6de-4a98-af6a-2feaf60f96d1,DJ Pee .Wee
2026,IN,68ff4824-8451-481c-b4cf-57c2c64d8c00,Knuckle Puck
2026,IN,357f5a24-1396-4b38-926d-c4bfeea1391b,Jonah Kagen
2026,IN,b09de30a-09ac-4cc9-8812-49bb12e2bfa6,Bilmuri
2026,IN,aa9ea04c-6d55-4244-9139-22c75bd19f97,Dermot Kennedy
2026,IN,2729d5b8-3576-4d56-9660-1a9986544274,Gates to Hell
2026,IN,35b9838a-d6be-4c31-99b2-df09875854f3,EagleMania
2026,IN,57f0788e-2583-4346-bd7d-3e8a75497342,BEE! the Band
2026,IN,0c9bf239-3e84-483e-b9a3-c27802b508a1,Parker Barrow
2026,IN,5bb2a9c8-3505-4c45-9717-19f0f8f35425,Orgy
2026,IN,c995a379-60b9-404b-bd97-a7e2de0751d3,Rob Zombie
2026,IN,5dfdca28-9ddc-4853-933c-8bc97d87beec,Marilyn Manson
2026,IN,963a7d48-5995-4751-aef8-6727cb879b9c,Fires in the Distance
2026,IN,8601a656-4830-457c-a3f1-f25b105d1629,The HU
2026,IN,1e4499d4-9b5d-416d-893e-14614637630d,Lips Speak Louder
2026,IA,be36a0fe-7551-49ec-a45b-c3e530278861,The Crimson Armada
2026,IA,3e9a8114-f872-46a0-a5f6-ff871556df6f,Blind Equation
2026,IA,a8bf8f04-ea38-424e-97eb-49e0aaf244c2,Deadlands
2026,IA,fb759bfb-34ec-4f1d-91f9-fd46549bc3cd,The Browning
2026,IA,33319aed-9bd7-4cd1-903c-716845c1b7cd,Black Veil Brides
2026,IA,f3ea8d95-72d0-4859-b72e-e23f27953726,Conor Donohue
2026,IA,49e5c60d-3a49-4b94-a641-7c33664098d1,She Returns From War
2026,IA,851ed4f5-5754-4175-a566-77ab082f72cc,Robert Lester Folsom
2026,IA,405f339f-eac9-4519-9f51-c397a2b7851b,Bragolin
2026,IA,4b06f249-bbf6-43cb-8ae3-5f824d273bec,Carrellee
2026,IA,a1652aa0-8fae-4f6b-b914-6ab6a1291fdd,Nate Smith
2026,IA,16a43d5e-c52d-4eaa-9c3b-00b2c1d8e816,Skillet
2026,IA,6f81a7dc-be31-4498-ae95-6d994ffec614,12 Stones
2026,IA,1801bd47-46ae-49ff-bfcd-6e01b562d880,Black Stone Cherry
2026,IA,3f2d1ce1-36b6-492d-8c8a-3ffffdc4c91e,Cody Lee
2026,IA,6ae51665-8261-4ae5-883f-1899651ad31b,Filter
2026,IA,6505068b-6b55-4f98-8a21-8f12d56f652b,Chris Renzema
2026,IA,4b1a830b-0a1f-42e5-b8d5-1d6743912e99,Creed
2026,IA,8feb61e0-be9c-41c9-acd8-df0196783744,Jason Bonham’s Led Zeppelin Evening
2026,IA,67270a0f-4a3c-471c-a728-67d65147b8ad,Maggie Rose
2026,KS,06f9c474-0547-40fc-be3d-1ae6ce38abd7,Judy Collins
2026,KS,ca03d57e-e20f-479c-890a-efbfbc9043d6,Unity Ticket
2026,KS,81e453bf-5da3-434b-a770-db9617f9c4af,Formal
2026,KS,2fb921bb-d490-4f30-b200-4dcc595db33e,Noiseheads
2026,KS,63fe4143-fb25-40c6-a0b5-c812acec7b93,Missouri Executive Order 44
2026,KS,b9bdc8af-9641-4958-8eb3-1bead9ff632d,Chase Matthew
2026,KS,8499b193-b7ce-4982-bdac-904bb797cdf0,Destiny Bond
2026,KS,fb759bfb-34ec-4f1d-91f9-fd46549bc3cd,The Browning
2026,KS,ba866638-0326-4a41-9318-7075c586791a,Virginia Creeper
2026,KS,1cc2a960-4d20-458f-9f9b-13ea8393ba2b,Found A Job - A Tribute to Talking Heads
2026,KS,b8964f14-e88f-4070-8ed1-fa18ac44e034,PIG
2026,KS,955e709e-0506-42f4-b15c-23d3d4ed5625,Moon 17
2026,KS,b9b04d6a-6da6-48b1-88b7-78ce82bcf3d7,Cyanotic
2026,KS,1576a26e-f77d-47ac-87f2-4f610c141ac6,Blackberry Smoke
2026,KS,123272e7-884a-4c7e-afea-977a22336525,Moth Rogers
2026,KS,d3e082b1-433a-4287-9f06-f305d6ea322a,Frail Talk
2026,KS,5689e8da-12c8-456e-a4e5-793783a64d90,Stacey Earle
2026,KS,3c418647-3aa0-4f0b-b043-306f47855f52,Josh Turner
2026,KS,ec863030-7c13-45a3-a025-a69195d3a020,Steve Earle
2026,KS,91e8f48b-7b4c-46af-b052-6573a35e7b1d,The Cactus Blossoms
2026,KY,851ed4f5-5754-4175-a566-77ab082f72cc,Robert Lester Folsom
2026,KY,1bcb61f3-ca9c-4a26-b16e-0547ad6c21be,Spin Doctors
2026,KY,6b28ecf0-94e6-48bb-aa2a-5ede325b675b,Blues Traveler
2026,KY,1c42b705-d3fc-452e-93ee-d0030bdd70f3,Gin Blossoms
2026,KY,963a7d48-5995-4751-aef8-6727cb879b9c,Fires in the Distance
2026,KY,23eeaeaf-423d-4859-8c91-2175ece74287,Five for Fighting
2026,KY,d1da3f8d-3b16-468f-a1b2-9a8d9b138bc6,Diamond Rio
2026,KY,db9cbc9e-65b6-4221-a847-75981feb1c6b,Unsane
2026,KY,f8650c49-8874-4ab5-996e-f8bc20272cf3,Strutter
2026,KY,ef274bb5-2304-491c-ab86-4d0ffa461730,Moon Goons
2026,KY,b5c4ffa2-82e1-4b72-b7f3-c60afb74b860,Ray LaMontagne
2026,KY,eda7da10-0b65-41df-ac36-9c83b7017f7a,The Weather Station
2026,KY,ed92e1cb-a382-4a1a-a2b9-0b06b4174f5b,Fan Halen
2026,KY,20e4fdd4-59a7-4647-8f2c-ebadad57a008,DOOM GONG
2026,KY,cc846715-ccc7-4391-868b-0876d135daa0,Frankie and the Witch Fingers
2026,KY,ab5d785b-ff87-48b5-b9e1-027e3c21ec0d,Justin Moore
2026,KY,3eadc410-bb9b-4147-96cd-bf7c5bd38dc7,LAMPUS
2026,KY,49d04262-6389-4f51-829e-d8fd1b8b80fa,Deana Carter
2026,KY,1e3fe453-eec6-4046-a225-d6eb0b1874ad,Black Guy Fawkes
2026,KY,6c74516f-b42d-49c9-bd01-ab16b4391fee,Larry and His Flask
2026,LA,373a4c98-a46b-48e4-86ec-f6ca65b4f438,Chance the Rapper
2026,LA,46eb0fb7-9725-43af-97d7-6c717682a799,The Midnight
2026,LA,62a678d1-1b0f-4f9c-80ab-9332d55cb999,La Reezy
2026,LA,46eb0fb7-9725-43af-97d7-6c717682a799,The Midnight
2026,LA,52b9e109-44a0-45eb-a197-226c4abab232,Sevendust
2026,LA,183e636e-d41c-43fe-a428-8a034eb20c7b,Theory of a Deadman
2026,LA,11b34f7b-42d0-4d16-a96f-f47a517cca7d,Return to Dust
2026,LA,ae70611f-d75a-423a-8b81-fb4ad724597b,Shearling
2026,LA,352bf6f9-521b-408f-aa88-cada70159528,Doom Scroll
2026,LA,5f95c971-3fa5-4106-a217-6d4a381eb82b,Hans Gruber and the Die Hards
2026,LA,eeacb319-8d4c-48e0-80a0-944e71c375bf,Tesla
2026,LA,ff865aa0-4603-4f79-ae8b-8735332e2cfa,Switchfoot
2026,LA,5ccb9a53-092d-4806-b337-470a582893d7,Lit
2026,LA,2a5a3b60-d468-4b62-a28f-9c410ad3f71d,Fuel
2026,LA,cf59723d-febb-4481-9b9b-3cb2c7f2a7e6,Koe Wetzel
2026,LA,a6e613d6-ff65-4972-beff-303a1b10ab05,Lainey Wilson
2026,LA,2b8734c4-a7d3-4427-966f-770f7d8491cf,The Desert Nudes
2026,LA,f5bcb165-f88e-4cce-8221-ab7ab3854581,Lee Mathis
2026,LA,c6d2cbdf-30e7-4233-a1b4-e892f116ada1,The Suicide Machines
2026,LA,f1e537b8-c559-4a5e-b660-3a0a3f14a77e,Erica Falls
2026,ME,490edaab-6da3-435f-8129-2074ec63fff3,Dirty Sound Magnet
2026,ME,2aaf7396-6ab8-40f3-9776-a41c42c8e26b,LCD Soundsystem
2026,ME,c03ce9b2-6351-41c8-8014-0b82f50bd2b9,Victoryland
2026,ME,c7dee62c-e20b-4314-b6f9-bae411554a5a,The Ghost of Paul Revere
2026,ME,fb2d8d9e-5511-40e2-a33d-568fa1808b20,Marty Stuart and His Fabulous Superlatives
2026,ME,b6fe8efe-69e7-4d65-8e3c-7f3feee32271,Weakened Friends
2026,ME,bc01f01c-a401-40d8-9472-b377ac33af05,George Thorogood & the Destroyers
2026,ME,e432ac6d-fc48-436a-bbee-3f112902f6ae,Futurebirds
2026,ME,f9d9e995-c8a1-48f5-a112-90353670f91d,Daniel Donato's Cosmic Country
2026,ME,b402c9fb-ed1f-4110-b49c-87187e5e383a,Mikaela Davis
2026,ME,a81259a0-a2f5-464b-866e-71220f2739f1,ZZ Top
2026,ME,64c08e7f-48ba-4a49-a18f-9ac648c8ac63,Daniel Donato
2026,ME,4755c577-14cd-45fe-9792-b3a680fa0ba5,Kelli Baker Band
2026,ME,4a27848e-ffdc-45d2-bed4-f5d62b85dc3e,Sierra Ferrell
2026,ME,fb2d8d9e-5511-40e2-a33d-568fa1808b20,Marty Stuart and His Fabulous Superlatives
2026,ME,f9d9e995-c8a1-48f5-a112-90353670f91d,Daniel Donato's Cosmic Country
2026,ME,a3d65dc1-4528-4fe3-8dcb-fa9e4431df41,The Seven Wonders
2026,ME,fb03c4f0-c358-4ee0-bdc5-600e17e91ac3,Nick Bosse
2026,ME,c7dee62c-e20b-4314-b6f9-bae411554a5a,The Ghost of Paul Revere
2026,ME,0609aa62-8635-4d60-9ea5-4a9ae104642f,DJ Boondocks
2026,MD,2729d5b8-3576-4d56-9660-1a9986544274,Gates to Hell
2026,MD,51df475a-c3b2-4790-bc51-88795a42d7b8,Nice Strong Arm
2026,MD,03f41e2e-6281-4712-937e-ef68666656ae,Drivin’ n’ Cryin’
2026,MD,78bc3191-992b-43cf-b897-e61923869e25,Jasmine Cain
2026,MD,eb9d2383-3353-4a34-bf00-d4dc6c3096ea,Torture
2026,MD,c29973c6-1a7c-401d-bce6-67b7240de677,Incantation
2026,MD,0be00607-ce75-41cb-b1c9-033f192739be,Creeping Death
2026,MD,697eba1a-bf52-46b1-a19f-4d7190b63e5c,Terror
2026,MD,40b7efb7-1268-4a80-b354-600afdcbe9e2,Hatebreed
2026,MD,446b9a5d-fb89-45a8-a450-34802cf6f2fb,Scrum Force
2026,MD,1f9121e4-19c1-4ba7-8322-21c9228d570f,Idaho Green
2026,MD,3260ce89-5eb0-4c6a-89c7-379c0dfc2ab9,Kehlani
2026,MD,8489b3e1-cf19-4f29-a64a-72d15a46cf5f,Josephine Olivia
2026,MD,c27595dc-f40f-4dee-87cb-0bfa44464b18,Assembly
2026,MD,4856daef-9436-49e6-b466-b40593a83f3b,John Christ
2026,MD,dc346e8d-b930-4878-b0f7-7e50e197388f,Durand Bernarr
2026,MD,abaa7001-0d80-4e58-be5d-d2d246fd9d87,Majid Jordan
2026,MD,d8fd8d9b-473b-4f06-83c8-869b1bb9de89,Bryson Tiller
2026,MD,07682f72-4962-4434-b2f0-364f48c16afe,The Furious Bongos
2026,MD,c3466a3e-b595-4eb8-ad40-f921b57bf125,Cole Larravide
2026,MA,2bbc7a00-ead2-42cb-85ae-1d666893e7ab,Aviana
2026,MA,9ea7c031-a2d0-4a89-b469-72b51c47417c,Ricardo Montaner
2026,MA,f92ce671-e248-4478-9d97-b3c654434ccd,fromjoy
2026,MA,c4a3dc14-e745-4ca8-af27-e89ff19232d3,156/Silence
2026,MA,5f7595e4-0a69-429b-ada6-cc285ff69c82,Mr.Phylzzz
2026,MA,75955486-1f6c-4c26-bda4-d996b6ead56e,HEAVENSGATE
2026,MA,f035837e-4117-438d-a524-cacf43500e68,Descendents
2026,MA,e63eb958-783d-4b15-bc77-e0a0c5eb189f,Playing Dead
2026,MA,a81259a0-a2f5-464b-866e-71220f2739f1,ZZ Top
2026,MA,e1e05cce-3922-44e1-8f20-015abe5e309d,Social Distortion
2026,MA,aafe3816-2d68-4528-adda-d68514c940d4,The Chats
2026,MA,db859a53-b7ca-4892-bcda-5ef78d2c891f,Vader
2026,MA,ca891d65-d9b0-4258-89f7-e6ba29d83767,Iron Maiden
2026,MA,a9044915-8be3-4c7e-b11f-9e2d2ea0a91e,Megadeth
2026,MA,ef326b3d-61f0-4379-aca0-21237d696d63,$uicideboy$
2026,MA,ceba63c6-390b-4741-830f-6877a9869943,$lim Gucci
2026,MA,987d3d86-0d7a-4292-ae96-a8d59e456436,Destroy Lonely
2026,MA,5016b2b7-f44d-4876-bb8d-15d1bac41dd3,Shakewell
2026,MA,490edaab-6da3-435f-8129-2074ec63fff3,Dirty Sound Magnet
2026,MA,9b0a6218-d0ad-4131-8c80-53b8f78913ee,DRAIN
2026,MI,d800ce16-719b-46ed-8b5e-2c52a33a2013,Blue Snaggletooth
2026,MI,425780ef-6214-41cb-a867-4a3aafd4c6e3,Khemmis
2026,MI,043225b4-3c61-4aea-8644-9065306d3499,Monolord
2026,MI,5b24fbab-c58f-4c37-a59d-ab232e2d98c4,Danny Elfman
2026,MI,5508509b-5481-4341-94ae-209eb371afe7,Punch Brothers
2026,MI,f40856e6-079f-4a0a-916e-9e6a5e04f646,ADÉLA
2026,MI,d262ea27-3ffe-40f7-b922-85c42d625e67,Pitbull
2026,MI,1ff7da2a-885f-4f66-b1a2-14d93bf590d0,nate sib
2026,MI,418fe547-4bec-48fe-8df0-ed25e27f4570,NAV
2026,MI,0126b8e1-e562-440f-a4ed-a58be22ec810,Devil’s Cut
2026,MI,800760de-bdf8-43a2-8fe0-44a2401a5515,Young Thug
2026,MI,e43b7e0e-0927-4a66-8cd4-8a6bfb162bd8,Butcher Babies
2026,MI,7c89e6f2-5e39-450b-bce6-0b9bfe68d732,Chad Gray
2026,MI,8223a7bd-1b5d-4470-8f6a-1a026d1950a8,Big Life
2026,MI,593f8594-83ad-4df4-a9b8-e4d225f55440,Saves the Day
2026,MI,9e5fd95d-c0c1-412c-be11-06e7fbe99556,Ginuwine
2026,MI,3b5d9e3d-fd01-4152-98b7-a2d07331ceec,Gashounds
2026,MI,1f071d34-2537-49db-957d-64d98ee4b59b,Matthew Smith
2026,MI,b5b5bb27-56e2-4a8c-825e-b39525dc4bc8,Laith Al-Saadi
2026,MI,2469950a-f0ca-425a-bfbc-baf55ea3afde,Kool & the Gang
2026,MN,6bbb3983-ce8a-4971-96e0-7cae73268fc4,Jungle
2026,MN,07f13029-a900-45af-a306-e0a657655190,RIO KOSTA
2026,MN,295602fd-41de-46b9-a307-13620ac3ef32,Macseal
2026,MN,9e688a09-4475-41f2-a4fb-19d941bd207f,Aren't We Amphibians
2026,MN,219f330f-4b12-418a-a69b-451c3c2a7383,Ben Quad
2026,MN,fc6a16d9-5dfd-43b1-be98-ba49366d9f27,Dillinger Four
2026,MN,f7e2def5-8f1b-463c-9452-805a74a16bae,Cheap Glue
2026,MN,9eb8c6ae-2b63-4021-a3fe-5c66387bd3db,Dark Thoughts
2026,MN,4c722d35-c6a2-440c-aeb2-fe292ff1d633,Buio Omega
2026,MN,30cd76a5-eb39-4d26-9dce-0e7dadbdbb76,Drums of Navarone
2026,MN,5a5d32e1-f3d2-4fde-8b41-24a78e696b83,CeCe Winans
2026,MN,30cd76a5-eb39-4d26-9dce-0e7dadbdbb76,Drums of Navarone
2026,MN,30cd76a5-eb39-4d26-9dce-0e7dadbdbb76,Drums of Navarone
2026,MN,cf5359fd-a35e-408c-b452-b99ed11f992b,Prestigio del Norte
2026,MN,cf5359fd-a35e-408c-b452-b99ed11f992b,Prestigio del Norte
2026,MN,b3c4350d-67c2-4dd2-8b13-98c60d0dd838,Durry
2026,MN,cf5359fd-a35e-408c-b452-b99ed11f992b,Prestigio del Norte
2026,MN,a69e4f5a-7e14-4312-9058-80d2e0025d71,Harrison Street Band
2026,MN,088c5c10-53d2-4058-a37d-e728431b0db3,The Neighborhood Quartet
2026,MN,088c5c10-53d2-4058-a37d-e728431b0db3,The Neighborhood Quartet
2026,MS,1c42b705-d3fc-452e-93ee-d0030bdd70f3,Gin Blossoms
2026,MS,4a59229c-67b6-4577-8a32-1ff3c3b94371,Nirvani - A Nirvana Tribute Experience
2026,MS,f24df11a-7e35-4979-a4db-a3b2a170ce27,Jason Aldean
2026,MS,a8ad585a-2776-4531-a1cc-93b9a3c9d43b,Zebra
2026,MS,38ed4923-005f-4ba0-baf7-749269dfea29,Dexter and The Moonrocks
2026,MS,91faa7c5-c219-44d7-a07e-fa4ed6b22199,Dauzat St. Marie
2026,MS,0c9bf239-3e84-483e-b9a3-c27802b508a1,Parker Barrow
2026,MS,e4ec01e9-e01f-4660-aa73-11a098309fa2,Hotel Burgundy
2026,MS,40022d42-12b3-4c32-ab56-5e338b1aa1cd,Colour Revolt
2026,MS,027aac59-0aee-4da6-b3e6-05920cfff1ff,Becky Robinson
2026,MS,072131db-d0d0-4e62-86fd-f0e2d1ba89f2,Congress The Band
2026,MS,40022d42-12b3-4c32-ab56-5e338b1aa1cd,Colour Revolt
2026,MS,16243662-8538-4746-a0fb-0d15b5828b8e,Neon Trees
2026,MS,e2c00c56-8365-4160-9f40-a64682917633,Goo Goo Dolls
2026,MS,86729288-db03-4f1d-9fb6-f8191cd8076e,Scotty Austin
2026,MS,92d77742-6f1d-49cf-84ed-0cdb1e1c3599,NVSN
2026,MS,afa6387d-5235-4427-8e5d-437bcfeb988b,Josh Levi
2026,MS,8fea59f2-ffee-450f-9757-def553b73b19,Gabriel Iglesias
2026,MS,423f69ce-04bf-45dc-80ef-b74c50f2d335,The Almas
2026,MS,1d37b75a-1520-414e-90e5-50c4ea5770e8,Lowerline
2026,MO,c54e2f5b-b688-429f-8cc4-3eff17d308e9,Dark Chapel
2026,MO,357f5a24-1396-4b38-926d-c4bfeea1391b,Jonah Kagen
2026,MO,dacac911-b20d-4af1-afb8-df2c285e1388,Armed for Apocalypse
2026,MO,8564e236-ef8d-4867-a6bc-cdee1072e654,Zakk Sabbath
2026,MO,22ada323-e23c-4b60-9378-9e20f989ec4f,Squint
2026,MO,a8e935c6-3fcc-414c-900c-77e8170e7e7c,Black Label Society
2026,MO,5bb2a9c8-3505-4c45-9717-19f0f8f35425,Orgy
2026,MO,aa9ea04c-6d55-4244-9139-22c75bd19f97,Dermot Kennedy
2026,MO,2f6cf231-c233-406a-bf30-76d0fc4cfe66,The Barbarians of California
2026,MO,8601a656-4830-457c-a3f1-f25b105d1629,The HU
2026,MO,db9cbc9e-65b6-4221-a847-75981feb1c6b,Unsane
2026,MO,c995a379-60b9-404b-bd97-a7e2de0751d3,Rob Zombie
2026,MO,5dfdca28-9ddc-4853-933c-8bc97d87beec,Marilyn Manson
2026,MO,67f66c07-6e61-4026-ade5-7e782fad3a5d,Foo Fighters
2026,MO,5fff61bb-fc53-4839-9cbe-06cd76f79fa0,The Rush Tribute Project
2026,MO,0e6cc5e5-4f03-4993-a481-d70d0e354d9f,Extreme
2026,MO,eeacb319-8d4c-48e0-80a0-944e71c375bf,Tesla
2026,MO,db9cbc9e-65b6-4221-a847-75981feb1c6b,Unsane
2026,MO,26f07661-e115-471d-a930-206f5c89d17c,Mötley Crüe
2026,MO,66c662b6-6e2f-4930-8610-912e24c63ed1,AC/DC
2026,MT,9941a936-196a-4a62-ae53-a69cbc33f20e,Black Flag
2026,MT,2ec045d2-5710-4bb0-b34c-b191e2842b94,Tell Me Lies
2026,MT,d8343cb5-409d-4650-9d20-06546c9fadf6,The Iron Maidens
2026,MT,71d33de5-66a1-448e-a190-bfb12821534f,Traps PS
2026,MT,194272cc-dcc8-4640-a4a6-66da7d250d5c,Osees
2026,MT,d8343cb5-409d-4650-9d20-06546c9fadf6,The Iron Maidens
2026,MT,3c811c73-4fd1-4eeb-ad6b-cdf34df7ac2a,Dirrt
2026,MT,d8343cb5-409d-4650-9d20-06546c9fadf6,The Iron Maidens
2026,MT,0f0da09c-3940-4cb5-879f-4cea28907810,Bonnie Raitt
2026,MT,a417f0e5-2c14-445a-9a07-5a7ad2bdeafa,Jon Cleary
2026,MT,0f0da09c-3940-4cb5-879f-4cea28907810,Bonnie Raitt
2026,MT,0f0da09c-3940-4cb5-879f-4cea28907810,Bonnie Raitt
2026,MT,aeca7ba3-b23a-474c-935c-5d98c6f76733,Astraea Grow
2026,MT,d4eeabf6-6097-453f-a9e9-38a0bf0a1bb7,LAPÊCHE
2026,MT,09352d49-d40e-4506-800f-a099a5fe009e,North Fork Crossing
2026,MT,47771924-7047-4dbd-b6df-6c0f3bcb6677,The Young Dubliners
2026,MT,e88313e2-22f6-4f6d-9656-6d2ad20ea415,Lettuce
2026,MT,09352d49-d40e-4506-800f-a099a5fe009e,North Fork Crossing
2026,MT,5bbf0f10-4355-42cb-9d08-6b777a8a300d,Mt. Joy
2026,MT,b925a474-d245-4217-bc13-2e153d82bebb,Goose
2026,NE,3b4e83c4-bbd2-4d3c-bf81-b5aafe047767,Boy Seeking Band
2026,NE,5fff61bb-fc53-4839-9cbe-06cd76f79fa0,The Rush Tribute Project
2026,NE,3b4e83c4-bbd2-4d3c-bf81-b5aafe047767,Boy Seeking Band
2026,NE,06f9c474-0547-40fc-be3d-1ae6ce38abd7,Judy Collins
2026,NE,254b70d3-4aec-4c64-ac95-b13a1dbb30cb,Bruce Cockburn
2026,NE,d317c22a-49fc-47ff-8f0e-694222c3368b,Rend Collective
2026,NE,afae231f-6679-4a62-801b-ccb2a259fb3f,Deux Visages
2026,NE,adc0f033-95c2-4e0b-87bc-c23ed3f26ce6,Shinedown
2026,NE,82c0bfc1-5b8a-44a3-981f-87448604d181,Lakeview
2026,NE,0bfdef94-ba24-4649-addd-8afc74ce633e,Jason Cross
2026,NE,38ed4923-005f-4ba0-baf7-749269dfea29,Dexter and The Moonrocks
2026,NE,a244733a-bb19-442e-9cd8-ba02d68bdad9,Sweet Pill
2026,NE,bd33e83e-641f-4ba9-8e0a-116089666244,Bike Routes
2026,NE,3b4e83c4-bbd2-4d3c-bf81-b5aafe047767,Boy Seeking Band
2026,NE,aacbb26d-4b59-4beb-89e9-61adbeaba033,Heart to Gold
2026,NE,50bbf070-c38d-4206-8308-151bbd765500,Harvested
2026,NE,4b37e8d8-af26-438b-9ec9-bd5c0d4c91d6,Ty Myers
2026,NE,eb9d2383-3353-4a34-bf00-d4dc6c3096ea,Torture
2026,NE,76ed3b2a-2c77-45e5-8d28-c598aa427fb0,Twistercult
2026,NE,7c89e6f2-5e39-450b-bce6-0b9bfe68d732,Chad Gray
2026,NV,044cb251-d596-40e2-a4a8-6b2943af05c9,Diesel Boy
2026,NV,cfb1c147-1046-4921-9c53-d3a226ebdb0b,Mad Caddies
2026,NV,ccc1c455-814d-447a-80a8-259a259eab17,The Erections
2026,NV,4d3a46dd-7156-448b-a814-6c51465f42b2,Who Killed Spikey Jacket?
2026,NV,dbf7c761-e332-467b-b4d9-aafe06bbcf8f,G. Love & Special Sauce
2026,NV,e4a135d0-1948-4620-bc07-b0217d09ccc1,Screeching Weasel
2026,NV,deeea939-7f89-4762-b09f-79269cd70d3b,Queensrÿche
2026,NV,a39acc4a-985e-4173-a9ed-f325f2d3bc1c,Steve Aoki
2026,NV,db8efd58-7cd0-4ca8-a538-14ad6b44640b,Carin León
2026,NV,9862fd7e-0ee2-4398-a22f-b27b3c478973,Slaughter
2026,NV,598ded27-65cd-481b-b1d1-173f03e459de,BLOND:ISH
2026,NV,c234fa42-e6a6-443e-937e-2f4b073538a3,Chris Brown
2026,NV,eb014c50-8a83-4793-8589-e0e26bc8300f,Bohemian Queen
2026,NV,6f81b180-c128-4779-a136-f195cbb2011b,Zeppelin USA
2026,NV,eead7215-59da-45f5-b719-62f349ef4133,HUGEL
2026,NV,3414d446-735a-443c-931f-10634f57e5b9,Usher
2026,NV,28fd67e8-573c-4cdd-a37d-8b74af74109c,The Queers
2026,NV,875203e1-8e58-4b86-8dcb-7190faf411c5,J. Cole
2026,NV,301b45a4-b8b9-410e-8344-4b4eaf96691a,Marshmello
2026,NV,886dc0c9-3351-4d2d-b762-060cf1e66929,FISHER
2026,NH,0d32d0c9-69aa-407c-93e3-92b72e471d37,The Fixx
2026,NH,59cc681e-becf-4df3-992a-24d8ac99e492,Colin Blunstone
2026,NH,1bfdec2c-0cbd-4a98-9b2b-59689c509a85,Peter Asher
2026,NH,cbf71c15-17c2-484f-8406-cfce12fd3e46,Reverend Horton Heat
2026,NH,050c59c3-12d7-4d7e-b890-9ebcf0caa85d,Messer Chups
2026,NH,a9e5337b-0608-4401-91d4-18ab4cf47ff8,Peter Mulvey
2026,NH,3e3dae82-05b5-41ff-97c9-d69648a16a80,Lukas Nelson
2026,NH,d45b7f71-0e6f-4c2d-a28a-f3ec80166ce9,Flatlands Trio
2026,NH,e33e1ccf-a3b9-4449-a66a-0091e8f55a60,Tedeschi Trucks Band
2026,NH,c8005a9e-c03b-4c6a-b62d-25695fe71474,Flywlkr
2026,NH,8242c3b0-2e6f-4fc0-91c8-8bbe68bc3318,Pointless Culture
2026,NH,c27fb8a7-396f-4727-8101-3e8c91df8982,Spose
2026,NH,bc01f01c-a401-40d8-9472-b377ac33af05,George Thorogood & the Destroyers
2026,NH,d39f9276-32c1-4b84-9389-d77dbc3801ae,Montgomery Gentry
2026,NH,cbf71c15-17c2-484f-8406-cfce12fd3e46,Reverend Horton Heat
2026,NH,c2271c36-4530-452c-a4ce-6b55e1ba8a8a,Reverend Horton Heat
2026,NH,a81259a0-a2f5-464b-866e-71220f2739f1,ZZ Top
2026,NH,61978e50-2024-4f44-b12b-21c6fd1daea6,Vanna Pacella
2026,NH,66816cce-6ee4-4600-a21c-756797c9d1b5,Savoir Faire
2026,NH,050c59c3-12d7-4d7e-b890-9ebcf0caa85d,Messer Chups
2026,NJ,b3ae82c2-e60b-4551-a76d-6620f1b456aa,Melissa Etheridge
2026,NJ,b90bf88d-53bf-4257-a151-95d9848fd90c,VIOLENT VIRA
2026,NJ,eaed2193-e026-493b-ac57-113360407b06,Halestorm
2026,NJ,27e2997f-f7a1-4353-bcc4-57b9274fa9a4,BABYMETAL
2026,NJ,65e60a4a-4e52-48b3-ade4-bdfed2c94b3e,Mom Jeans.
2026,NJ,c605445c-13ca-4cd2-bbc2-d5195004fe7f,Harrison Gordon
2026,NJ,5c0d31ec-8d1a-4d60-99f0-7d44ec75f6b8,Sobs
2026,NJ,d0253b92-b385-409e-bd34-bb894022b8c2,Crickets and Cicadas
2026,NJ,1bddbc20-a142-497b-8768-8ced01d46fb4,Colleen Green
2026,NJ,8891adcf-643f-4516-903d-9332a7580469,Circle Drive
2026,NJ,bf957aab-0ad3-451c-b1ee-9201cfdcc8f0,Trey Cunanan
2026,NJ,1acd82cb-51cb-4634-946c-f6eda3d5de5e,lolitslea
2026,NJ,e286d87d-65f1-4aa6-b7d6-35429e62e110,Necrogarden
2026,NJ,ebe3ee2e-938b-438e-9901-efa8891ab1f3,The Rote
2026,NJ,854a1807-025b-42a8-ba8c-2a39717f1d25,Breaking Benjamin
2026,NJ,29cb45d6-d339-4ab2-a2e2-40715aa9f3bf,I Set My Friends on Fire
2026,NJ,93820dd4-86f7-4541-800f-ceca10d32925,Kami Kehoe
2026,NJ,edf078bd-ab50-477a-9e3d-f4c0c1d3470b,STARSET
2026,NJ,8456e9f7-debf-4579-a86c-33a325a35d2d,Chevelle
2026,NJ,bbcdd0a6-a6ab-4df5-a1d3-40ec0ad2d014,Fire ‘N Ice
2026,NM,6d399877-9629-4877-9c0d-14df79b11ea5,Twin Temple
2026,NM,8c32bb01-58a3-453b-8050-8c0620edb0e5,Stone Temple Pilots
2026,NM,ac2d1c91-3667-46aa-9fe7-170ca7fce9e2,Godsmack
2026,NM,d60b3cac-e434-469d-8965-ead164d82a3e,Dorothy
2026,NM,bceba9d9-3a3c-4883-af65-e44bd5848169,Exile
2026,NM,8c893b5d-7947-455f-8a5d-90e4b26f7b2b,Will and Crystal Yates
2026,NM,f6e61750-a6b7-4d88-979b-052345cd0e4a,Sturgill Simpson
2026,NM,764fc76b-3fa7-48ea-992b-d5e8cba7fceb,Secondhand
2026,NM,1d86e3dc-f479-44b4-b75d-4ac77c1d6fff,Sangre Joven
2026,NM,0b33a6b7-f428-43f6-b3d1-67c8451e9efc,Cole Barnhill
2026,NM,9ad8aede-6938-48f2-93fa-908bc4da9ef6,Brantley Gilbert
2026,NM,0fb711af-c7ba-4bdc-b0b6-b8495fc0a590,Dwight Yoakam
2026,NM,7e0e4f8f-8f6c-40a6-94d4-376c09b6bca3,bosses
2026,NM,4f554f8f-990b-4060-b407-0226fd5497d6,Faetooth
2026,NM,f6273305-7947-4565-b791-cc968c8c7c0b,Good Terms
2026,NM,008a237e-2935-4867-a8f2-0430b28d6e2f,Fea
2026,NM,dba8dd97-9563-4293-9610-3a97845d984a,"Right On, Kid!"
2026,NM,67326bf7-14a0-4993-b443-d2314f80491e,Stateside
2026,NM,ca30c03f-c70c-45e9-a776-ebf9ee987019,Savings
2026,NM,87a73cf0-ebdf-483d-8b5a-3db1e5e72122,Drowning Pool
2026,NY,7eb1ce54-a355-41f9-8d68-e018b096d427,Harry Styles
2026,NY,61ee1029-4f35-43ce-83dd-2eb8d4eef85e,Omar Courtz
2026,NY,d1515727-4a93-4c0d-88cb-d7a9fce01879,Jamie xx
2026,NY,053c3c45-559a-4af7-adee-6cf3c7dd82c1,Sincere Engineer
2026,NY,a8797304-f0b3-497b-a592-c09eac0fd9c8,Mike D
2026,NY,e167a029-fd9f-43c1-96c2-c3da6b15164f,Xavier Wulf
2026,NY,c113d7a7-2b22-49dc-886b-366ee68577cb,Justin Hayward
2026,NY,4b005b3f-0c17-4b07-b2e3-82b09b6650e3,Kaonashi
2026,NY,2ba41fe0-2e62-42d9-aa6f-3342aeaa8765,The Jess Novak Band
2026,NY,f95a9781-341b-45ed-aac8-014c8371b3b9,SMUG LLC
2026,NY,9b4f5865-eeba-4b00-9b54-d3c2ec9fbdf9,The Callous Daoboys
2026,NY,8221af92-1d5e-4150-8bb2-e6e2e402c228,Wielded Steel
2026,NY,2b3d97a1-8b7d-4f67-8704-d0efc6be7b63,Stay Inside
2026,NY,52716ea9-a33f-4e00-aaec-4a2fd68fb121,Girl of Glass
2026,NY,5fd29907-c3c5-4b1d-a799-7cf9bbd288fc,Angine de Poitrine
2026,NY,5051e55e-0788-4573-9eef-597f0db3baae,Jim E. Brown
2026,NY,e79dde40-8b35-4105-89f8-a5b0afbfd43c,Emperor X
2026,NY,eda7da10-0b65-41df-ac36-9c83b7017f7a,The Weather Station
2026,NY,61ee1029-4f35-43ce-83dd-2eb8d4eef85e,Omar Courtz
2026,NY,5f7595e4-0a69-429b-ada6-cc285ff69c82,Mr.Phylzzz
2026,NC,b4b5b5a7-feff-47d0-9458-83d0d135a692,Hayley Williams
2026,NC,2ed27ddf-8e93-4819-9aee-2eb5d2b9e3a0,DJ Moon
2026,NC,ac7e838c-3d95-47c2-92a9-81767ad7c217,Empire of the Sun
2026,NC,860d7dc2-618d-437e-a3bb-7b91c2d40095,Ken Carson
2026,NC,da08fa56-7311-4008-8592-d25aa4dd23ff,MEMORIALS
2026,NC,57613605-bb93-444d-980a-6e107692b958,Midnight Generation
2026,NC,68c261d5-48c8-4ea9-9466-9fc908dc79bb,Magdalena Bay
2026,NC,f7d8f1ce-6a72-422a-b746-22137b3a05d0,Rico Nasty
2026,NC,b7ea87e2-edfc-427f-a766-83c65c01166c,prettifun
2026,NC,963a7d48-5995-4751-aef8-6727cb879b9c,Fires in the Distance
2026,NC,155cfd40-dcde-471e-acc0-32179916165c,xaviersobased
2026,NC,1d9ec7ea-0fa4-41d9-917b-723c735ebbfe,Polo & Pan
2026,NC,5c14e10e-735e-4108-a8a5-74d8771672da,ERRA
2026,NC,76062de0-03b9-4247-837d-862ac9de877f,vianova
2026,NC,4b69a44f-0aac-4824-a8df-cb17e9f7722c,Chamber
2026,NC,eb787615-da9d-4dd9-bc9f-feb3cb1092de,Resolve
2026,NC,f7d8f1ce-6a72-422a-b746-22137b3a05d0,Rico Nasty
2026,NC,68c261d5-48c8-4ea9-9466-9fc908dc79bb,Magdalena Bay
2026,NC,18ed5b9a-b236-47b6-b901-10b35d67b6db,Messa
2026,NC,b4b5b5a7-feff-47d0-9458-83d0d135a692,Hayley Williams
2026,ND,ff22ceb1-cf39-4e3f-8be0-fbcf09221bf4,The Rock Orchestra
2026,ND,ff22ceb1-cf39-4e3f-8be0-fbcf09221bf4,The Rock Orchestra
2026,ND,fa72ea16-35ca-4dd2-b11f-d26e6048531b,The MoonCats
2026,ND,38a0e55c-df71-408c-b157-77843d19867d,Dedric Clark
2026,ND,f0a4c8af-2b25-45cf-9b41-19171cf4d80f,John Waite
2026,ND,43767fbe-021e-4b32-a6ec-878040d31e9a,Death Support
2026,ND,1e535906-673f-413b-b540-666714e760b3,Laci Kaye Booth
2026,ND,3548b790-9f39-47d5-9398-15ecbc1140ed,Jake Worthington
2026,ND,6cfd7ffc-824f-4219-8e27-4b9417700f44,Brad Paisley
2026,ND,eb9d2383-3353-4a34-bf00-d4dc6c3096ea,Torture
2026,ND,1b69a7bc-7563-4aaf-a859-8b6050a7a0f2,Sawyer Brown
2026,ND,149c1cd5-9dfa-4e53-a5e2-06971c2577f0,Academy Order
2026,ND,149c1cd5-9dfa-4e53-a5e2-06971c2577f0,Academy Order
2026,ND,99845172-b367-4e07-8131-7930968fe9eb,TreeHouse!
2026,ND,7746d775-9550-4360-b8d5-c37bd448ce01,“Weird Al” Yankovic
2026,ND,149c1cd5-9dfa-4e53-a5e2-06971c2577f0,Academy Order
2026,ND,1b69a7bc-7563-4aaf-a859-8b6050a7a0f2,Sawyer Brown
2026,ND,e551c9a5-ad3d-4f80-a049-534a0e20cc0b,Puddles Pity Party
2026,ND,8cc5b76c-8a92-4701-bcab-ec864c9775ce,Hippies & Cowboys
2026,ND,f336e40b-2aa7-4c9d-a284-d9573f4bd8c4,Rootz Within
2026,OH,2fa45bbb-0efb-4950-9d40-94bf23cbfec1,Bone Thugs‐n‐Harmony
2026,OH,244dedfe-5e93-41ee-9679-71d4a2dfe215,Shreya Ghoshal
2026,OH,7c89e6f2-5e39-450b-bce6-0b9bfe68d732,Chad Gray
2026,OH,0126b8e1-e562-440f-a4ed-a58be22ec810,Devil’s Cut
2026,OH,e43b7e0e-0927-4a66-8cd4-8a6bfb162bd8,Butcher Babies
2026,OH,d1393ecb-431b-4fde-a6ea-d769f2f040cb,Kacey Musgraves
2026,OH,18696c37-c6b4-47c0-898b-5db77305b6a7,Winona Fighter
2026,OH,adc0f033-95c2-4e0b-87bc-c23ed3f26ce6,Shinedown
2026,OH,10a0ddcf-f35e-4706-ac6f-316454791545,The Simsons
2026,OH,0febdcf7-4e1f-4661-9493-b40427de2c13,Wu‐Tang Clan
2026,OH,425780ef-6214-41cb-a867-4a3aafd4c6e3,Khemmis
2026,OH,9f002247-124a-446b-b162-152279c2b9e3,Buck Naked Band
2026,OH,ecf65803-2fd4-4b0b-8629-af70220eeb81,Jimmie Vaughan & The Tilt-A-Whirl Band
2026,OH,f6dcd2e7-7914-4525-8701-daa2a279963a,Nathan Evans Fox
2026,OH,369d3523-46b1-4127-8664-128f214d0a65,American Aquarium
2026,OH,618b6900-0618-4f1e-b835-bccb17f84294,Eric Clapton
2026,OH,407592bd-6b6e-4803-80fd-f17e59446734,Lonestar
2026,OH,7a65385c-560f-46fd-ad2e-169a574e6b5c,Hilo
2026,OH,85e4c862-bafe-48a2-a7af-b87cc3d8a7f3,Shiner
2026,OH,35a6c45d-a6de-48dc-8110-cdc06c96be2e,Blind Boxing
2026,OK,609295c8-5587-4c22-b354-a40e71ddcf62,The Record Company
2026,OK,941109b5-51c5-4f4f-9d15-b8ae3ceb98bc,Autumn Kings
2026,OK,7b83c76a-7947-4b1a-a66c-2cb5ca9735c2,Keep
2026,OK,c1e98e4a-4628-4c89-a7a6-0e0171600b05,Minus the Bear
2026,OK,a8e935c6-3fcc-414c-900c-77e8170e7e7c,Black Label Society
2026,OK,91f32a6b-fc11-45b6-a243-4dd90eaee781,Ugly Kid Joe
2026,OK,e9e2a634-984f-4c10-bf7b-7970179e1ef1,Suicidal Tendencies
2026,OK,d4fe1194-6dd2-4a5d-bdaf-b2c481e79434,Cyco Miko
2026,OK,54f8c12e-571c-4c5a-9f79-5336b39e84b0,The Pretty Reckless
2026,OK,2f6cf231-c233-406a-bf30-76d0fc4cfe66,The Barbarians of California
2026,OK,43f43a42-4ca7-4227-a9a0-7b5156c06596,The Violent Hour
2026,OK,bdacc37b-8633-4bf8-9dd5-4662ee651aec,Slayer
2026,OK,7a1eb805-2242-4daa-bd90-c1ed350e2e48,Insane Clown Posse
2026,OK,7449cc7e-5fe0-4fd4-9901-7e715391ee50,PRESIDENT
2026,OK,91e2e08f-abd7-44d6-9a84-b8a4afa8a265,Ill Niño
2026,OK,b0caf649-6cbb-4279-a511-d5b5a0a31a93,BIG ASS TRUCK I.E.
2026,OK,a521f1a8-a949-4dcf-ab33-94596cb02787,Militarie Gun
2026,OK,9d1818d3-0d61-4e76-b6c5-5b4883f792fd,Paris Jackson
2026,OK,a521f1a8-a949-4dcf-ab33-94596cb02787,Militarie Gun
2026,OK,9556325a-3efb-46cb-a9df-7f5e7cff634d,Eternal Frequency
2026,OR,4d263664-5418-4f6c-b46a-36f413044e73,Pallbearer
2026,OR,cd5799f6-e6cf-4322-a659-96f5de4a2f6c,Altın Gün
2026,OR,045494aa-e913-4e62-bf4e-dcc276e0075a,Kelela
2026,OR,c5a0a216-c33c-42dc-92b8-4b60236f8dad,Andrea Bocelli
2026,OR,279ae894-037e-4058-a21a-e44dc8a8ca7d,Samia
2026,OR,7746d775-9550-4360-b8d5-c37bd448ce01,“Weird Al” Yankovic
2026,OR,4c76d2ab-cc32-47b9-8bfe-d382bed617f6,ROLE MODEL
2026,OR,e337c918-098f-418e-97a2-81dc224b1bf9,Dominic Fike
2026,OR,4d263664-5418-4f6c-b46a-36f413044e73,Pallbearer
2026,OR,535afeda-2538-435d-9dd1-5e10be586774,"Earth, Wind & Fire"
2026,OR,28fd67e8-573c-4cdd-a37d-8b74af74109c,The Queers
2026,OR,63aa26c3-d59b-4da4-84ac-716b54f1ef4d,Tame Impala
2026,OR,5b9dc76b-8574-4cb5-9496-ab1bc0d35c29,Brandon Flowers
2026,OR,7746d775-9550-4360-b8d5-c37bd448ce01,“Weird Al” Yankovic
2026,OR,e551c9a5-ad3d-4f80-a049-534a0e20cc0b,Puddles Pity Party
2026,OR,69ac44f7-c80d-47b4-9bc8-fcc758d209e6,Pond
2026,OR,b8964f14-e88f-4070-8ed1-fa18ac44e034,PIG
2026,OR,836d8ab6-8f06-4d92-ba15-93c62770765b,16volt
2026,OR,1397d045-1603-41fc-80b9-712c18360145,Bikini Kill
2026,OR,93b1828b-9d8e-48de-b879-c33dc262f127,Scott Allen
2026,PA,1d779dfd-d292-48b5-b232-a09687b9881a,Aldous Harding
2026,PA,b5c4ffa2-82e1-4b72-b7f3-c60afb74b860,Ray LaMontagne
2026,PA,eda7da10-0b65-41df-ac36-9c83b7017f7a,The Weather Station
2026,PA,dac87f81-e008-445a-ad1d-63cf65678e40,Anything But Human
2026,PA,4ed35152-5207-4101-8904-6cb5d159b545,CKY
2026,PA,8682866a-4f7a-43f5-83b2-06eabd0f2d4c,Alela Diane
2026,PA,ada86294-d23d-4e54-a764-570d090f0d8e,Flatland Cavalry
2026,PA,446b9a5d-fb89-45a8-a450-34802cf6f2fb,Scrum Force
2026,PA,d1393ecb-431b-4fde-a6ea-d769f2f040cb,Kacey Musgraves
2026,PA,2729d5b8-3576-4d56-9660-1a9986544274,Gates to Hell
2026,PA,51df475a-c3b2-4790-bc51-88795a42d7b8,Nice Strong Arm
2026,PA,eb9d2383-3353-4a34-bf00-d4dc6c3096ea,Torture
2026,PA,c29973c6-1a7c-401d-bce6-67b7240de677,Incantation
2026,PA,03f41e2e-6281-4712-937e-ef68666656ae,Drivin’ n’ Cryin’
2026,PA,697eba1a-bf52-46b1-a19f-4d7190b63e5c,Terror
2026,PA,40b7efb7-1268-4a80-b354-600afdcbe9e2,Hatebreed
2026,PA,f035837e-4117-438d-a524-cacf43500e68,Descendents
2026,PA,0be00607-ce75-41cb-b1c9-033f192739be,Creeping Death
2026,PA,c733c4e6-22a2-499d-ace7-17b832356aff,Gary Clark Jr.
2026,PA,1f9121e4-19c1-4ba7-8322-21c9228d570f,Idaho Green
2026,RI,9c55a73f-bbc2-4e50-8b5b-6aca01296694,Profanatica
2026,RI,1bfdec2c-0cbd-4a98-9b2b-59689c509a85,Peter Asher
2026,RI,59cc681e-becf-4df3-992a-24d8ac99e492,Colin Blunstone
2026,RI,c113d7a7-2b22-49dc-886b-366ee68577cb,Justin Hayward
2026,RI,1a9b4e0d-05e2-4491-83f0-a4a676283f99,Preservation Hall Jazz Band
2026,RI,4d9d1016-371a-4da6-a3c1-58559090a14b,The Suitcase Junket
2026,RI,e98c228f-f951-4609-a638-3dbb76a5b0fa,Quinn Sullivan
2026,RI,f59c13d1-0a23-46b9-808d-d7b3cd541db2,Jason Ingriselli & The Miles North
2026,RI,01b7d628-ecfe-48f9-8c0f-1afbde59761f,Roomful of Blues
2026,RI,66e5bc0f-7cc6-4e44-937b-4a92466f3c37,The Devil Makes Three
2026,RI,76fda896-7c2a-4e5e-a45b-d40acfb2080c,Yonder Mountain String Band
2026,RI,0d32d0c9-69aa-407c-93e3-92b72e471d37,The Fixx
2026,RI,6c4d81f8-8a34-4cda-9a4b-538c539b50f4,Tower of Power
2026,RI,da8ca929-0073-46ff-83e3-b2e2d3d52aff,Johnny Mullenax
2026,RI,f94cc3d4-9475-44e3-a43a-d973e5bb1b4e,Ward Hayden & The Outliers
2026,RI,d3118da8-ff3f-4396-9ddd-06168c875d56,Big Bad Voodoo Daddy
2026,RI,1149b96b-8d72-4cac-897e-a6ba5145d792,Los Texmaniacs
2026,RI,b53b9322-7d65-4b17-ae4c-9190d347fcea,Margo Price
2026,RI,a916ce0a-0ab7-4b2f-b169-2166b746e31e,Donna the Buffalo
2026,RI,77a64c47-e10a-4d9f-8818-71aec1c814dc,HONG KONG FUCK YOU
2026,SC,60721379-e2cb-4f6c-badf-a8874c069db5,Catbite
2026,SC,fc0b6d53-d174-4b91-9c8e-dc0564275ff6,Cheekface
2026,SC,014a8d2b-5ddd-4dc1-8792-71c12f6fe6c2,Tand
2026,SC,b4b5b5a7-feff-47d0-9458-83d0d135a692,Hayley Williams
2026,SC,c3db8087-1148-4208-ba06-ba53f76d1ae5,Get the Led Out
2026,SC,f7d8f1ce-6a72-422a-b746-22137b3a05d0,Rico Nasty
2026,SC,68c261d5-48c8-4ea9-9466-9fc908dc79bb,Magdalena Bay
2026,SC,ca48bfb8-37c5-4a04-9837-a07975ee0cd3,Cracker
2026,SC,8d418822-4d8b-4c44-947e-d897eb3be8c4,Moon Taxi
2026,SC,c5c2f1bb-09db-429f-8f77-ed9dfe39a36b,NEEDTOBREATHE
2026,SC,3f5189d9-47c4-466f-849f-73e82cfc7dc3,Drew & Ellie Holcomb
2026,SC,8d418822-4d8b-4c44-947e-d897eb3be8c4,Moon Taxi
2026,SC,4ba1bd10-44fb-4335-a295-37f26c8a5f37,NOVELISTS
2026,SC,68ff4824-8451-481c-b4cf-57c2c64d8c00,Knuckle Puck
2026,SC,04f8dad4-de2d-4e98-8837-6a55075a9847,Pepper
2026,SC,9b4f5865-eeba-4b00-9b54-d3c2ec9fbdf9,The Callous Daoboys
2026,SC,52716ea9-a33f-4e00-aaec-4a2fd68fb121,Girl of Glass
2026,SC,b09de30a-09ac-4cc9-8812-49bb12e2bfa6,Bilmuri
2026,SC,4b005b3f-0c17-4b07-b2e3-82b09b6650e3,Kaonashi
2026,SC,e167a029-fd9f-43c1-96c2-c3da6b15164f,Xavier Wulf
2026,SD,a1a61d72-bfa9-4b8f-9468-2048112ea4f7,Walker Montgomery
2026,SD,508f4f83-26dc-4d21-98d9-1a8c04d5ad4a,Jake Owen
2026,SD,a1652aa0-8fae-4f6b-b914-6ab6a1291fdd,Nate Smith
2026,SD,5997b96c-1588-4417-baaf-40cfc5c11f48,McCoy Moore
2026,SD,2ddd167f-5b8a-4372-b350-6ad50493bac0,The Fray
2026,SD,298f4089-1948-44b5-b5e8-d5381f42362f,X Ambassadors
2026,SD,8b8018cb-6a4e-4695-bc31-0ebee8be41f3,Early James
2026,SD,d9c90718-d54d-4ccf-a92e-37a5415ce299,The Wallflowers
2026,SD,eb9d2383-3353-4a34-bf00-d4dc6c3096ea,Torture
2026,SD,c29973c6-1a7c-401d-bce6-67b7240de677,Incantation
2026,SD,2729d5b8-3576-4d56-9660-1a9986544274,Gates to Hell
2026,SD,40b7efb7-1268-4a80-b354-600afdcbe9e2,Hatebreed
2026,SD,0be00607-ce75-41cb-b1c9-033f192739be,Creeping Death
2026,SD,697eba1a-bf52-46b1-a19f-4d7190b63e5c,Terror
2026,SD,365247e5-db90-4d0e-bf2c-ca18b54fcab9,Cole Swindell
2026,SD,331f2273-19db-4989-b6c0-93a00be42665,Julie Eddy
2026,SD,9e60ea29-9607-4f7d-aa96-2092ef41f0d3,Andy Grammer
2026,SD,777065e4-09d8-4e62-ad5a-ca3d23c03c31,Steely Dane
2026,SD,01c68b57-e16b-47b6-9d68-a1d4bd32c1b2,Thunderstruck
2026,SD,abda62ca-e383-423b-a939-b14e1d0e38b0,Psychostick
2026,TN,3896a59d-3058-4797-94b7-864bc58ccd98,Roger Daltrey
2026,TN,56241616-665f-4f02-ba23-67ded8b1bdf9,Yacht Rock Revue
2026,TN,737871e3-3c1f-4a87-94e5-2789d3a379ea,Leslie Mendelson
2026,TN,9d397404-907d-4355-b5d6-299bae93f6d9,Volumes
2026,TN,3260ce89-5eb0-4c6a-89c7-379c0dfc2ab9,Kehlani
2026,TN,9b106beb-12b5-4525-8025-42e295a2b90a,Little Feat
2026,TN,62a678d1-1b0f-4f9c-80ab-9332d55cb999,La Reezy
2026,TN,373a4c98-a46b-48e4-86ec-f6ca65b4f438,Chance the Rapper
2026,TN,dc346e8d-b930-4878-b0f7-7e50e197388f,Durand Bernarr
2026,TN,91f32a6b-fc11-45b6-a243-4dd90eaee781,Ugly Kid Joe
2026,TN,60721379-e2cb-4f6c-badf-a8874c069db5,Catbite
2026,TN,fc0b6d53-d174-4b91-9c8e-dc0564275ff6,Cheekface
2026,TN,2edbe968-fd95-4ebc-843b-ba4367b23a33,Mic Harrison And The High Score
2026,TN,7db0110f-cc59-4a5e-91f6-c5b17be499d6,Kaleb Sanders
2026,TN,b6c834af-59ed-499b-b287-22e2ff4dba13,Lilly Palmer
2026,TN,6e8e3717-a62d-4a3f-886d-6a4e82507930,Arlo Parks
2026,TN,b52057bf-adbe-4d4c-977f-475e2d532fb3,Mugger
2026,TN,1e3fe453-eec6-4046-a225-d6eb0b1874ad,Black Guy Fawkes
2026,TN,115eda90-a9f4-4437-9e4d-513daa0d5f35,Murder by Death
2026,TN,885e66f0-8485-451d-9893-5552260b788d,The Kentucky Headhunters
2026,TX,229aac0b-3567-4bcc-b57d-76b865eb572e,Hotline TNT
2026,TX,bbc5b66b-d037-4f26-aecf-0b129e7f876a,Jimmy Eat World
2026,TX,8ed919fb-eaee-45a1-ba99-b3ede9ca5f1d,Pierce the Veil
2026,TX,6e8e3717-a62d-4a3f-886d-6a4e82507930,Arlo Parks
2026,TX,a521f1a8-a949-4dcf-ab33-94596cb02787,Militarie Gun
2026,TX,5d699179-8fa1-4085-ae27-8f7671aa6d52,Shady Nasty
2026,TX,321eaf5a-be21-4faf-a7a0-0a4e59e5ee29,Softcult
2026,TX,183e636e-d41c-43fe-a428-8a034eb20c7b,Theory of a Deadman
2026,TX,11b34f7b-42d0-4d16-a96f-f47a517cca7d,Return to Dust
2026,TX,bd743cdc-74a1-4669-bcf9-3942594dc09a,Citizen
2026,TX,bdbcdae9-c729-4693-963a-5d63ec77b58d,Dazy
2026,TX,89f4aebc-3498-4d17-ab29-525278eca5a7,The Marble Creek Loops
2026,TX,f66d378e-d9f0-4c5d-a4b9-0ee1b9fb2e09,Anxious
2026,TX,352bf6f9-521b-408f-aa88-cada70159528,Doom Scroll
2026,TX,eeb1195b-f213-4ce1-b28c-8565211f8e43,Guns N’ Roses
2026,TX,9bbbca84-c6a4-44ac-87b6-d7e8e7930bb1,Sparta
2026,TX,c5c2f1bb-09db-429f-8f77-ed9dfe39a36b,NEEDTOBREATHE
2026,TX,3f5189d9-47c4-466f-849f-73e82cfc7dc3,Drew & Ellie Holcomb
2026,TX,780873bc-db63-4803-9fde-a824b5049625,Meltt
2026,TX,7c0f0759-ac44-4403-b366-c0a89b808504,Chxrry
2026,UT,a417f0e5-2c14-445a-9a07-5a7ad2bdeafa,Jon Cleary
2026,UT,e188a520-9cb7-4f73-a3d7-2f70c6538e92,Adam Ant
2026,UT,0f0da09c-3940-4cb5-879f-4cea28907810,Bonnie Raitt
2026,UT,0509a681-a362-4800-9075-656041dccdbd,Squeeze
2026,UT,c21ff19f-cb3c-4a16-8884-30afda198cc9,A.J. Croce
2026,UT,b463a831-8ea0-40c4-9a56-34cfe0896931,Carnifex
2026,UT,eb55f2c5-e7dc-4697-9ed7-864438d10eb6,All Shall Perish
2026,UT,194272cc-dcc8-4640-a4a6-66da7d250d5c,Osees
2026,UT,3d36bd1f-a551-4b16-9cb5-3e4c68bc5f2a,The Nude Party
2026,UT,9941a936-196a-4a62-ae53-a69cbc33f20e,Black Flag
2026,UT,71d33de5-66a1-448e-a190-bfb12821534f,Traps PS
2026,UT,5ce64ed9-3015-4910-a2bb-1cd5c933de38,Sonny Landreth
2026,UT,33916802-4095-455f-80af-1b15bb7bc372,Life Stained Red
2026,UT,9ff12714-ef04-49b7-b144-7f41548650ed,Pollution of Soul
2026,UT,3224da86-b76a-49e8-887c-0b9633c8f195,anvilchandelier
2026,UT,dfd30131-6725-4051-bded-c3c418bb57e2,Drowse
2026,UT,f54d5085-e3cc-4b25-adda-4c3a100beafe,Felly
2026,UT,6ec0420f-62db-4ce5-91c1-c2dfb5efadf1,Allison Lorenzen
2026,UT,f278574c-df6f-435e-ab6e-c27b862d88b2,Simply Queen
2026,UT,70923a5d-d3ba-4ef7-9064-ea5f709aa076,Have a Nice Life
2026,VT,455bca5c-a40a-41e9-9bca-7345223e02c8,Wax & DJ Hoppa
2026,VT,c0bfa680-6c3f-4b79-8034-dacc23b929a7,Grieves
2026,VT,2eabf78f-61fd-43d5-a4b4-0e9b376d9849,Night Ranger
2026,VT,f11dfc70-8189-478e-87ba-97394f1eb6f7,Miki Fiki
2026,VT,c68635f5-731b-4455-bc7c-0ddc48d8af64,Bermuda Search Party
2026,VT,bc01f01c-a401-40d8-9472-b377ac33af05,George Thorogood & the Destroyers
2026,VT,a81259a0-a2f5-464b-866e-71220f2739f1,ZZ Top
2026,VT,9cd5ae46-cc79-477b-a866-64fd70991995,Joe Something
2026,VT,4a27848e-ffdc-45d2-bed4-f5d62b85dc3e,Sierra Ferrell
2026,VT,e4f19c6c-78ab-4c98-a3dd-e7446aa24f79,The Brudi Brothers
2026,VT,e98c228f-f951-4609-a638-3dbb76a5b0fa,Quinn Sullivan
2026,VT,7f794816-0be2-45fd-b000-dcb70f59dbcc,David Karl Roberts
2026,VT,7f794816-0be2-45fd-b000-dcb70f59dbcc,David Karl Roberts
2026,VT,58ee8ce2-895b-4f92-8dd5-7d2136378613,Invisible Homes
2026,VT,6acfb167-16f9-4f01-b08e-945e54ea4476,Brown Horse
2026,VT,76c850bc-ad54-497b-98b2-1764df024191,Andriana Chobot
2026,VT,76c850bc-ad54-497b-98b2-1764df024191,Andriana Chobot
2026,VT,5da30945-0d21-4a2a-9fbf-1af690eb66fc,Bob Wagner
2026,VT,421069ac-bd56-485e-9ebf-dc0f7413a75a,Timbo
2026,VT,9d89a121-c4b8-4709-8919-6bfa49b8c263,United States Navy Band Northeast
2026,VA,5c14e10e-735e-4108-a8a5-74d8771672da,ERRA
2026,VA,d8fd8d9b-473b-4f06-83c8-869b1bb9de89,Bryson Tiller
2026,VA,abaa7001-0d80-4e58-be5d-d2d246fd9d87,Majid Jordan
2026,VA,a92e181b-9d97-4442-8af2-a8967284c974,Elder
2026,VA,4a27848e-ffdc-45d2-bed4-f5d62b85dc3e,Sierra Ferrell
2026,VA,e167a029-fd9f-43c1-96c2-c3da6b15164f,Xavier Wulf
2026,VA,42916d40-d2ad-46a3-b0dc-bbdd1e1dc17b,McKenzi Brooke
2026,VA,a9630d3d-2a3b-4b51-903d-3b092abbc443,Bryce Vine
2026,VA,4776525e-811a-4f0c-be8e-b80fa90f1de1,Emily Zeck
2026,VA,ff865aa0-4603-4f79-ae8b-8735332e2cfa,Switchfoot
2026,VA,4a73f239-0257-45d4-8074-4c3310e67559,Platinum Moon
2026,VA,38373ad6-67fe-4426-82c1-8c8cf532215a,Isaac Burdiss
2026,VA,bd38cc7b-dc36-4a39-86cb-3579ba936f82,Danny Gatton
2026,VA,9b0a6218-d0ad-4131-8c80-53b8f78913ee,DRAIN
2026,VA,94c338ff-1985-4429-9dc8-997b61bb5932,B.o.B
2026,VA,f271248f-b749-46c8-83c0-e6aab071a580,Hello Sister
2026,VA,ceba63c6-390b-4741-830f-6877a9869943,$lim Gucci
2026,VA,f05c5eab-7638-4ff5-a7d2-3b88df7885e9,Abrams Bridge
2026,VA,692cc2b3-d531-4106-9c36-14cf476eae5a,Roberta Lea
2026,VA,0d50edeb-b943-4702-b3a4-3762871d5f1d,Anastasia
2026,WA,28fd67e8-573c-4cdd-a37d-8b74af74109c,The Queers
2026,WA,153c9281-268f-4cf3-8938-f5a4593e5df4,Soundgarden
2026,WA,d819acaa-9ca3-4de6-b462-dc2f843548a8,Mismiths
2026,WA,aab35942-f176-4f77-bbf9-1d6aa98ccf3f,Luke Bryan
2026,WA,5b9dc76b-8574-4cb5-9496-ab1bc0d35c29,Brandon Flowers
2026,WA,16cb4a74-225a-4262-a885-628083f12460,Mike McCready
2026,WA,d4ed6d86-48d7-4526-973c-4d2bdd3d5578,Evelyn’s Casket
2026,WA,d4ed6d86-48d7-4526-973c-4d2bdd3d5578,Evelyn’s Casket
2026,WA,cd5799f6-e6cf-4322-a659-96f5de4a2f6c,Altın Gün
2026,WA,045494aa-e913-4e62-bf4e-dcc276e0075a,Kelela
2026,WA,08c7a4f3-af21-4c6e-aa88-36ae2343473b,Fishy Mushroom
2026,WA,d819acaa-9ca3-4de6-b462-dc2f843548a8,Mismiths
2026,WA,c5a0a216-c33c-42dc-92b8-4b60236f8dad,Andrea Bocelli
2026,WA,24ac23ce-93a2-4605-adb3-c59f1147a245,Visions of Atlantis
2026,WA,2449300a-6ca7-45da-8102-22789d256475,Kamelot
2026,WA,df650352-f5ba-47d0-907b-3ac0ed6755bb,Frozen Crown
2026,WA,d819acaa-9ca3-4de6-b462-dc2f843548a8,Mismiths
2026,WA,fdf0d5e1-e773-4740-a50f-a032c96c63d3,MC Lars
2026,WA,d819acaa-9ca3-4de6-b462-dc2f843548a8,Mismiths
2026,WA,86f39ac1-7deb-46de-ac51-46f6d5a9cfdc,Buffy Miller
2026,WV,3ddb5fd0-3831-4ca6-931e-336ac03173a7,49 Winchester
2026,WV,609295c8-5587-4c22-b354-a40e71ddcf62,The Record Company
2026,WV,f4dbc6b5-b35f-4a54-a725-aafed02e81b6,The Living Fossils
2026,WV,61cc5357-8890-4887-8c37-51c3a7ea9755,That Arena Rock Show
2026,WV,607edb17-d439-48db-8482-da92167e4a59,Turnpike Troubadours
2026,WV,369d3523-46b1-4127-8664-128f214d0a65,American Aquarium
2026,WV,050c59c3-12d7-4d7e-b890-9ebcf0caa85d,Messer Chups
2026,WV,cbf71c15-17c2-484f-8406-cfce12fd3e46,Reverend Horton Heat
2026,WV,2cdd6de7-ccb9-450e-a20d-382407689d6a,The Wood Brothers
2026,WV,0330a83d-f61e-4989-adb3-afce3943c3ba,38 Special
2026,WV,81c5acfa-62c8-4a42-bb7a-9e3e03aea3de,Creed Fisher
2026,WV,02485294-ebf1-4441-a862-e3fd8cc87f5f,Wesko
2026,WV,0fb711af-c7ba-4bdc-b0b6-b8495fc0a590,Dwight Yoakam
2026,WV,d9c90718-d54d-4ccf-a92e-37a5415ce299,The Wallflowers
2026,WV,f792f7ea-7468-48e8-b5ae-651662d0325e,Murder Junkies
2026,WV,8c32bb01-58a3-453b-8050-8c0620edb0e5,Stone Temple Pilots
2026,WV,421e74fd-7fc2-4c8b-812e-dcfe90c8e7ff,Velvet Chains
2026,WV,92d2f132-77e8-403a-82bf-cbcb6c12cf52,Buffalo Wabs and the Price Hill Hustle
2026,WV,d819fd69-3e6f-4e3f-b6ac-965689eabd90,Matt Mullins and the Bringdowns
2026,WV,6e650a01-6489-4dc8-85e1-8ec809dd72a2,Saliva
2026,WI,b93c736f-a82f-4cae-9e57-a60b12d7055f,Texas Is the Reason
2026,WI,9b28f7ce-ba5b-4220-b1f3-ebaa9e2d1b70,Haywire
2026,WI,7b748dac-f5ce-45a7-9b95-c1d8b5b013ed,Turnstile
2026,WI,783cba69-1ee6-4806-b764-a711ceae4a90,Daddio
2026,WI,f0723a4e-f93d-4257-b799-1c24835b1852,Max Weinberg's Jukebox
2026,WI,0638ba22-040f-438d-83a5-9b670c4adaf5,Ludacris
2026,WI,eb9d2383-3353-4a34-bf00-d4dc6c3096ea,Torture
2026,WI,c29973c6-1a7c-401d-bce6-67b7240de677,Incantation
2026,WI,2729d5b8-3576-4d56-9660-1a9986544274,Gates to Hell
2026,WI,d9c90718-d54d-4ccf-a92e-37a5415ce299,The Wallflowers
2026,WI,6b62d0b0-5925-4ab0-bceb-eca7afbc7c74,Tropidelic
2026,WI,c866bf23-5150-4b10-9a8c-89d93a08ea6c,Little Stranger
2026,WI,40b7efb7-1268-4a80-b354-600afdcbe9e2,Hatebreed
2026,WI,0be00607-ce75-41cb-b1c9-033f192739be,Creeping Death
2026,WI,697eba1a-bf52-46b1-a19f-4d7190b63e5c,Terror
2026,WI,2566ca73-1dfd-49e7-ab20-dfa5697b360e,Max Weinberg
2026,WI,3afa378a-4a7f-46f5-b686-f41ee2287c0c,Kip Moore
2026,WI,8b8018cb-6a4e-4695-bc31-0ebee8be41f3,Early James
2026,WI,d3df7a7f-678c-4462-875c-d3f423ede27b,Damn Skippy
2026,WI,0e431661-0291-4fc2-90f2-a47e057e0a6a,Jarv
2026,WY,0f0da09c-3940-4cb5-879f-4cea28907810,Bonnie Raitt
2026,WY,a417f0e5-2c14-445a-9a07-5a7ad2bdeafa,Jon Cleary
2026,WY,62b914a7-d775-4bb4-bb5e-d46e7df115b5,Benson Boone
2026,WY,3c8b0e30-100d-4776-bee0-b2b65f1a3242,Emo Night Karaoke
2026,WY,4ac723f4-8be8-4a0d-a3ae-d5dda20f0a9a,Sofi Tukker
2026,WY,dae7874c-3428-4e16-be51-5cb1968c8a97,LP Giobbi
2026,WY,22c5cef9-80e8-48d2-acd3-6d16f6c8a16d,Lisa Loeb
2026,WY,16aae9fa-d8f7-4e2c-a907-44aee1ad67fc,O.A.R.
2026,WY,8e0fe7bd-bd17-4d25-9b68-1e6a60705477,Too $hort
2026,WY,a449973b-074b-4cf0-a4d6-f11fa2d1073f,E‐40
2026,WY,1efc3e10-961b-4f24-bb51-2cc8692b85a6,The Castellows
2026,WY,f3830a42-5c4c-4974-8ae0-bb19002629b0,Jordan Davis
2026,WY,984f8239-8fe1-4683-9c54-10ffb14439e9,Joe Bonamassa
2026,WY,09352d49-d40e-4506-800f-a099a5fe009e,North Fork Crossing
2026,WY,9b106beb-12b5-4525-8025-42e295a2b90a,Little Feat
2026,WY,09352d49-d40e-4506-800f-a099a5fe009e,North Fork Crossing
2026,WY,aa266ac7-d919-4132-982e-76cbd95591a7,Collective Soul
2026,WY,4486702e-7b26-43fd-babc-c0df7be0e1d9,St. Paul & The Broken Bones
2026,WY,2f360fd9-6440-4896-9f45-8156e8b0b204,Pedro the Lion
2026,WY,940c9b84-d312-4622-8be3-da95428d347d,Tim O'Brien Band
2025,AL,0145b8fd-b764-47c4-83b9-04f55ecd130e,Cervix
2025,AL,a4e93bd5-1e04-4e92-9d28-ea2e89a035ea,Snake Church
2025,AL,5a98fcd0-8152-42ed-b275-8d52bbeb4e9f,Decayed Spirit
2025,AL,bf7d389b-6d0d-4cdd-93b2-6219df691e15,Breuin
2025,AL,7881dd12-2e0d-454f-91ec-dabf66799735,Confusion's Prince
2025,AL,98d4fc6d-0ddf-4e65-a91b-3552e125d4c9,Acute Effect
2025,AL,e3f92c37-5572-4e3d-bbb2-a1c90909a608,Terminal Man
2025,AL,ea8e72d5-4162-4383-923d-7e1b948b7047,Bootprint
2025,AL,4a3522cb-ce57-4805-98be-64ccba4e1022,Lucency
2025,AL,71f8dac6-8e98-4d54-948c-770c408a0623,Chad Fisher
2025,AL,4a3522cb-ce57-4805-98be-64ccba4e1022,Lucency
2025,AL,756835ab-92ab-4189-91cf-89060b4dd1ae,Lorelei Taylor
2025,AL,919957d4-d2d8-4ed5-97c6-d7ffce2ab424,Tristen Gressett
2025,AL,8156a48c-dfe2-4f04-8e3b-aa2b36626c72,Firecamino
2025,AL,742e54f5-debd-4fc1-a7c1-00edf9b673a5,Eyehategod
2025,AL,3bc0a4d7-1484-4b8e-b4b6-360d3f3914c6,Appendage
2025,AL,43f43a42-4ca7-4227-a9a0-7b5156c06596,The Violent Hour
2025,AL,a4e93bd5-1e04-4e92-9d28-ea2e89a035ea,Snake Church
2025,AL,b82ba678-7919-40fc-b41d-aef1d10edebb,fauxdeep
2025,AL,dd559986-147a-45c6-ac01-45fc27295719,Tears for the Dying
2025,AK,b8db0440-1fba-4ea3-87fb-ea2d73ba6b93,Chainsaw and the Fine Particulates
2025,AK,5858a00a-a118-4553-b7d7-a2fcab99e092,Mourning High
2025,AK,6dfd0709-1021-4a1a-b4ba-a5a93c5b053a,Diles que no me maten
2025,AK,6dfd0709-1021-4a1a-b4ba-a5a93c5b053a,Diles que no me maten
2025,AK,6d9badae-6b86-4a1b-99ea-44c1f047ed63,The Portland Cello Project
2025,AK,4457056b-74eb-4104-a6c4-32eea03e0243,Wooden Wisdom
2025,AK,ad69ee19-9a7d-4fae-9a7a-1902b74feb1a,CRAY
2025,AK,8ac6cc32-8ddf-43b1-9ac4-4b04f9053176,Alien Ant Farm
2025,AK,30d639db-5c8f-494e-a937-460a4b67f3b4,The Bloody Beetroots
2025,AK,d0edd469-7697-47fa-9351-c17a22331afa,Marian Call
2025,AK,31810c40-932a-4f2d-8cfd-17849844e2a6,Squirrel Nut Zippers
2025,AK,5c5284c4-38b2-4018-b1ed-404d77fd2cf0,Neal Francis
2025,AK,132ca1ea-0891-420f-b129-50247bb144b5,Born of Osiris
2025,AK,8b579b9a-84ef-4975-884f-19e988cfc181,Cheat Codes
2025,AK,9b28f7ce-ba5b-4220-b1f3-ebaa9e2d1b70,Haywire
2025,AK,9b28f7ce-ba5b-4220-b1f3-ebaa9e2d1b70,Haywire
2025,AK,c02c2519-015f-48c2-b1e1-dbf643c5d8bb,David Spade
2025,AK,0fb711af-c7ba-4bdc-b0b6-b8495fc0a590,Dwight Yoakam
2025,AK,160629ab-ec18-4931-8c95-02cb92d06186,Foreigner
2025,AK,56c4b861-0922-4c3a-a9b9-3bfcb00f8274,Zedd
2025,AZ,78060634-9798-41dd-af03-eecdbf7b212a,The Color 8
2025,AZ,400e4358-13de-4dfc-8b33-a508727adc3c,Alex Okami
2025,AZ,886dc0c9-3351-4d2d-b762-060cf1e66929,FISHER
2025,AZ,b4516ec7-34f9-4659-8418-0b0dec960264,Troubled Minds
2025,AZ,9a5f4197-9416-4f84-8c92-9deb22daeafe,New Misphoria
2025,AZ,29ed4a49-fb99-4a5c-8713-609cabe6f34a,Kaskade
2025,AZ,293aa84f-e308-418a-b202-7d9c88479f1e,Mega Ran
2025,AZ,f576b153-85ea-4538-b28d-51c9552b50dd,Subtronics
2025,AZ,dde3d9b1-0e44-48bc-b0c9-d739b3570000,Tech N9ne
2025,AZ,52eea3eb-b79f-4b54-9575-e1e4199c5511,Tripwire
2025,AZ,64ee2e1f-04e2-4f5c-8396-a6e2836af6b3,Rock Addix
2025,AZ,0330a83d-f61e-4989-adb3-afce3943c3ba,38 Special
2025,AZ,e60dbba7-6f55-429a-bd22-5e9c6a87ae70,Bruce Hornsby
2025,AZ,c62327d3-df81-46ce-bd94-5bd3040f8699,GRiZ
2025,AZ,01c7ec63-c4ef-4756-bf9a-9d1c830d5516,my point of you
2025,AZ,5607e2d3-9606-44a9-a2d2-26e9eecb7845,Playboy Manbaby
2025,AZ,56c4b861-0922-4c3a-a9b9-3bfcb00f8274,Zedd
2025,AZ,8b647f96-23e1-4d87-8f82-b48946972dbd,Marley B.
2025,AZ,dde3d9b1-0e44-48bc-b0c9-d739b3570000,Tech N9ne
2025,AZ,e0f70ddc-b70a-482f-84d8-1caa43af7856,Cash Lansky
2025,AR,4d263664-5418-4f6c-b46a-36f413044e73,Pallbearer
2025,AR,7aafbcfd-6ddd-4e09-a586-f9030f82abae,Bulla
2025,AR,1d61c8a0-b875-41c7-a9d2-c67a175b33d4,Andy Frasco & The U.N.
2025,AR,abdefaeb-3dae-42f5-a5fd-8f0d4aee96dc,If Not For Me
2025,AR,bd0f203c-6d4b-4c44-89d1-63be9c60acc3,Rain City Drive
2025,AR,681b5ab2-b7dd-4dff-85e9-1e84503ad36a,Memphis May Fire
2025,AR,3e298f72-1ece-49c1-b843-058c05b09e4d,Nevertel
2025,AR,7e35a2e7-48aa-44ea-a730-483d00142200,BRONCO
2025,AR,89eb8924-fad2-401d-b812-c6c1b3ccba23,The Goddamn Gallows
2025,AR,700f0813-e644-4d2a-873d-62fb113d1e5d,Weedeater
2025,AR,7aafbcfd-6ddd-4e09-a586-f9030f82abae,Bulla
2025,AR,369d3523-46b1-4127-8664-128f214d0a65,American Aquarium
2025,AR,bfd51599-4f22-42f4-a253-86b269182e1a,Satan's God
2025,AR,b0caf649-6cbb-4279-a511-d5b5a0a31a93,BIG ASS TRUCK I.E.
2025,AR,b1ac5a5e-273b-480c-8425-cbbbedc84ba5,MAZENKO
2025,AR,6e019bc6-5c23-4935-94f0-4a896631d846,Jonas Brothers
2025,AR,50c629c6-6f22-4bf9-a3c2-f2855e6704be,Tommy Emmanuel
2025,AR,35b03a95-09e9-4653-8087-93baa5cf8c7a,First To Burn
2025,AR,e87c14c7-d22d-4f9c-b564-2d66af0cc120,HERIOT
2025,AR,1f5ff245-2837-4d4a-a609-e93e544478c3,Trivium
2025,CA,8958fe97-2a8b-49e5-bf33-7c65051c8c11,TAKAAT
2025,CA,79fb5edc-d40d-410b-93ac-1cf7887977a4,Lil’ Mo
2025,CA,e0fc22ed-6fff-4161-8ff7-a568cdbe7850,The Exploding Hearts
2025,CA,968fb129-2c95-4fd5-b195-86552ba45c94,Molly Tuttle
2025,CA,3f542031-b054-454d-b57b-812fa2a81b11,Yo La Tengo
2025,CA,35dac7d2-0b1f-470f-9a5a-c53c8821f6d6,Eric Prydz
2025,CA,99075985-0d80-4692-a15e-b16f78831792,Swedish House Mafia
2025,CA,2b9967c7-3246-4658-a561-ded5408dd9af,Los Lobos
2025,CA,e63e9f95-4b06-4595-b9d7-d60aaacd9c89,¿Qiensave?
2025,CA,29bdc1d0-dc34-4f5d-9c22-8b2d66421f49,The Dirty Dozen Brass Band
2025,CA,68eabc1f-f304-46cb-8015-6f9cb7af33c6,El DeBarge
2025,CA,51148489-bb4d-4187-8045-64d4237f8b7e,Yasawa Group
2025,CA,76a5a114-ed6a-4eb6-8a81-ad5768d4b41c,KC and the Sunshine Band
2025,CA,26e949f1-d1e7-430e-bbb2-324378ef8d29,Stu Allen & Mars Hotel
2025,CA,c046b587-5e98-4631-a5c0-e5d8e18d6b13,RL Grime
2025,CA,d7341f0b-fd3f-494b-9a82-eb92263c94ab,Meels
2025,CA,6c11309a-264e-4d39-a4c6-6f028c6da747,Starcrawler
2025,CA,96f6ec97-998c-4991-b836-7b71feb3ca6f,TOKiMONSTA
2025,CA,ea216da1-4b64-4efa-bdb0-5f7dcb0a5afb,Sunset Riot
2025,CA,80b3cf5e-18fe-4c59-98c7-e5bb87210710,The Roots
2025,CO,ec8e3cea-69f0-4ff3-b42c-74937d336334,Pigeons Playing Ping Pong
2025,CO,198382a4-51d3-4f9b-b043-d0260b442d92,Dead Floyd
2025,CO,5f43abf6-92a5-468a-a633-b73f94627972,ILLENIUM
2025,CO,29ed4a49-fb99-4a5c-8713-609cabe6f34a,Kaskade
2025,CO,2aaf7396-6ab8-40f3-9776-a41c42c8e26b,LCD Soundsystem
2025,CO,b6fa9b9b-41cf-45a6-adc0-0a4c9a8c0d3c,The Budos Band
2025,CO,e9787dd2-5857-4b51-8e59-a190a54820fc,The Polish Ambassador
2025,CO,0a7604d0-a712-4d5c-83cb-cc4ae3d01455,BoomBox
2025,CO,886dc0c9-3351-4d2d-b762-060cf1e66929,FISHER
2025,CO,733c6e6f-0306-403e-9243-82b16a4f82d8,Excision
2025,CO,56c4b861-0922-4c3a-a9b9-3bfcb00f8274,Zedd
2025,CO,68c261d5-48c8-4ea9-9466-9fc908dc79bb,Magdalena Bay
2025,CO,4632303f-ab7b-4a57-a5a9-93d3e0675065,The Dream Eaters
2025,CO,dc11d177-f625-40bc-95fa-972b20ae8149,Valentino Khan
2025,CO,d9adf6af-aab0-402e-9395-e09fe5c8a764,Sexy Coyote
2025,CO,1f804ef4-e3b2-430b-9cd1-883f234ea603,Gelli Haha
2025,CO,8ef74994-73f6-459c-a10c-56a16e07b362,FKJ
2025,CO,ee963a5a-2b2c-4aef-ac91-78ad06082cee,Kasbo
2025,CO,c2d13108-05dc-4599-bf8d-d952fe76f073,The Rifters
2025,CO,466c0d2d-d312-4a2c-a6aa-d23f85e82ea2,The Magic Beans
2025,CT,71df47cd-65a6-469d-88ea-11cf756faf28,Lespecial
2025,CT,8b7e6999-ea8d-4330-b06a-b522dff19470,Animonic
2025,CT,5fe7c6e6-07a3-4d7b-8e47-7ce7d6a97003,Leon Trout
2025,CT,4b1a830b-0a1f-42e5-b8d5-1d6743912e99,Creed
2025,CT,e9fa01fd-2171-4ce1-ba34-5a0dbe844bd2,Adam Ezra Group
2025,CT,52b9e109-44a0-45eb-a197-226c4abab232,Sevendust
2025,CT,74dc2e73-9d7a-4d78-b151-0b4c14b08f50,Stephen Kellogg
2025,CT,d3573f3a-6462-4794-b874-08a5b1272a43,John Oliver
2025,CT,f5e31fda-bbf5-4ab6-8194-bcc9209b53f8,The Romantics
2025,CT,7452788b-20b8-4181-9709-5d070a541005,Ryan Miller
2025,CT,b065c6e4-bb56-498f-9241-832e7e9d9d80,Matt Smith
2025,CT,b77d4419-5769-4f05-8f05-cfd97ed96bdc,Chris Frantz & Tina Weymouth
2025,CT,d5a4f63f-7b16-4a30-b55e-cdca61752ff1,Dave Schneider
2025,CT,d7471393-bdf1-429d-b000-ef6adf7e72df,The Zambonis
2025,CT,4e43632a-afef-4b54-a822-26311110d5c5,The Disco Biscuits
2025,CT,c433b570-1cb8-472a-bed7-4e24f94ea665,The Motels
2025,CT,bcabb743-60ed-406b-94da-9bf82e032e58,Men Without Hats
2025,CT,80038a3c-d174-4cd8-85d6-bd2599d078c5,Tommy Tutone
2025,CT,5a8cc407-7efb-4e94-9637-d5896395e754,Thomas Dolby
2025,CT,aaa436da-b331-4e58-a0fd-3d64d090c120,A Flock of Seagulls
2025,DE,0c9bf239-3e84-483e-b9a3-c27802b508a1,Parker Barrow
2025,DE,e3c0605d-ce8f-4679-b372-30d9c91ac6e4,Karl’s Garcia Band
2025,DE,84c7cb93-0622-4b90-8d53-ee2b4650097f,JD McPherson
2025,DE,471c36a0-7543-43ef-9d5c-046f54ed4b77,Melissa Carper
2025,DE,94dba818-73e7-4ee1-a8ed-894cef10552b,Soul Blind
2025,DE,429f9fbf-0a0b-4a9e-a88c-94d48aa466ed,Glassjaw
2025,DE,593f8594-83ad-4df4-a9b8-e4d225f55440,Saves the Day
2025,DE,cdc338ae-954c-4285-8dd2-ac67b948aaf0,Pressing Strings
2025,DE,f5ca0b95-4d51-4ca7-b24c-cff119d90a2d,J.D. Webb
2025,DE,e60dbba7-6f55-429a-bd22-5e9c6a87ae70,Bruce Hornsby
2025,DE,d0253b92-b385-409e-bd34-bb894022b8c2,Crickets and Cicadas
2025,DE,620a9ca2-b254-403f-9b03-7601b039c010,Jimmy Vivino
2025,DE,a88b6e64-db9d-4846-899a-5f977270f6f6,Black Polish
2025,DE,b146bf43-6d1f-447c-9dd8-955834be02a0,Obsolescence
2025,DE,31388273-6ebd-419f-82e1-dda50a733896,Rain: A Tribute to the Beatles
2025,DE,b44c7bf7-4837-4092-b423-7a55c9a13a56,Dream Fatigue
2025,DE,ffbfc446-f717-4c63-9103-587defe6cf8a,Vienna Teng
2025,DE,1801bd47-46ae-49ff-bfcd-6e01b562d880,Black Stone Cherry
2025,DE,d5765860-abca-4246-9e2b-fc2e55aeed81,Ayron Jones
2025,DE,9ed7ddd5-4dae-4367-8d69-8072c3bed6e6,Valendina
2025,FL,c458e9dc-e0d5-45ea-9e83-f9d0395f030d,Nicky Jam
2025,FL,f9fdca15-1bef-43a0-8213-758b6ee0aa91,Zeds Dead
2025,FL,e21e0137-b42d-44a5-abd6-c6ac160d0d7d,ACRAZE
2025,FL,4417fe3b-cc72-4f5f-9672-ae56a7eb1c11,Chained
2025,FL,ce17935e-abea-4459-8f4d-fb23e4827024,Ritual Killer
2025,FL,2ed61962-e04f-478f-a476-9d70aec39bed,Suffering Spirit
2025,FL,cd7df2ab-c974-4438-b440-baf38332d7aa,Gideon
2025,FL,3c921d41-7bf5-4bdf-a5f7-e62ee2e15466,Papa Wheelie
2025,FL,56620f84-f5e3-453c-8a21-a38644603ab6,Bodybox
2025,FL,2d5583be-aafd-41ec-addd-df85913855ef,Vanilla Ice
2025,FL,6e019bc6-5c23-4935-94f0-4a896631d846,Jonas Brothers
2025,FL,e430f7a4-c2dd-42c0-9dbd-0402aac59efb,Lilith’s Demise
2025,FL,b0403ca0-3cc3-4733-8937-bba4b4bbba97,Algorhythm
2025,FL,5c3c2e90-c8dd-4e03-b26d-cdbc40ed50bf,Pandora’s Box
2025,FL,4276e8fd-5797-4052-9e7f-a71c84399fb5,DJ Flatline
2025,FL,e54e065f-0ce6-4779-9a9a-afd7b997471f,Less Than Jake
2025,FL,c1281222-c989-4987-a87e-9a42a65727f0,Liquid Stranger
2025,FL,8e68819d-71be-4e7d-b41d-f1df81b01d3f,50 Cent
2025,FL,5ca35ace-4006-4d4a-af04-5cd91dafab14,Bi-2
2025,FL,89dd1790-9e8c-445e-b6df-d98b190fce15,TL Jentgens
2025,GA,1f672ee6-41ca-4a87-bca4-0a1dd5de0561,Royal Thunder
2025,GA,eeb41a1e-4326-4d04-8c47-0f564ceecd68,Baroness
2025,GA,3826a6e0-9ea5-4007-941c-25b9dd943981,Umphrey’s McGee
2025,GA,3797a6d0-7700-44bf-96fb-f44386bc9ab2,Widespread Panic
2025,GA,9235f0b2-17cc-4acf-aacc-4203a7ea018d,Radio Cult
2025,GA,3df37b59-161c-4a82-b76b-a5b9b69bdf1c,Nat Myers
2025,GA,1576a26e-f77d-47ac-87f2-4f610c141ac6,Blackberry Smoke
2025,GA,e2c435ad-e7e9-43c6-9736-ec464ac3f96d,Slerrrp
2025,GA,d7da6d58-ba63-411f-8c60-2219af3e3f82,Tier Blue
2025,GA,3826a6e0-9ea5-4007-941c-25b9dd943981,Umphrey’s McGee
2025,GA,7c1fc1d1-5c90-4299-9542-1b681fa9508d,interstellar Echoes
2025,GA,d139f0d4-8407-412f-b964-6b3640ba2ee0,The Waymores
2025,GA,b25f915f-989a-477c-8d8a-eafdce15fd2e,Airshow
2025,GA,3797a6d0-7700-44bf-96fb-f44386bc9ab2,Widespread Panic
2025,GA,f576b153-85ea-4538-b28d-51c9552b50dd,Subtronics
2025,GA,cb3d3e49-bf08-4cdb-bfa8-4dc7c458cea1,Rod Wave
2025,GA,a68dd495-8f33-493c-9832-3ef058c96034,After 7
2025,GA,3797a6d0-7700-44bf-96fb-f44386bc9ab2,Widespread Panic
2025,GA,f576b153-85ea-4538-b28d-51c9552b50dd,Subtronics
2025,GA,cb3d3e49-bf08-4cdb-bfa8-4dc7c458cea1,Rod Wave
2025,HI,e68b06a4-d47f-432e-89d8-db43c48a2726,Sammy Hagar
2025,HI,f6c6ff48-5198-47dc-a7c5-fd733dc379a2,Jake Shimabukuro
2025,HI,f6c6ff48-5198-47dc-a7c5-fd733dc379a2,Jake Shimabukuro
2025,HI,66fc5bf8-daa4-4241-b378-9bc9077939d2,Tool
2025,HI,f6c6ff48-5198-47dc-a7c5-fd733dc379a2,Jake Shimabukuro
2025,HI,db7873de-b0a2-4fdd-bd6f-23d66dbeeb53,Schism
2025,HI,f6c6ff48-5198-47dc-a7c5-fd733dc379a2,Jake Shimabukuro
2025,HI,66fc5bf8-daa4-4241-b378-9bc9077939d2,Tool
2025,HI,f6c6ff48-5198-47dc-a7c5-fd733dc379a2,Jake Shimabukuro
2025,HI,f6c6ff48-5198-47dc-a7c5-fd733dc379a2,Jake Shimabukuro
2025,HI,f6c6ff48-5198-47dc-a7c5-fd733dc379a2,Jake Shimabukuro
2025,HI,f6c6ff48-5198-47dc-a7c5-fd733dc379a2,Jake Shimabukuro
2025,HI,f6c6ff48-5198-47dc-a7c5-fd733dc379a2,Jake Shimabukuro
2025,HI,0ea427c8-07d4-4f9c-92c6-bc4e8241799a,Cirque du Soleil
2025,HI,b6b2bb8d-54a9-491f-9607-7b546023b433,Pixies
2025,HI,1ab57802-1987-4906-9d1e-4134fa2cce12,Eli Smart
2025,HI,1ab57802-1987-4906-9d1e-4134fa2cce12,Eli Smart
2025,HI,b6b2bb8d-54a9-491f-9607-7b546023b433,Pixies
2025,HI,70e77abb-efa6-46b7-b4b1-4e99e0264369,Falling Doves
2025,HI,8fea59f2-ffee-450f-9757-def553b73b19,Gabriel Iglesias
2025,ID,a5291637-73a1-43cc-9ca7-ab7262849c50,Grateful
2025,ID,e8cf7719-e3e7-4838-8131-0558f487ce3e,Jeff Crosby
2025,ID,097de7cf-904a-4f0b-9e0a-6982d544971e,John Val
2025,ID,097de7cf-904a-4f0b-9e0a-6982d544971e,John Val
2025,ID,95eb7859-1a62-4564-8e07-217f72ce29b8,Talon Smartt
2025,ID,1921a6d6-e3b4-4299-8ced-85d5773dd8c3,Looom
2025,ID,5f5d68dd-285a-4f06-9099-84eb3f85c65f,Postmodern Jukebox
2025,ID,701312f1-3bef-40fd-9144-e7d1280af6b7,Patterson Hood
2025,ID,c09d06fc-9867-4516-b382-d37c83f52ab3,The Lettermen
2025,ID,35214d53-009b-45d9-8a00-6664325b9e2a,OsamaSon
2025,ID,6c03ef9f-ff21-40eb-ba7c-68c1c724b26f,First Day Back
2025,ID,cdee470d-8167-4c15-808e-c4ce7fa3d6e7,Tape B
2025,ID,4e3e3f26-83fb-4904-9d79-87f643d587c4,Jeremy Jordan
2025,ID,3b42f505-d512-4fbb-a8b7-d7a8aa54b4c0,Public Domain
2025,ID,9639cd52-c351-4a17-9797-58880e95a7ef,The Mountain Goats
2025,ID,abdefaeb-3dae-42f5-a5fd-8f0d4aee96dc,If Not For Me
2025,ID,681b5ab2-b7dd-4dff-85e9-1e84503ad36a,Memphis May Fire
2025,ID,3e298f72-1ece-49c1-b843-058c05b09e4d,Nevertel
2025,ID,bd0f203c-6d4b-4c44-89d1-63be9c60acc3,Rain City Drive
2025,ID,325fc4f1-5bb9-4f58-a62c-b44e169f4b56,Flamingosis
2025,IL,2a20a10e-b2df-4876-b2e1-3eb9c98347ce,The Fantastic Plastics
2025,IL,054e2798-297d-4396-bb09-8bffda628e43,Pink Talking Fish
2025,IL,d4bbe641-fc33-46cd-b586-c493f87eb5c3,Davy Knowles
2025,IL,d5ccd5b5-44b5-497e-9829-d8f1b69f412c,Dehd
2025,IL,0f82d6b5-12fb-4569-b047-a00194f572a7,Fountains of Wayne
2025,IL,baaf92f5-f2b2-4f51-9723-abed41a257f8,Local H
2025,IL,b23f52ff-97b5-4563-94db-d38a31ba4fb2,Mr. Blotto
2025,IL,f5e84548-c820-47f1-aad3-ef9d11488bcf,ARRA
2025,IL,87892049-eeff-4b22-bb55-b522a1e348ea,Steely Dead
2025,IL,8d07ac81-0b49-4ec3-9402-2b8b479649a2,Sound Tribe Sector 9
2025,IL,a2447eb7-e77d-460a-94f6-ae3e1b3e811f,Terrapin Flyer
2025,IL,5d7c4cfc-29e7-4c83-8893-ae02679fc9f4,Bassnectar
2025,IL,01c68b57-e16b-47b6-9d68-a1d4bd32c1b2,Thunderstruck
2025,IL,ed241876-0c9e-4af9-b8d6-2dc41d3e438f,Shemekia Copeland
2025,IL,8dd216da-6db2-4130-9a7c-ece756d1394d,Old 97’s
2025,IL,bfbae723-228d-43f4-9ca7-03d8e337854f,DJ Mike P
2025,IL,46a4862e-2d0e-4129-b3e8-bf04b134da50,Fig Dish
2025,IL,f8a31597-1063-4dd1-8f59-cc2939b9025d,Child Seat
2025,IL,1789b5dc-e2ea-47aa-9ca0-48596dbb5091,Sextile
2025,IL,373a4c98-a46b-48e4-86ec-f6ca65b4f438,Chance the Rapper
2025,IN,ec32c859-a793-4f22-9b9b-aae97777bfbd,Chorin
2025,IN,2c1c9fc1-44e3-4dde-af20-ca85d96ec500,Mr. Clit and the Pink Cigarettes
2025,IN,8374fe36-ccb2-463b-89c2-5f37a264400f,Dizgo
2025,IN,5ccb9a53-092d-4806-b337-470a582893d7,Lit
2025,IN,d79ed0c6-8b02-4c41-8902-24f9cf5f32c7,Squeaky Feet
2025,IN,8374fe36-ccb2-463b-89c2-5f37a264400f,Dizgo
2025,IN,d79ed0c6-8b02-4c41-8902-24f9cf5f32c7,Squeaky Feet
2025,IN,9258506f-6534-42a0-aeba-c30d7d762ebf,Putricine
2025,IN,f8252d39-2e99-48f2-b8d9-60f3e668d524,Boy Hits Car
2025,IN,f10177e4-b7f7-4e63-92b6-c805c6cc54d6,Nonpoint
2025,IN,b8a151c0-5ae7-40de-84cf-a0f00b765a0b,aurorawave
2025,IN,20a6ad96-4715-4ba1-b3b1-7d5565c29a3e,The Blue Side
2025,IN,20a6ad96-4715-4ba1-b3b1-7d5565c29a3e,The Blue Side
2025,IN,acfa370d-1fad-42b5-b728-687c12af36a7,Recaptured Journey Tribute
2025,IN,61cc5357-8890-4887-8c37-51c3a7ea9755,That Arena Rock Show
2025,IN,221af8ba-bce4-48f1-a19b-d9562274dc0f,Six Foot Blonde
2025,IN,bf2e15d0-4b77-469e-bfb4-f8414415baca,Public Enemy
2025,IN,92862d64-971f-4ca5-982a-a3ed32ec5ee9,Hemlock Row
2025,IN,9bef5751-1bd8-40a4-b0ab-8799db95e865,The Why Store
2025,IN,d6ff5a2d-6a79-4f10-9e48-be8a5d111f30,Herman’s Hermits Starring Peter Noone
2025,IA,3ed77dd2-d9cb-4258-9a8c-62bced7c75b6,Lipstick Homicide
2025,IA,d70968a9-8148-40ba-be70-a15123c20c07,Miracles of God
2025,IA,5dafbfd3-dd1a-40e6-bf42-bf9494739c34,Crimson Mask
2025,IA,ebc488a4-2e43-4be7-886c-c5c3fc281ee0,CRACKER JACK
2025,IA,c4153c51-b4ac-4183-beb3-c5dbfce39176,Cursive
2025,IA,5e1dbdb2-87ac-41ff-9960-4a42a872327a,AJJ
2025,IA,c56a68b5-8c91-4913-b19c-2fa2960f4c78,Liverpool Legends
2025,IA,2e9b8ef9-ca67-47cf-ab9f-ba84995e2947,Nongrata
2025,IA,0b549609-7b56-4e9a-8cbc-4262388ccaf7,Cedar County Cobras
2025,IA,eabf233a-863b-4571-b6e4-a1887d3ab724,The Spooklights
2025,IA,7b47a1e1-9c45-454f-af0d-ac70b6b3e564,Kevin Gordon
2025,IA,26c45c29-a098-4b1d-a566-21188977cd00,Euforquestra
2025,IA,407592bd-6b6e-4803-80fd-f17e59446734,Lonestar
2025,IA,e6d0179f-b899-4563-b6c6-88715aaae0b8,LFO
2025,IA,138f4ce4-57e8-4a5d-bd24-1e9bb508baae,Chris Kirkpatrick
2025,IA,5b5b5410-29d7-478a-94ca-bffa06c73579,O‐Town
2025,IA,a78276fb-18f7-43be-8b73-5a5bc690ca54,Ryan Cabrera
2025,IA,b2905cf4-10cc-46e2-a2cb-8b40ade3138d,Teenage Bottlerocket
2025,IA,0322ce57-59fb-449b-8378-48645b107650,Rodeo Boys
2025,IA,d6ff5a2d-6a79-4f10-9e48-be8a5d111f30,Herman’s Hermits Starring Peter Noone
2025,KS,2ae78146-7b6b-4d15-8fd6-ff4131e270c3,Greg Wheeler and the Poly Mall Cops
2025,KS,687074b9-d4d0-4ea4-aa48-9c11db7299a7,Headlight Rivals
2025,KS,01dab8e8-0fbe-47ee-ba32-1608514c5abe,Pink Fuzz
2025,KS,d2d9fa73-81b3-4c11-a8ab-20e33d59fc95,Ultimate Fakebook
2025,KS,c56a68b5-8c91-4913-b19c-2fa2960f4c78,Liverpool Legends
2025,KS,922a18b1-0aba-4868-8f38-2aa4f324fe16,Mannheim Steamroller
2025,KS,2b7f7d1e-ec62-4c39-b54c-2f09df1136b3,Drifter
2025,KS,c6266c3a-16ca-48c2-9f9f-34380117e6bb,Aprilmist
2025,KS,4ea75931-efa7-4ce0-b8b0-4130b99cf89e,Arkansauce
2025,KS,8564e236-ef8d-4867-a6bc-cdee1072e654,Zakk Sabbath
2025,KS,60f76155-7b6d-446c-8a84-35a46d103134,Bonfire
2025,KS,178131a1-bb63-44dd-8097-a5ac99933c30,Home Free
2025,KS,c54e2f5b-b688-429f-8cc4-3eff17d308e9,Dark Chapel
2025,KS,369d3523-46b1-4127-8664-128f214d0a65,American Aquarium
2025,KS,81908e12-0321-41e9-b6f2-495ffabbd9ea,Blue Cactus
2025,KS,2ae78146-7b6b-4d15-8fd6-ff4131e270c3,Greg Wheeler and the Poly Mall Cops
2025,KS,5cca49ac-0b1a-4e4f-8541-b23cd109c3da,SIPPY
2025,KS,f8b31706-94da-4216-b96d-34b35d0775cf,Wreckno
2025,KS,6e019bc6-5c23-4935-94f0-4a896631d846,Jonas Brothers
2025,KS,40c857d5-6ab0-41f4-aa1d-7614a79a0686,Post Animal
2025,KY,3eadc410-bb9b-4147-96cd-bf7c5bd38dc7,LAMPUS
2025,KY,0638ba22-040f-438d-83a5-9b670c4adaf5,Ludacris
2025,KY,f44d8b51-1a4e-4e7a-9fb4-139c1c4252bc,tipper gore
2025,KY,5af0eacf-8891-4d1e-911a-58dc26370dd1,Bad Wires
2025,KY,bd512a37-3376-42f7-8a66-b608b4fa0a58,The Creekers
2025,KY,3eadc410-bb9b-4147-96cd-bf7c5bd38dc7,LAMPUS
2025,KY,8c05cb6a-2160-42be-a2ca-5d8c2a2d8f8c,Isolation Tank Ensemble
2025,KY,0a6fc6b0-27ce-486d-b780-f2cf9656b88b,Hangöverkill
2025,KY,390011af-a7dc-42d7-ab55-3b6810f45829,Lacey Guthrie
2025,KY,9af34a85-b7d5-4a3f-b00f-c55e80b48c9d,Second Story Man
2025,KY,2729d5b8-3576-4d56-9660-1a9986544274,Gates to Hell
2025,KY,3f9d04d0-f9f4-4d45-aa7a-eb3d78aa0049,Pat and the Pissers
2025,KY,437fc60e-281d-4f36-8a0d-b0e923959dce,PARKiNG
2025,KY,1801bd47-46ae-49ff-bfcd-6e01b562d880,Black Stone Cherry
2025,KY,f4ae1c56-28a9-46a2-bcf2-56015d6066b1,Ghost Affirmation
2025,KY,2469950a-f0ca-425a-bfbc-baf55ea3afde,Kool & the Gang
2025,KY,ff8e70f7-171b-4ebd-a7f7-2073c45709ed,Everyone Lives Everyone Wins
2025,KY,2fa45bbb-0efb-4950-9d40-94bf23cbfec1,Bone Thugs‐n‐Harmony
2025,KY,36f0e233-0d56-47d7-bd59-1f3203d40304,The Reverend Peyton’s Big Damn Band
2025,KY,bd512a37-3376-42f7-8a66-b608b4fa0a58,The Creekers
2025,LA,ed4a08e1-2a79-4538-b519-87bb2ee0fd9d,The Revivalists
2025,LA,5d95a2cd-81e5-4f65-a3c5-9f5766c9da03,The Rumble
2025,LA,037de8e9-8069-4efd-8768-7d5da1db3190,Sick Thoughts
2025,LA,b0714be4-6696-4a8e-86a5-863d1716dc97,Morning 40 Federation
2025,LA,19512841-4c67-4d5a-8070-5fe417272cc3,Sweet Crude
2025,LA,7b3df4f6-7f5e-4fd4-bb72-5b3930692d22,The Unnaturals
2025,LA,94e96fde-f3be-45f1-9c0e-9368c14af6e0,Dumpstaphunk
2025,LA,a13d7621-b81c-4cf5-87ac-eb7e86dda70f,Hot 8 Brass Band
2025,LA,3b2fcd46-700a-485e-89dc-4e74b9494936,Metal Master
2025,LA,9cbfec65-0242-47f3-834f-412aa0d8bd1a,Mechanical Canine
2025,LA,cabbdf87-5cb2-4f3c-be65-254655c87508,Galactic
2025,LA,988a5ea8-8d28-41e1-867c-a57ec7f5483b,Twisted eXistence
2025,LA,88acc4fc-f051-4e80-94b3-8042a9875876,Grey Areas
2025,LA,ed4a08e1-2a79-4538-b519-87bb2ee0fd9d,The Revivalists
2025,LA,13c39eaa-e46c-4e66-a84d-a534f804e450,Jon Cleary and the Absolute Monster Gentlemen
2025,LA,8400466f-4917-4a9f-a8fc-cd40bc2e0fc3,Kermit Ruffins & the Barbecue Swingers
2025,LA,7b4a9120-eeda-4606-a1a8-5ef59c6a21cf,Weather Warlock
2025,LA,43d8ef11-2c5b-4faa-9b09-f71aaa93e3a9,Paul Sanchez
2025,LA,b719207a-dc82-40ab-bc8f-a91c1e225fdc,CJ Solar
2025,LA,2c69c10e-0bdb-4518-954e-4f9bc81130f5,June Yamagishi
2025,ME,1c108d4b-7965-4626-933a-a2bfc6bcef7d,Start Making Sense
2025,ME,f47fc54d-b334-4321-8218-00c5b11d4dd1,Gogol Bordello
2025,ME,e477d9c0-1f35-40f7-ad1a-b915d2523b84,Dark Star Orchestra
2025,ME,19578d18-720f-46ed-8cf8-9d3ae0afe47b,Vices Inc
2025,ME,13804e64-201a-42f0-80b0-510c457c840b,The Felice Brothers
2025,ME,adc89d4a-8580-49e4-bad5-d75fbe137584,Down East Dead
2025,ME,9123ba4e-d55f-4716-8e11-4e43546f4212,Pineapple On Pizza
2025,ME,054e2798-297d-4396-bb09-8bffda628e43,Pink Talking Fish
2025,ME,44f2ad52-4897-4f18-bddd-892b4df5488a,Rigometrics
2025,ME,94c89f67-8c6e-4317-8186-8aad506bf2ae,The Milk Carton Kids
2025,ME,ed32056b-bb09-4f21-9509-6ee3a92bf50a,Dave Gutter
2025,ME,51bda9e3-1703-4024-aa0a-2992ff930cb9,Heather Pierson
2025,ME,b9223e02-ddb8-4748-87fa-94cef39385cc,OYSTAHGUTT
2025,ME,403bc4cd-602c-4b59-8379-05cb24f66aa6,Piebald
2025,ME,2d618060-c711-463b-a554-323ba13236bb,god.damn.chan
2025,ME,c27fb8a7-396f-4727-8101-3e8c91df8982,Spose
2025,ME,2d27f230-66c9-40f7-84b1-e9fdfcc61dcb,theWorst
2025,ME,adabaf13-ae27-4f2f-9809-3b0ede18e7da,The Wildmans
2025,ME,2cdd6de7-ccb9-450e-a20d-382407689d6a,The Wood Brothers
2025,ME,fa42e15b-e09c-464a-9b5f-b6e70843438f,Trawl
2025,MD,f4dbc6b5-b35f-4a54-a725-aafed02e81b6,The Living Fossils
2025,MD,9258506f-6534-42a0-aeba-c30d7d762ebf,Putricine
2025,MD,f76167bb-c117-4022-8b6b-54c796edf5c9,Dying Fetus
2025,MD,f625ebff-9d16-4209-97ec-f006fea3973b,Visceral Disgorge
2025,MD,5c0d3974-33d5-4f7a-bebc-8f50c057927e,Pig Destroyer
2025,MD,a2c42645-e62b-49cf-985f-59bb225ec26b,Weeping
2025,MD,4b005b3f-0c17-4b07-b2e3-82b09b6650e3,Kaonashi
2025,MD,d3573f3a-6462-4794-b874-08a5b1272a43,John Oliver
2025,MD,52b9e109-44a0-45eb-a197-226c4abab232,Sevendust
2025,MD,4b1a830b-0a1f-42e5-b8d5-1d6743912e99,Creed
2025,MD,74dc2e73-9d7a-4d78-b151-0b4c14b08f50,Stephen Kellogg
2025,MD,bf444c5a-f28a-485e-9eb8-22a8635c5707,The Majesties
2025,MD,d2f0a4fe-6c75-481b-9429-345142b91aba,Marie Herrington
2025,MD,5b2c392d-2306-4895-9511-eb71d3cad080,Olde(r) Love(rs)
2025,MD,cdc338ae-954c-4285-8dd2-ac67b948aaf0,Pressing Strings
2025,MD,11751f5c-6bce-4ddf-9388-44ea66e4ed71,Dave Heumann
2025,MD,ffbc0552-fd0d-43dc-ad01-e10498a362e1,Boat Water
2025,MD,cfade10c-0f1b-422e-98c4-d7d6980fcd29,Puzzled Panther
2025,MD,dc0d5e24-0ab3-4711-a342-a7fc92b35071,That Handsome Devil
2025,MD,cfade10c-0f1b-422e-98c4-d7d6980fcd29,Puzzled Panther
2025,MA,493f460f-0e59-4b9a-bb54-d7937121f6e7,The Clancy Tradition
2025,MA,37eb1271-fbed-4d15-94c4-073a9991c2ad,Booty Vortex
2025,MA,4ce5c27e-07b1-4062-8d6a-0ba3d70dcd71,Zoë Lewis
2025,MA,afcca32f-c202-4f18-8951-af79d483791a,Suede
2025,MA,835f0890-36cf-44bf-a0dd-cd84ee23462e,Winterpills
2025,MA,19578d18-720f-46ed-8cf8-9d3ae0afe47b,Vices Inc
2025,MA,4e43632a-afef-4b54-a822-26311110d5c5,The Disco Biscuits
2025,MA,2a64b5be-36ac-42ec-a59d-3a5fa96170c5,CrabGrass Bluegrass Band
2025,MA,26c594f6-80f4-49e8-a0c0-01953d23760f,The Barmaids
2025,MA,75f27492-3018-4b1e-aa04-60c31059a5c5,Max Creek
2025,MA,e7d458f6-e006-4d83-ba86-bf7d4d8985b0,Seth MacFarlane
2025,MA,c80912ea-e576-4800-9781-b111c5bcae1f,Matt Rife
2025,MA,4ae36ade-1798-48c4-b06b-cc68b7d3d83f,Porter Robinson
2025,MA,ab88030c-19bf-4059-9349-16f21ae63f80,Perennial
2025,MA,4e43632a-afef-4b54-a822-26311110d5c5,The Disco Biscuits
2025,MA,31445b1e-96f3-4c7f-84ec-dd02e647e690,DJ Snake
2025,MA,2ae1ff4f-4923-4521-81cc-d9cd5850c98d,Tractorbeam
2025,MA,f52139d2-dd2d-41a7-9c1c-365c6e38f5dc,Steve Rondo
2025,MA,13804e64-201a-42f0-80b0-510c457c840b,The Felice Brothers
2025,MA,f9908eb1-30ac-4fc9-929c-81fe2dcf2266,Dar Williams
2025,MI,518871f5-f8e6-49a2-b36e-22eed00d891b,Sonic Distance
2025,MI,e1b37030-0aea-492d-a311-b34630171090,Chirp
2025,MI,edda9154-92fc-4810-9593-cbca5798f1b8,Your Generation In Concert
2025,MI,edda9154-92fc-4810-9593-cbca5798f1b8,Your Generation In Concert
2025,MI,211be864-3ac9-4c0b-8475-4a5166c2bf9b,Custodians
2025,MI,b9474f27-d931-41b0-ad77-95ecbebd0be4,Ficus
2025,MI,0f6700b8-3287-43f2-9e21-3673b0abb910,Desmond Jones
2025,MI,930e343a-55ee-4230-baa4-02ece7132f51,John Ford Coley
2025,MI,deeabd29-88b6-4caf-a57b-e9e7526135e3,Peter Beckett
2025,MI,1fbed090-3b82-4766-b1e8-abab89e47417,Ambrosia
2025,MI,c0c71b1c-d524-44c1-bd20-04531270cc77,Walter Egan
2025,MI,0bc858a1-3573-4216-9423-c96dd8c72919,Twista
2025,MI,4854429b-66f7-41c0-a89c-030bb7ccf958,Jefferson Starship
2025,MI,1fe6717a-73b5-4e70-82c5-6b83a08c997d,Baby Bash
2025,MI,2e80ba15-ec0f-4bd4-b263-7e0671f38255,Ying Yang Twins
2025,MI,13bcb2bb-db37-4397-baf5-e0f085be2d64,Rick Ross
2025,MI,a39acc4a-985e-4173-a9ed-f325f2d3bc1c,Steve Aoki
2025,MI,d2b83114-af3e-4397-b570-10d81f1dd650,Trans‐Siberian Orchestra
2025,MI,f10177e4-b7f7-4e63-92b6-c805c6cc54d6,Nonpoint
2025,MI,b8a151c0-5ae7-40de-84cf-a0f00b765a0b,aurorawave
2025,MN,dc09ca45-8dc0-4df7-a65b-e8759c550571,Cole Diamond
2025,MN,58c4026e-b5b5-4368-8743-e5579d2b1a40,jigitz
2025,MN,ad50f07c-ceb2-4cb7-b55e-6b028971a364,ZELLA
2025,MN,9441ad60-6e7b-4453-8dfa-26d394b8226f,Critterthing
2025,MN,3800f057-098d-4875-967c-ed1874382c2f,Daniel Allan
2025,MN,2b568fdd-c742-47df-97a3-be929a827b75,IV Play
2025,MN,0397325c-796f-4c7a-8a1b-dc994559f5b2,Pat Donohue
2025,MN,090b6ce1-f50b-4e08-9e9d-30572741c252,3 Hour Download
2025,MN,2b9a32f0-80a8-4a36-986c-6c0e56eedd6d,Sophie Hiroko
2025,MN,11ed4af6-6c76-43cc-8bf6-6e7f03988ea6,Love Band
2025,MN,e135be4a-28ea-4097-8828-bc935d351e76,Quadragon
2025,MN,f7e2def5-8f1b-463c-9452-805a74a16bae,Cheap Glue
2025,MN,54b7e152-4bd1-476b-81e1-110cdf6401af,Laura Larson
2025,MN,219a8fce-2560-401d-bb9c-4e9c6865e36e,Grub Time
2025,MN,f3b52cbd-51f0-421a-88ef-25945f3629ff,Tommy
2025,MN,c8e2b334-0b40-4c13-8970-92c86e6369b8,Greg Norton
2025,MN,637b2bef-5224-4153-949a-9be781154bd8,Crypt.ID
2025,MN,4d462ede-fbf8-4049-9ce9-55360452081f,third date
2025,MN,459588fd-9d9f-4fb1-a43a-198de5bcf4d9,Dylan Salfer
2025,MN,58c1e238-fb74-478f-9b80-254d8b2608a5,May + The Ladies
2025,MS,6fc4b726-8e88-4ff6-a6a3-a694a6f71fc5,Completely Unchained - The Ultimate Van Halen Tribute
2025,MS,3ca0ef91-3297-4ef8-a99a-1c1a54dc8ac7,FireHouse
2025,MS,80c4f609-e9e6-440d-aa8d-252224ef4d92,Dee Snider
2025,MS,9aa0d535-3efe-468c-afda-43bd17d44641,Warrant
2025,MS,f20ba447-269a-445a-9347-c1ec8632c455,Lita Ford
2025,MS,b82cf9e7-c80b-4026-9008-9bc9a8881b05,The Weeks
2025,MS,b82cf9e7-c80b-4026-9008-9bc9a8881b05,The Weeks
2025,MS,bceba9d9-3a3c-4883-af65-e44bd5848169,Exile
2025,MS,489e3789-6833-496e-9aff-cd7d4c367685,Caleb Elliott
2025,MS,48e32ea6-e282-44ee-96a6-1ed5aeaa4023,Mac McAnally
2025,MS,59686aea-b12a-4536-ae19-b4dc90bb02df,The Purple Xperience
2025,MS,369d3523-46b1-4127-8664-128f214d0a65,American Aquarium
2025,MS,c81d48a8-5c86-4160-b3d4-1275e7ba3212,Robert Earl Keen
2025,MS,09f2f39d-2562-464d-8a57-5746658f8d7a,Rock and Roll Over
2025,MS,568a5f4b-f182-43be-9fe8-7758dd69be07,The Unlikely Candidates
2025,MS,b719207a-dc82-40ab-bc8f-a91c1e225fdc,CJ Solar
2025,MS,720446a4-f13f-4855-ab1d-14db9be61f2b,Travis McCready
2025,MS,1a48176d-1414-4a18-9792-50ba585d4d59,Three Dog Night
2025,MS,555498ac-edf0-4632-8010-9d3c34262afd,Semi‐Charmed
2025,MS,a81259a0-a2f5-464b-866e-71220f2739f1,ZZ Top
2025,MO,462dabf2-b1f2-4f8f-9b96-05a10796b675,Dieselboy
2025,MO,734286dd-0c41-4e81-95de-94003c9cdffb,G Jones & EPROM
2025,MO,b9434d75-e176-4dd7-ac21-965512fa7208,MANAPOOL
2025,MO,0c421d00-e85a-40fb-8d05-645c02010667,Low Forest
2025,MO,dc18416b-6bc5-4535-9aae-c4f4060a5296,Nitepunk
2025,MO,f5099625-8a23-447d-8933-fdb6ef1e4d67,Moore Kismet
2025,MO,4ec9883f-f359-4b41-bcf9-4d92e97f2f20,Joker
2025,MO,156c1785-bca9-409e-a047-4ada6c241340,LYNY
2025,MO,9743c167-de28-4cd3-8148-21f73ee9fdd5,REO Classics Band
2025,MO,587cf54a-8aed-47fa-8ed8-dd7a58bee5a2,Esseks
2025,MO,92812009-ce4f-4b73-8066-38d22ce4c084,tiedye ky
2025,MO,748e8144-2636-4f9d-b2ae-2d743781376a,Shiba San
2025,MO,9d8340ff-9f9b-4101-b54c-ff826180244d,Of the Trees
2025,MO,ddbcccea-e9aa-4335-b32f-c913002adfbc,DMVU
2025,MO,8880c084-bba4-405d-88a0-d277f7b26dee,Detox Unit
2025,MO,fe8fe9ad-ca4f-4ea2-a3dc-3ea90a6b831f,rSUN
2025,MO,1d40826c-8a59-4d56-a88a-dbe70837e9dd,Danilo B.
2025,MO,a27e5b1c-c522-4e55-9d3d-ec527727ef8e,El Monstero
2025,MO,f2f37484-79f5-4825-92d6-6d9c385e486f,Lumasi
2025,MO,6e650a01-6489-4dc8-85e1-8ec809dd72a2,Saliva
2025,MT,c44e9c22-ef82-4a77-9bcd-af6c958446d6,Mumford & Sons
2025,MT,31388273-6ebd-419f-82e1-dda50a733896,Rain: A Tribute to the Beatles
2025,MT,701312f1-3bef-40fd-9144-e7d1280af6b7,Patterson Hood
2025,MT,701312f1-3bef-40fd-9144-e7d1280af6b7,Patterson Hood
2025,MT,8d625855-4c2d-4042-af95-10a6e60ea8df,Pinky and the Floyd
2025,MT,019352e7-b2cf-4ba5-9f54-764e3a9807e8,Free Creatures
2025,MT,09352d49-d40e-4506-800f-a099a5fe009e,North Fork Crossing
2025,MT,53d5f85a-633e-464e-bb47-9f74ba4fe63f,Daniel Tosh
2025,MT,9639cd52-c351-4a17-9797-58880e95a7ef,The Mountain Goats
2025,MT,9639cd52-c351-4a17-9797-58880e95a7ef,The Mountain Goats
2025,MT,8d625855-4c2d-4042-af95-10a6e60ea8df,Pinky and the Floyd
2025,MT,09352d49-d40e-4506-800f-a099a5fe009e,North Fork Crossing
2025,MT,8d625855-4c2d-4042-af95-10a6e60ea8df,Pinky and the Floyd
2025,MT,1f5ff245-2837-4d4a-a609-e93e544478c3,Trivium
2025,MT,51b37017-859c-465e-8810-2d2dd41a401e,Jinjer
2025,MT,e87c14c7-d22d-4f9c-b564-2d66af0cc120,HERIOT
2025,MT,552eb96a-7e91-439d-82d2-099804b75939,Off With Their Heads
2025,MT,f95a9781-341b-45ed-aac8-014c8371b3b9,SMUG LLC
2025,MT,aea4c9b9-9f8d-49dc-b2ca-57d6f26e8634,Khruangbin
2025,MT,b1bad7e7-18fd-4c1d-9a64-66c3696209ac,Fred Armisen
2025,NE,2944eb71-4547-440e-b36e-8e1176a710db,Hairball
2025,NE,ad9bc896-5ae5-484d-92ec-e94e04c3e5f7,alls
2025,NE,922a18b1-0aba-4868-8f38-2aa4f324fe16,Mannheim Steamroller
2025,NE,b05c33f3-f68b-4c80-8fd2-047e41182b6d,Blue Moon Ghetto
2025,NE,6c92cbce-b437-4dfb-b623-720602fc6ddd,Pet Rock
2025,NE,6c92cbce-b437-4dfb-b623-720602fc6ddd,Pet Rock
2025,NE,1d40826c-8a59-4d56-a88a-dbe70837e9dd,Danilo B.
2025,NE,0c92f735-169d-49ba-8379-c7ae06b09033,Avery Anna
2025,NE,53e40f93-f4af-4f8c-819c-7bbe4b6f0a1c,Lindsey Stirling
2025,NE,31388273-6ebd-419f-82e1-dda50a733896,Rain: A Tribute to the Beatles
2025,NE,fe4751a9-0ca7-48ce-b791-5ef892b34bff,Powder Blue
2025,NE,407592bd-6b6e-4803-80fd-f17e59446734,Lonestar
2025,NE,49bf0641-e3cd-462f-8aab-5346ef213b01,Collin Raye
2025,NE,750918fc-6cc7-4f58-8c96-63c59569c14a,Dot Dot Curve :)
2025,NE,350eb1df-4af7-4f8e-a9dd-d54b827eeb57,From This Day Forward
2025,NE,e85044fb-d71a-4a1d-b49a-a7127eab6d7e,Good Morning Bedlam
2025,NE,d0da565b-64c4-4e4f-bebf-f4bb7c56ef30,Ole 60
2025,NE,811b016f-fd27-463c-b5b3-13a508bc87b1,Cole Pulice
2025,NE,369d3523-46b1-4127-8664-128f214d0a65,American Aquarium
2025,NE,8067c102-4996-42bc-9980-06ce2e644eae,Soul Coughing
2025,NV,7e88da5f-bf0e-47d1-949f-aa446dfad656,DJ Prenup
2025,NV,ce55e49a-32f4-4757-9849-bf04d06d5fcc,T‐Pain
2025,NV,0ef3f425-9bd2-4216-9dd2-219d2fe90f1f,Lenny Kravitz
2025,NV,6aec87f4-c4be-41a6-8ef4-2b5955261481,DJ Cassidy
2025,NV,faf4cefb-036c-4c88-b93a-5b03dd0a0e6b,Demi Lovato
2025,NV,6ffb8ea9-2370-44d8-b678-e9237bbd347b,Kings of Leon
2025,NV,89ccd7c3-b4f8-45a6-a53f-e903eaaf96be,Jess Glynne
2025,NV,efef848b-63e4-4323-8ef7-69a48fbdd51d,4 Non Blondes
2025,NV,dc7fd424-6ba4-45cc-b407-7716c7bb3605,HUNTR/X
2025,NV,09885b8e-f235-4b80-a02a-055539493173,The All‐American Rejects
2025,NV,2eb55bd9-cfbf-44fd-a5da-92dd825284c7,AJR
2025,NV,ed92e1cb-a382-4a1a-a2b9-0b06b4174f5b,Fan Halen
2025,NV,134e6410-6954-45d1-bd4a-0f2d2ad5471d,Zara Larsson
2025,NV,1cfa6ee5-1189-4ade-97db-8f20a6ba5c76,RÜFÜS DU SOL
2025,NV,c33c2065-b1c3-4406-b066-d33a9e2ea71a,OneRepublic
2025,NV,8e68819d-71be-4e7d-b41d-f1df81b01d3f,50 Cent
2025,NV,d25f6294-686a-4569-b1b9-fe64bfef2519,BigXthaPlug
2025,NV,f84b4dd8-c25b-4180-8113-9268a66050bd,Sammy Johnson
2025,NV,ddfd9b2f-186e-4b2c-ad09-01aa5380c225,Robin Thicke
2025,NV,76e00cd4-cd2d-4eed-b9e3-83c5e0a24428,Pertinence
2025,NH,8c1bb088-104b-4a8f-bbf4-37730316e0cd,Studio Two
2025,NH,0e431661-0291-4fc2-90f2-a47e057e0a6a,Jarv
2025,NH,a7c9279c-5a3a-4dcc-b1f1-7d32cc37cc8b,Badfish: A Tribute to Sublime
2025,NH,509995d7-76c1-4455-abf2-d0f7b2db26e1,Ragz to Stitchez
2025,NH,e0d3f2ea-ae50-4743-8b8c-caa6ff017242,John Spignesi Band
2025,NH,de95c060-9dc4-41dc-aca3-15b74901b7df,The Negans
2025,NH,fa42e15b-e09c-464a-9b5f-b6e70843438f,Trawl
2025,NH,17986c3d-52d6-4af3-97d6-41b644585089,Silent Season
2025,NH,4e0f90e5-9a7f-407c-81e9-31ef375bec15,Chasing the Devil
2025,NH,71df47cd-65a6-469d-88ea-11cf756faf28,Lespecial
2025,NH,e0d3f2ea-ae50-4743-8b8c-caa6ff017242,John Spignesi Band
2025,NH,bddace87-ee24-49ff-8deb-4d19cab65e90,All Sinners
2025,NH,9aa0d535-3efe-468c-afda-43bd17d44641,Warrant
2025,NH,a2ab5e49-d36e-4973-935c-ed9ad81d2f8e,The Wizards of Winter
2025,NH,1c108d4b-7965-4626-933a-a2bfc6bcef7d,Start Making Sense
2025,NH,9d075d6e-9492-4343-ac95-93a808f61477,Jesse McCartney
2025,NH,6e019bc6-5c23-4935-94f0-4a896631d846,Jonas Brothers
2025,NH,2722be69-925d-4898-9ace-487238bc5f3e,Deleasa
2025,NH,bba70f2f-2db6-4998-b604-ab3eb2109b0e,Franklin Jonas & The Byzantines
2025,NH,94c89f67-8c6e-4317-8186-8aad506bf2ae,The Milk Carton Kids
2025,NJ,82c07617-8c8a-40ac-b048-adedb6e0a503,The Sensational Soul Cruisers
2025,NJ,e2c00c56-8365-4160-9f40-a64682917633,Goo Goo Dolls
2025,NJ,036fdc4b-5fca-4fe9-be2c-cbd35756c5ee,The Porch Pirates
2025,NJ,6ae866c6-16ff-4c71-bea9-e78b9f36ca79,Sean Patrick & The Alibis
2025,NJ,e750840f-4e2f-4179-9200-25e1a2b31fe9,Derailment
2025,NJ,ca34ade4-d711-40ef-962e-fe96136d4af4,SAGE
2025,NJ,8d2f410b-415c-46e5-b00d-1a14e25e0846,Shelter Cove
2025,NJ,d262ea27-3ffe-40f7-b922-85c42d625e67,Pitbull
2025,NJ,08a1cd13-bc63-42d0-862f-a775fcc9161f,Guess Again
2025,NJ,8e819268-eb4b-4b7a-8d95-4865a84130ce,Bayway
2025,NJ,026d501f-153b-4ae7-ab01-674c695ca4c5,KOBA
2025,NJ,cad0539d-fb7d-421e-aa3d-8858bf36696a,Sanity Slip
2025,NJ,e3a38d16-5457-4967-9266-0254346da126,Redeye
2025,NJ,1144f22d-fb1f-41a7-9822-05dab5edff25,Gary Hoey
2025,NJ,29f543c4-234c-4170-bd7d-dcf74dbab965,Keith Goodwin
2025,NJ,d397a0ae-deb3-4ba5-9d94-f094071ed0cd,Bulldoze
2025,NJ,9054818a-8920-4722-a874-c13ad04292fa,Shattered Realm
2025,NJ,aaa436da-b331-4e58-a0fd-3d64d090c120,A Flock of Seagulls
2025,NJ,5a8cc407-7efb-4e94-9637-d5896395e754,Thomas Dolby
2025,NJ,bcabb743-60ed-406b-94da-9bf82e032e58,Men Without Hats
2025,NM,e0a60de0-22c3-4e10-ac93-3a385191bbf6,Midland
2025,NM,dde3d9b1-0e44-48bc-b0c9-d739b3570000,Tech N9ne
2025,NM,7f5863ad-e0e7-4cd9-84ce-1c0276172c1e,Nosotros
2025,NM,8cad6b41-2e28-42c9-947b-a60b8e068eaa,Mariachi Estrella
2025,NM,5d9f38b4-ceff-4b1f-b07a-fff96380a75f,Blue Heron
2025,NM,890b2c1a-9cfb-449c-80cc-c37d7450c653,Hashtronaut
2025,NM,3aa79df8-6f8b-401a-bdf1-0872d40e0b95,Sean Healen
2025,NM,0adbea00-e0da-4de9-8caf-4d80f76a7828,NB Ridaz
2025,NM,46215cfd-9ab2-41a0-8d6f-74ea35a2d27e,Ashes at Last
2025,NM,409dc2bf-26c9-4308-8432-4ff2ca16af0e,chimera
2025,NM,c35294fe-ba3d-45b2-aebf-9d0c45cd89d9,Self Neglect
2025,NM,6ba0e607-d6a6-4a3a-8f0b-aada21f33a26,Under Exile
2025,NM,64bf2f5d-c039-48f7-b681-ab2b4faf81cc,Tribus
2025,NM,7cefcda6-0e87-4f67-ac0f-6f6980fa59bd,Heart Museum
2025,NM,3aa79df8-6f8b-401a-bdf1-0872d40e0b95,Sean Healen
2025,NM,39ad0a63-e02e-4044-b09b-9e8e58936b05,Dog Sees God
2025,NM,6c03ef9f-ff21-40eb-ba7c-68c1c724b26f,First Day Back
2025,NM,3d2d2a72-bea5-4acd-a408-c6e304a34808,Savage Wizdom
2025,NM,cf2544d6-b4f2-405d-a525-08c1ec5034f1,Vio-lence
2025,NM,562ff334-c34f-45b0-a519-e5d171482df2,Death Angel
2025,NY,aaa436da-b331-4e58-a0fd-3d64d090c120,A Flock of Seagulls
2025,NY,c433b570-1cb8-472a-bed7-4e24f94ea665,The Motels
2025,NY,5a8e07d5-d932-4484-a7f7-e700793a9c94,Robyn
2025,NY,6dfcb122-feab-40a3-bcc6-5af8b8cb7c61,Tek lintowe
2025,NY,5a8e07d5-d932-4484-a7f7-e700793a9c94,Robyn
2025,NY,acb4865d-0c4c-4dd5-b958-c399b5d75b8e,DJ Assault
2025,NY,f32a3832-13ed-4422-b7d7-c19dcdf5a62a,Laker
2025,NY,03172286-f7ed-4864-a4db-459cd5ca9790,Ciara
2025,NY,1ee37742-1e3d-4e61-84d2-bc85f4c1459a,LE SSERAFIM
2025,NY,66ceab5b-4c04-4746-9997-025437e03e6d,Hooky
2025,NY,5f4a44ab-830e-4cbd-8920-b131dad39221,Annabella’s Bow Wow Wow
2025,NY,c137a9ee-140e-4e88-89b5-3cd510ffd727,Gods Wisdom
2025,NY,e25216bf-b0ac-4bd3-bc5a-1f82a7d0274f,Vertical Horizon
2025,NY,24558e81-eb3f-4062-ab6a-df3773c9b09a,The Ozark Mountain Daredevils
2025,NY,e01646f2-2a04-450d-8bf2-0d993082e058,Phish
2025,NY,13804e64-201a-42f0-80b0-510c457c840b,The Felice Brothers
2025,NY,df679f1d-2bab-442b-bc67-02a44f9b2adf,Oliver Heldens
2025,NY,09f91305-e193-48af-92e3-252b3dd5e718,Water From Your Eyes
2025,NY,e477d9c0-1f35-40f7-ad1a-b915d2523b84,Dark Star Orchestra
2025,NY,31445b1e-96f3-4c7f-84ec-dd02e647e690,DJ Snake
2025,NC,8a4ade04-cbe9-4e91-b0df-e1298984d67e,Big Something
2025,NC,a6dc6a65-16a0-4b64-94c1-20f9bb0e1955,Once Below Joy
2025,NC,1a120ec5-35b3-4f3e-aa49-7201550d9feb,RJD2
2025,NC,43e088bd-2520-4a84-bb8e-827c86d2cf84,The Infamous Stringdusters
2025,NC,0a176d0a-ef46-4e7f-b018-9f4d65614668,The Avett Brothers
2025,NC,a10e5cab-8c33-49f5-ad07-21e80d24b868,Natalie Brooke
2025,NC,2ec045d2-5710-4bb0-b34c-b191e2842b94,Tell Me Lies
2025,NC,67f53ffc-7e2b-4d2c-b1c1-4ace4366c461,KENMUJO
2025,NC,43e088bd-2520-4a84-bb8e-827c86d2cf84,The Infamous Stringdusters
2025,NC,8a4ade04-cbe9-4e91-b0df-e1298984d67e,Big Something
2025,NC,7c61c427-8c9b-43a3-8735-5ec2b475a5e7,Bronwyn Keith-Hynes
2025,NC,cdcf7713-60bc-4da6-8f74-aab9d1688b40,Mercury Dimes
2025,NC,08e99447-c86a-4730-b78d-8c314d8cbe9a,Patois Counselors
2025,NC,03ea6004-a7b2-4e19-97ff-ff519446d4b3,Van Huskins
2025,NC,eefe8b99-7e12-4b13-8af2-c4bb0bffde25,Shawn Garlic
2025,NC,33d7a84e-0aac-45fa-a54e-1c3cddd8ef3b,Fryar
2025,NC,cbf6e3a4-9508-4c90-ae2e-5651478b13e9,Mersiv
2025,NC,612ee509-f2fa-4232-aecf-80791fa525df,Hairitage
2025,NC,aea3fc7f-54d0-4a35-8c64-2af1e18d21a1,Azriel
2025,NC,26c9256d-3e08-4b68-b8a2-7a69b204e93e,And I Become Death
2025,ND,fa72ea16-35ca-4dd2-b11f-d26e6048531b,The MoonCats
2025,ND,d2b83114-af3e-4397-b570-10d81f1dd650,Trans‐Siberian Orchestra
2025,ND,d2b83114-af3e-4397-b570-10d81f1dd650,Trans‐Siberian Orchestra
2025,ND,4fd52ae3-83ea-41d7-ba5e-f4786f863696,Deuces Wild
2025,ND,fa72ea16-35ca-4dd2-b11f-d26e6048531b,The MoonCats
2025,ND,b06a9f59-b92c-4a67-bfb7-be5acda869ae,The Cropdusters Band
2025,ND,fcda5914-0f96-446e-b165-4a91ce93dc08,Luke Hendrickson
2025,ND,fcda5914-0f96-446e-b165-4a91ce93dc08,Luke Hendrickson
2025,ND,5d6c8f6b-c3c3-473a-991a-84b70f9302ec,Lorie Line
2025,ND,fcda5914-0f96-446e-b165-4a91ce93dc08,Luke Hendrickson
2025,ND,5d6c8f6b-c3c3-473a-991a-84b70f9302ec,Lorie Line
2025,ND,a3658fba-2e0f-42c6-9918-91fcf98b20b6,Good Morning Guilty
2025,ND,5d6c8f6b-c3c3-473a-991a-84b70f9302ec,Lorie Line
2025,ND,44d8910c-1ce1-4b98-9e8e-9b0f02c1be3c,Hostile Harmony
2025,ND,ea09d798-aef6-4070-9107-fae60fa73d37,Pursuit
2025,ND,3a31454d-d6f7-4c4f-a121-e493353fa64a,Icegrinder
2025,ND,b43881f0-3ec9-4ed0-89c5-5581ad3227c0,The Sunflower Burial
2025,ND,cd993db3-1a6d-4ed7-8a22-fa2582c41d15,The Quarterly
2025,ND,55b17019-400f-4984-aea8-97d1fa75de13,O.W.L.
2025,ND,c726b9b9-71ba-4015-84b3-7472e4b4a6a8,Cudgel
2025,OH,8b09cd73-4e98-4ab0-87c2-bc43b59b4343,Arch City Big Band
2025,OH,ee2c93f7-cc73-4ef9-b724-72e4b2733987,James Kimmel
2025,OH,8fd1c8bc-6b9c-4b74-9387-752761b9561d,The Vindys
2025,OH,47f34e9a-ea2f-4541-ad44-c36588e9496c,Pretty Pretty Awful
2025,OH,6f33bdd4-e763-452c-85fd-cafecb0e9321,Candace Campana
2025,OH,673d9e20-cd63-4dc8-b428-7ae08614817b,Biitchseat
2025,OH,0d67d1d1-1c3a-46be-8f10-46a40b6b4519,Flicker//Fade
2025,OH,8117882c-a6f0-46be-8573-e18a5a23bb95,Dan Orr
2025,OH,70bfd498-8381-4cf9-bbd7-e9562fa5665d,Touchdown Jesus
2025,OH,8660ce7d-660d-49f2-a2cb-57fc40069b8d,Julia Neville
2025,OH,29c13855-9105-4415-afd0-e3e595d48a57,The Quasi Kings
2025,OH,6b62d0b0-5925-4ab0-bceb-eca7afbc7c74,Tropidelic
2025,OH,9258506f-6534-42a0-aeba-c30d7d762ebf,Putricine
2025,OH,b4681cdc-4002-4521-8458-ac812f1b6d28,Lotus
2025,OH,b4681cdc-4002-4521-8458-ac812f1b6d28,Lotus
2025,OH,ee2c93f7-cc73-4ef9-b724-72e4b2733987,James Kimmel
2025,OH,a4d9667a-a1b5-48a5-a431-41b59f3a24d7,Ethan Timm
2025,OH,9258506f-6534-42a0-aeba-c30d7d762ebf,Putricine
2025,OH,5b0a4d27-431a-4ab1-832b-4a1046aa81d5,Beija Flor
2025,OH,7a5fbefe-bb18-4437-ad70-630a72dc881a,The Wonderlands
2025,OK,f6c07316-1175-472f-a3c1-bcafb87481fc,Husbands
2025,OK,82af3090-a927-42b5-a55d-c152f0fa1fb7,Paralandra
2025,OK,9bc79fce-21c3-43d0-a1ca-e0405efde098,Ian Moore
2025,OK,f5bcb165-f88e-4cce-8221-ab7ab3854581,Lee Mathis
2025,OK,6e650a01-6489-4dc8-85e1-8ec809dd72a2,Saliva
2025,OK,aa2b82f0-f1e8-4221-890a-85a0a0e9e425,Billy Gibbons and The BFG’s
2025,OK,e0a60de0-22c3-4e10-ac93-3a385191bbf6,Midland
2025,OK,4b1a830b-0a1f-42e5-b8d5-1d6743912e99,Creed
2025,OK,39b22a9e-59dd-412b-ac3c-0725c807c72b,Hinder
2025,OK,1a02e1e4-000e-46fa-83de-f3a36674e4fc,Uncle Kracker
2025,OK,4eca1aa0-c79f-481b-af8a-4a2d6c41aa5c,Miranda Lambert
2025,OK,c1bfbd8d-08ff-4c75-9b6f-449bc7cea21b,Shelby Stone
2025,OK,c1bfbd8d-08ff-4c75-9b6f-449bc7cea21b,Shelby Stone
2025,OK,3ed833d2-c293-4fd7-9786-f5e8c19268e1,Treaty Oak Revival
2025,OK,13d16bf6-9130-4958-9982-88fb926db9a2,Rachel & Griffin
2025,OK,32b2e717-9e01-4f45-ac73-9542ccf18d4d,Wilson Phillips
2025,OK,39b22a9e-59dd-412b-ac3c-0725c807c72b,Hinder
2025,OK,b3f3497d-5777-4ed3-88e4-f3c890aaa820,Gannon Fremin & CCREV
2025,OK,f991ec40-6d1b-47bd-8bdf-bbddd88a4f4f,The Damn Quails
2025,OK,1d61c8a0-b875-41c7-a9d2-c67a175b33d4,Andy Frasco & The U.N.
2025,OR,113e0972-077f-423b-9b5f-3cc8a5bafa0f,Pink Martini
2025,OR,81ed2e90-aeec-4ae7-a1aa-0fee60db9fbd,Butterflies
2025,OR,c2159cf3-40a5-4215-a30b-a952ac3f8aca,John Mulaney
2025,OR,658ad276-3179-45bc-9b35-8eac35c07fed,Spoon Benders
2025,OR,3bf91450-189e-4547-9dae-3a0a780a5462,Floater
2025,OR,de11b037-d880-40e0-8901-0397c768c457,Eagles of Death Metal
2025,OR,ccde7bf8-72f5-426f-9056-64f75df7cee5,Satan’s Pilgrims
2025,OR,b9044aef-8728-465c-aec8-c467826b55e8,Jenny Don’t and the Spurs
2025,OR,113e0972-077f-423b-9b5f-3cc8a5bafa0f,Pink Martini
2025,OR,b1bad7e7-18fd-4c1d-9a64-66c3696209ac,Fred Armisen
2025,OR,551946bc-e6db-4d69-b50a-4f3cfb29963f,Polyrhythmics
2025,OR,f01818cf-6ca8-4675-8483-9fc40ccc3957,Rakes
2025,OR,0b186b3b-413f-4db2-9306-89c31c3b30f0,Jerry Joseph & The Jackmormons
2025,OR,1d0221e2-ee9d-417e-b255-a06e3b5319a8,Taken By The Sky
2025,OR,d6f28a11-8dac-4593-aab7-2bedb587de4a,Stone In Love
2025,OR,8682866a-4f7a-43f5-83b2-06eabd0f2d4c,Alela Diane
2025,OR,a9742f62-0d1c-4cfd-aafb-e5e71cfb26fc,Garcia Birthday Band
2025,OR,a9742f62-0d1c-4cfd-aafb-e5e71cfb26fc,Garcia Birthday Band
2025,OR,0dd6d8d0-e132-4f54-9b9e-175ea149aeb1,YOB
2025,OR,3b910f7b-018f-408f-950b-47e02d2ce305,Jay Som
2025,PA,ce032505-af6d-4197-a2b6-2df370208842,The Lords of 52nd Street
2025,PA,41c362d3-050c-4502-9baa-7d89eac89227,The Dirty Grass Players
2025,PA,b3117dfa-adb5-426f-9b1d-2adda9a5faf4,Treesap
2025,PA,a4dd0e77-83b8-4e92-89b7-effb0e47fd8c,LL Cool J
2025,PA,b6319132-d9a3-41b2-b576-dfb2301228c2,Gavyn Bernhardt
2025,PA,0d839857-5bb1-4875-8174-9a11c1556412,Suzanne Sheer
2025,PA,22867cdb-47df-4e45-a70b-fb6a1d08b4df,SNACKTIME
2025,PA,24710e4d-b437-434b-b800-ddd55ee34f7a,Steal Your Peach
2025,PA,60e669d6-3a0d-4d48-9bdb-63d691caf3ee,Technician The DJ
2025,PA,91ad641b-3b6f-4220-8352-f3f5f909d4e0,DJ Jazzy Jeff
2025,PA,24710e4d-b437-434b-b800-ddd55ee34f7a,Steal Your Peach
2025,PA,f99b8427-69bd-41a5-b169-600ee1cf7475,Adam Blackstone
2025,PA,60781c0c-00f3-46bb-9bb1-deb648bb697f,Freelance Sweatpants
2025,PA,a62ac3ca-b022-4056-97d7-2e7c855116f2,AM Radio
2025,PA,62141b8b-a802-4736-913e-c29f74d9ef5c,D.O.D
2025,PA,27d9dfca-2b81-47c6-a06d-56c26229fcd7,Low Cut Connie
2025,PA,011f07bc-3636-42e6-b99f-e182cf211a37,The Slambovian Circus of Dreams
2025,PA,e477d9c0-1f35-40f7-ad1a-b915d2523b84,Dark Star Orchestra
2025,PA,6b3d8817-8c1b-44b9-82cd-384462eb82c5,Shelby Means
2025,PA,4b03ef16-b406-4010-8262-90240e073d61,LIVE WIRE - The Ultimate AC/DC Experience
2025,RI,a7c1f45c-1f54-406a-807f-c7c2dac790b8,Gwell-O
2025,RI,98a6d73d-1645-49ff-ab3b-af910106462a,Sal Vulcano
2025,RI,3f0b02ae-bc83-4417-ab1d-055b23d829fe,John Cafferty & the Beaver Brown Band
2025,RI,a7c9279c-5a3a-4dcc-b1f1-7d32cc37cc8b,Badfish: A Tribute to Sublime
2025,RI,71df47cd-65a6-469d-88ea-11cf756faf28,Lespecial
2025,RI,c80912ea-e576-4800-9781-b111c5bcae1f,Matt Rife
2025,RI,054e2798-297d-4396-bb09-8bffda628e43,Pink Talking Fish
2025,RI,715ef693-1053-432c-92b4-9953395b9860,Living Wreckage
2025,RI,4b005b3f-0c17-4b07-b2e3-82b09b6650e3,Kaonashi
2025,RI,94c89f67-8c6e-4317-8186-8aad506bf2ae,The Milk Carton Kids
2025,RI,e4c3b05f-fca9-4b09-b844-e9c34b32f824,ovlov
2025,RI,a2ab5e49-d36e-4973-935c-ed9ad81d2f8e,The Wizards of Winter
2025,RI,e4d7cfe5-0bed-46cf-acad-ab9a4dcb7aa6,Anamanaguchi
2025,RI,70430c65-2a5a-4a19-91ea-408d93d384e9,wakelee
2025,RI,bd33e83e-641f-4ba9-8e0a-116089666244,Bike Routes
2025,RI,af953ba2-283b-41ef-93bc-b4cfc5feeebc,Darlene Love
2025,RI,2cdd6de7-ccb9-450e-a20d-382407689d6a,The Wood Brothers
2025,RI,746916c9-fd36-44e6-823d-03185e596f58,Joan Osborne
2025,RI,bab47fda-23d9-4ce3-b5c1-b2fe488517e9,Oh Kee Pa Orchestra
2025,RI,ec8e3cea-69f0-4ff3-b42c-74937d336334,Pigeons Playing Ping Pong
2025,SC,e432ac6d-fc48-436a-bbee-3f112902f6ae,Futurebirds
2025,SC,e432ac6d-fc48-436a-bbee-3f112902f6ae,Futurebirds
2025,SC,01d4b4f0-f37e-49b6-9dba-a29a981a1f66,Shot Through the Heart
2025,SC,dd09b333-adca-41b7-9f6c-55d80a1be026,Sunhouse
2025,SC,ba9af8e5-c8b3-4038-93a0-ee1e935ebce4,Vanna
2025,SC,6fa09822-bbe4-4ff8-901d-4a39a4dd82e9,Supersuckers
2025,SC,098fbe3b-4992-49b0-8bc0-28189b6a5b01,State of Illusion
2025,SC,cc85df52-88fd-4028-b7bb-9af974845ef6,Same As It Ever Was
2025,SC,44852349-b205-412f-95ab-1e0a0a1c1392,Sasquatch and the Sick-a-Billys
2025,SC,5ccfbbf2-62da-4e38-b1ba-b4f798ada177,Scott H. Biram
2025,SC,7e35a2e7-48aa-44ea-a730-483d00142200,BRONCO
2025,SC,700f0813-e644-4d2a-873d-62fb113d1e5d,Weedeater
2025,SC,caaf61ea-7459-4a83-bd31-eebfe25cd193,Yes Ma'am
2025,SC,89eb8924-fad2-401d-b812-c6c1b3ccba23,The Goddamn Gallows
2025,SC,742e54f5-debd-4fc1-a7c1-00edf9b673a5,Eyehategod
2025,SC,cc85df52-88fd-4028-b7bb-9af974845ef6,Same As It Ever Was
2025,SC,98da5666-717d-4ba3-9345-80fa0a6edf3a,Vermin Supreme
2025,SC,121e9d7b-225b-4690-9869-90f1cd7b2f83,D. Sablu
2025,SC,43cd3ca4-441b-41c4-afa8-e570f110f3d8,Thunderchief
2025,SC,c84fad71-30dc-4f1d-b9c6-2205eb729779,Telekinetic Yeti
2025,SD,5bcc7d4b-cee9-456c-ab75-debe039bfc45,The Purple Madness
2025,SD,1801bd47-46ae-49ff-bfcd-6e01b562d880,Black Stone Cherry
2025,SD,9ea127e1-0b2e-4b54-9600-fa4c2c8e5a7f,Them Dirty Roses
2025,SD,d5765860-abca-4246-9e2b-fc2e55aeed81,Ayron Jones
2025,SD,c9e0a0f5-9f53-4247-a52d-a3f29d975e17,Madball
2025,SD,350eb1df-4af7-4f8e-a9dd-d54b827eeb57,From This Day Forward
2025,SD,0b5df3f3-7f4c-4ffb-9279-dbab6cd9bea5,Little River Band
2025,SD,3f5be744-e867-42fb-8913-5fd69e4099b5,Chicago
2025,SD,977673cb-c160-4a8c-81e0-b2dad6b0192f,King 810
2025,SD,b1f0197f-e0ff-4c50-9c84-3ccd989210ee,Filth
2025,SD,7ebe5a09-b727-4528-9987-d810de4c2620,Tallah
2025,SD,79c67eb5-3851-4b28-bfe0-3adfcd6f58d7,Pentatonix
2025,SD,7ebe5a09-b727-4528-9987-d810de4c2620,Tallah
2025,SD,977673cb-c160-4a8c-81e0-b2dad6b0192f,King 810
2025,SD,b1f0197f-e0ff-4c50-9c84-3ccd989210ee,Filth
2025,SD,d584d198-7026-4794-8be9-ac3857958543,BWA Ron
2025,SD,0c41b966-12e8-4c9b-87ea-af47798987b6,Kevin Gates
2025,SD,9939a762-5ca9-4c12-a735-0d62e21df4e3,Zach Top
2025,SD,4b1519fa-fc5f-47ef-8ff3-def5343cd62f,Lines of Loyalty
2025,SD,c0d35199-d7a8-4d13-bf8f-8997934a0a4c,Smile Empty Soul
2025,TN,9dbb9d00-e2d3-484d-8049-10e5e125913c,Whethan
2025,TN,2eaf4267-4dd6-412a-9bb0-596afb90215b,REZZ
2025,TN,8d418822-4d8b-4c44-947e-d897eb3be8c4,Moon Taxi
2025,TN,f30118c5-f783-4969-8427-f3c096378267,Brooks & Dunn
2025,TN,e2533eaf-48a7-4a11-81fd-34a926e1b1f2,Kingdom Heirs
2025,TN,e2533eaf-48a7-4a11-81fd-34a926e1b1f2,Kingdom Heirs
2025,TN,e2533eaf-48a7-4a11-81fd-34a926e1b1f2,Kingdom Heirs
2025,TN,b1e26560-60e5-4236-bbdb-9aa5a8d5ee19,Post Malone
2025,TN,e2533eaf-48a7-4a11-81fd-34a926e1b1f2,Kingdom Heirs
2025,TN,a6e613d6-ff65-4972-beff-303a1b10ab05,Lainey Wilson
2025,TN,6bd7faa9-601f-44db-a2a6-239209f83156,Dierks Bentley
2025,TN,f4fe9be1-8e34-47c8-bf16-33d1a94a235b,HARDY
2025,TN,20543896-ec2c-48c4-b6b2-507c6cbe9918,Bailey Zimmerman
2025,TN,9eb2030a-c311-4cbf-a8f2-c57a58aa18ce,Megan Moroney
2025,TN,0fb711af-c7ba-4bdc-b0b6-b8495fc0a590,Dwight Yoakam
2025,TN,0584e561-1442-46c9-9593-923c34571eb7,Robyn Hitchcock
2025,TN,11d9fc14-e6ac-4c50-81e7-062dd82566ce,Gretchen Wilson
2025,TN,f24df11a-7e35-4979-a4db-a3b2a170ce27,Jason Aldean
2025,TN,fed971db-e87c-488d-99ca-8953ab5599ca,Dash Rip Rock
2025,TN,bceba9d9-3a3c-4883-af65-e44bd5848169,Exile
2025,TX,9afee8b9-0cb8-4e85-9d20-329dbf7d8cc5,SIDEPIECE
2025,TX,77e0bc6d-ddfd-4249-a3e6-c7d8dd51e8ce,Jerry Diaz & Hanna's Reef
2025,TX,3ed833d2-c293-4fd7-9786-f5e8c19268e1,Treaty Oak Revival
2025,TX,da3a8b24-c699-452e-b7b0-3f42b6d19949,Holy Wire
2025,TX,f5bcb165-f88e-4cce-8221-ab7ab3854581,Lee Mathis
2025,TX,98cb416e-5271-484c-ab3b-6bed6b4aae12,The Head and the Heart
2025,TX,331e7dcc-ddb8-4d79-9012-777488bb3ec7,The Kill Tony Band
2025,TX,b9ec76a6-7738-43f4-93ac-e3d9a79e838f,Urban Heat
2025,TX,5ea1ef20-54e3-4abc-b3ab-12e3ac4ca5f6,EMOcean Avenue
2025,TX,284befc2-ac10-47bd-8ac0-c6d2c961ca3f,Drab Majesty
2025,TX,09f2f39d-2562-464d-8a57-5746658f8d7a,Rock and Roll Over
2025,TX,bcbf4066-e6f4-4e60-95bd-3f7a475cdb61,Kill Tony
2025,TX,f4186309-1902-4a83-9213-209210148142,Forgotten Space
2025,TX,c3012f96-f4eb-418a-8a02-3febccf95091,Dylan Gossett
2025,TX,e8238c02-1cf0-4a51-bfd0-cee93904d351,Neon Indian
2025,TX,4ae36ade-1798-48c4-b06b-cc68b7d3d83f,Porter Robinson
2025,TX,4a5d133b-46f3-4c19-aae1-ec199787658d,Knock2
2025,TX,1e6f48fc-6a0a-4ded-afd0-3bc809812d36,DJ DIESEL
2025,TX,dc1346b0-cef2-4f07-8ab2-9673044d702c,BassNotBass
2025,TX,96693dd1-0527-4201-9459-f0dded6af7eb,Mark Mulch
2025,UT,e7891efe-8326-4b04-bbc4-1271da101932,Sara Landry
2025,UT,e33994a3-2f5c-42f5-8df1-4d23c331a4a5,SLANDER
2025,UT,31388273-6ebd-419f-82e1-dda50a733896,Rain: A Tribute to the Beatles
2025,UT,d47c7fbb-c67b-404f-ad29-45307a84ae9b,Muskies
2025,UT,915a3306-4d08-4a58-8418-6bdff05e068e,Contraferrous
2025,UT,454438bc-b292-40b9-a1b9-64207757add6,Goldensuns
2025,UT,9d0f9afb-6ac0-4711-962e-ace431f8dcb9,future.exboyfriend
2025,UT,c0a05ed0-9dde-43c1-91fa-3c1b02756c8f,Demetri Martin
2025,UT,23e3d35e-9121-45a5-9568-3fdfea516a7b,Bella Woods
2025,UT,99e0983f-6183-463e-a61e-2041ca8931ba,Lil Darkie
2025,UT,289a39cd-0896-4f8f-95b3-cde0bb0ed15a,Vernon Worthen
2025,UT,b7306afd-4432-4220-bee2-57161add1069,Black Cat Parade
2025,UT,eed766e0-492f-44ab-a3f3-800eb5792de5,Glixen
2025,UT,885b1f71-125c-46f3-a8f0-78ee002885c6,MSPAINT
2025,UT,c26bf578-dfa9-4005-b8f5-26ba9ad0e0dd,Glare
2025,UT,6c03ef9f-ff21-40eb-ba7c-68c1c724b26f,First Day Back
2025,UT,149feb0f-26a6-451c-a98f-7636cf461038,Mat & Savanna Shaw
2025,UT,40c857d5-6ab0-41f4-aa1d-7614a79a0686,Post Animal
2025,UT,dabc55e9-ef6c-497b-a468-714f57bd96de,MYLO BYBEE
2025,UT,5e13f1c0-6648-430d-92e8-6435119b0036,Aborted
2025,VT,e8c28ca7-c14d-4dff-86d6-06bfac138422,The Barr Brothers
2025,VT,f47fc54d-b334-4321-8218-00c5b11d4dd1,Gogol Bordello
2025,VT,265077b9-e4e6-4a6e-9998-ce4957351a18,Dobbs Dead
2025,VT,f3ab77b2-009e-4c68-b812-f27aae636038,The Dave Matthews Tribute Band
2025,VT,2436ecc7-e3c8-4666-ad2d-4b23f67fccce,Mihali
2025,VT,985b645e-9482-486e-979a-0015e8f06fb3,Troy Millette & the Fire Below
2025,VT,741a2892-1c5d-402f-a769-2096356c77d7,Wheatus
2025,VT,89dbbb37-7991-487b-bcf3-ebe270a70d24,Bywater Call
2025,VT,af3ec89f-8901-474f-aeac-ab0b4d0e10b7,Fantastic Cat
2025,VT,23cc1e55-bfc4-4480-8806-c721fce01525,Chadwick Stokes
2025,VT,c4153c51-b4ac-4183-beb3-c5dbfce39176,Cursive
2025,VT,5e1dbdb2-87ac-41ff-9960-4a42a872327a,AJJ
2025,VT,2436ecc7-e3c8-4666-ad2d-4b23f67fccce,Mihali
2025,VT,830dce6f-c9ff-4ebe-944b-2ea2ab22fcdf,Béla Fleck and the Flecktones
2025,VT,64deac19-021e-4dc1-8d11-658be8763589,Great Lake Swimmers
2025,VT,3edf9a3d-f7d6-4121-8663-94c82105cab5,Abe Partridge
2025,VT,054e2798-297d-4396-bb09-8bffda628e43,Pink Talking Fish
2025,VT,bd1dcb5b-ab45-4a00-943e-23f2d16add26,Organ Fairchild
2025,VT,29c13855-9105-4415-afd0-e3e595d48a57,The Quasi Kings
2025,VT,6b62d0b0-5925-4ab0-bceb-eca7afbc7c74,Tropidelic
2025,VA,dc6dccb4-73dd-4312-a60a-06bb3479d039,Wolph
2025,VA,d3fb1614-78fd-4555-9c68-f8b25add2de7,Carbon Leaf
2025,VA,cc85df52-88fd-4028-b7bb-9af974845ef6,Same As It Ever Was
2025,VA,90c88f94-8b70-49fd-9726-cadf4306ef42,Southern Culture on the Skids
2025,VA,aae69398-1506-4072-87ec-d9eb8d701329,Suggesting Rhythm
2025,VA,1f504c4d-4a10-4e3f-a8cd-304876ac2451,The Findells
2025,VA,b2e2abfa-fb1e-4be0-b500-56c4584f41cd,Railroad Earth
2025,VA,af619115-5039-4b95-b869-9e01e7cb5b70,Will Graley
2025,VA,58b1a004-eaa6-4d80-8294-3dc01197cf3e,Holy Roller
2025,VA,b1103b87-3b91-4ec5-9d7b-15c2d1e486af,Grace Potter
2025,VA,ca986ea9-481d-410f-8f5b-7cb947d7e518,The Beanstalk Library
2025,VA,b2e2abfa-fb1e-4be0-b500-56c4584f41cd,Railroad Earth
2025,VA,57d6b78a-b9ba-4202-b28d-9fcc54f697db,Jacoozy
2025,VA,2d235ba5-06e0-440d-a1d0-b0da2553636b,The Nighthawks
2025,VA,e6424fa5-08d3-41c6-96f3-8549f733708c,Clipse
2025,VA,c88ae83a-8cbd-4da7-bc84-ab4914cce427,Dan Hovey
2025,VA,9c296120-9699-45b3-81ad-0bedf445671a,The Rush Experience
2025,VA,e6424fa5-08d3-41c6-96f3-8549f733708c,Clipse
2025,VA,b8f15e09-d79b-4b35-a183-7c6821f4bd5b,Ellis Paul
2025,VA,168617bb-8e16-4525-923b-3ba723a66260,Piranha Rama
2025,WA,e675295a-1efe-4247-aa3b-53b78d0cdffc,Mudhoney
2025,WA,c08084a6-f070-46fc-a7c6-36d03759e498,Tuff Puffin
2025,WA,f52082d5-5430-4d03-ac99-d6b822d0bc4b,Andy Coe Band
2025,WA,ccfd4a7a-650e-43ca-ab51-a7baa1b5ad65,Barton Carroll
2025,WA,f512d243-c907-483a-8dff-ae2cd7434cf7,Swedey
2025,WA,868fa2f6-3360-4efd-9dc2-f1810d97dc06,Student Nurse
2025,WA,90ee221e-3c6c-4607-92ca-841f71869e11,Lez Zeppelin
2025,WA,4cd556a5-db82-43f6-8d55-99598b42da8f,Kenny G
2025,WA,d8343cb5-409d-4650-9d20-06546c9fadf6,The Iron Maidens
2025,WA,4cd556a5-db82-43f6-8d55-99598b42da8f,Kenny G
2025,WA,f52082d5-5430-4d03-ac99-d6b822d0bc4b,Andy Coe Band
2025,WA,4cd556a5-db82-43f6-8d55-99598b42da8f,Kenny G
2025,WA,0fabbc1d-8d94-4a61-bd1d-1099ad1e4559,Car Seat Headrest
2025,WA,4cd556a5-db82-43f6-8d55-99598b42da8f,Kenny G
2025,WA,4cd556a5-db82-43f6-8d55-99598b42da8f,Kenny G
2025,WA,4cd556a5-db82-43f6-8d55-99598b42da8f,Kenny G
2025,WA,4cd556a5-db82-43f6-8d55-99598b42da8f,Kenny G
2025,WA,a478c200-cb8f-4489-870d-7c0a53f80940,Pigpen
2025,WA,4cd556a5-db82-43f6-8d55-99598b42da8f,Kenny G
2025,WA,20114777-bb2c-43ea-8ab2-15cce500043b,Waxling
2025,WV,61cc5357-8890-4887-8c37-51c3a7ea9755,That Arena Rock Show
2025,WV,ed92e1cb-a382-4a1a-a2b9-0b06b4174f5b,Fan Halen
2025,WV,01c68b57-e16b-47b6-9d68-a1d4bd32c1b2,Thunderstruck
2025,WV,e0a71250-8d5a-46b9-9b6d-4df609e9d1a0,Stone Campus
2025,WV,c6d2cbdf-30e7-4233-a1b4-e892f116ada1,The Suicide Machines
2025,WV,fd4ed261-13be-4632-bf35-aa4d29a676b4,The Entire History of You
2025,WV,d50c41d5-cd47-4814-ba50-bd9282c687f4,Gangstagrass
2025,WV,7875d796-028c-41c4-b358-8a1036e99eaa,Scarhaven
2025,WV,85f61908-62f9-420d-8ed6-bfd08132c646,A Motown Christmas
2025,WV,93ccd76c-3790-4435-a8bf-02bc26294b93,Bush
2025,WV,9b4f5865-eeba-4b00-9b54-d3c2ec9fbdf9,The Callous Daoboys
2025,WV,f92ce671-e248-4478-9d97-b3c654434ccd,fromjoy
2025,WV,7573df58-aa76-4b1c-9035-8a0ed0d4e994,Chevy Chase
2025,WV,43cd3ca4-441b-41c4-afa8-e570f110f3d8,Thunderchief
2025,WV,83a26bec-49fc-4c61-983c-0beef780b78d,Mark Erelli
2025,WV,c84fad71-30dc-4f1d-b9c6-2205eb729779,Telekinetic Yeti
2025,WV,41f4d85a-0bd7-4602-a3e3-8c47f36efb0a,Accept
2025,WV,deeea939-7f89-4762-b09f-79269cd70d3b,Queensrÿche
2025,WV,773af101-792f-48b8-a588-09a07cff5e53,Sara Evans
2025,WV,3f96553a-1939-452b-add0-65d67022e6b4,Anne Wilson
2025,WI,b8a151c0-5ae7-40de-84cf-a0f00b765a0b,aurorawave
2025,WI,f10177e4-b7f7-4e63-92b6-c805c6cc54d6,Nonpoint
2025,WI,2b077530-f579-40b4-91be-249bb21c58e3,Horseshoes & Hand Grenades
2025,WI,a4ad4581-721e-4123-aa3e-15b36490cf0f,Spafford
2025,WI,f8252d39-2e99-48f2-b8d9-60f3e668d524,Boy Hits Car
2025,WI,add9d31e-c9ce-42f9-8d91-72abe0caa7c8,Vic Ferrari
2025,WI,87e89df1-1211-42ad-ac87-7c2f3095c2f8,Erin Krebs
2025,WI,34ca25ef-eb65-4cc9-9d0a-8154865f3d6f,Bullshit Nonsense
2025,WI,f10177e4-b7f7-4e63-92b6-c805c6cc54d6,Nonpoint
2025,WI,baaf92f5-f2b2-4f51-9723-abed41a257f8,Local H
2025,WI,f8252d39-2e99-48f2-b8d9-60f3e668d524,Boy Hits Car
2025,WI,46a4862e-2d0e-4129-b3e8-bf04b134da50,Fig Dish
2025,WI,a4ad4581-721e-4123-aa3e-15b36490cf0f,Spafford
2025,WI,b8a151c0-5ae7-40de-84cf-a0f00b765a0b,aurorawave
2025,WI,76c08923-713e-4b84-a58f-e00ec87b7cd3,Modern Joey
2025,WI,054e2798-297d-4396-bb09-8bffda628e43,Pink Talking Fish
2025,WI,a4ad4581-721e-4123-aa3e-15b36490cf0f,Spafford
2025,WI,d79ed0c6-8b02-4c41-8902-24f9cf5f32c7,Squeaky Feet
2025,WI,d2b83114-af3e-4397-b570-10d81f1dd650,Trans‐Siberian Orchestra
2025,WI,d2b83114-af3e-4397-b570-10d81f1dd650,Trans‐Siberian Orchestra
2025,WY,178131a1-bb63-44dd-8097-a5ac99933c30,Home Free
2025,WY,846482ac-d4c4-4286-8002-b14a601d8ec0,Rose Royce
2025,WY,22ed5687-34f6-4535-ae54-b2dede68e750,ANTISAINT
2025,WY,b5280a77-7cf7-464e-bb39-6fb53bc5f875,Desolus
2025,WY,36fb859f-85fd-47d4-b99f-b8c8b8a1cecc,Sludgebroker
2025,WY,c5790c27-5808-42a2-b409-5395b56c209f,Today Is the Day
2025,WY,e76ed23c-91fc-4835-a5f6-666d9b0543d8,Vulgarian
2025,WY,3ae70f76-ea53-4cc5-906e-d47a384202a1,Darius Rucker
2025,WY,b1bad7e7-18fd-4c1d-9a64-66c3696209ac,Fred Armisen
2025,WY,d84c03c5-e806-47c5-a56f-14556d459640,Nest
2025,WY,0a4fb427-3f23-4ab8-8f87-738eb6cf0532,Berated
2025,WY,e60f3811-1e1c-49b7-86ce-fa722d7284b8,Go Ahead and Die
2025,WY,832a43c7-aa7d-439b-a6b4-4f1afa671c24,Soulfly
2025,WY,9939a762-5ca9-4c12-a735-0d62e21df4e3,Zach Top
2025,WY,b53b9322-7d65-4b17-ae4c-9190d347fcea,Margo Price
2025,WY,6fa09822-bbe4-4ff8-901d-4a39a4dd82e9,Supersuckers
2025,WY,c3f28da8-662d-4f09-bdc7-3084bf685930,Iron & Wine
2025,WY,be259f80-096e-4dc1-8933-d60a8cf3bc69,Kameron Marlowe
2025,WY,d9a9b6aa-c5c5-40dc-95ec-0bff029245c0,Dayseeker
2025,WY,86e327de-29fc-4372-836a-7df1b660ec76,DED
2024,AL,cf062727-fd9b-4a1a-840f-2c202a7ec635,The Band Silhouette
2024,AL,8572c868-66ca-46d8-ab79-e4901c75a19d,Joyboy
2024,AL,98d4fc6d-0ddf-4e65-a91b-3552e125d4c9,Acute Effect
2024,AL,71b3173a-ec91-4fb2-b067-feb5c88d7712,Apprehend
2024,AL,3030832e-6412-4e27-8248-b4d1d5588693,Mighty Menace
2024,AL,ccab7067-d7b7-44f9-86bf-818473f4b182,The Official Bard of Baldwin County
2024,AL,bf7d389b-6d0d-4cdd-93b2-6219df691e15,Breuin
2024,AL,eff56abd-3df6-482c-b162-cbf42a7e0298,The Flatcap Boggins
2024,AL,e2ae5214-fb39-48b5-8f35-1dff73e1467f,Young Division
2024,AL,13b2f3a1-de26-4f5a-b50f-01842204d582,Warhol
2024,AL,489e3789-6833-496e-9aff-cd7d4c367685,Caleb Elliott
2024,AL,922a18b1-0aba-4868-8f38-2aa4f324fe16,Mannheim Steamroller
2024,AL,21565a51-b8c9-4e43-a40b-ae73c5855ccf,Masticated
2024,AL,da5f3dc3-15d2-4b27-8a2c-f4d3c577119c,Honest Dolla
2024,AL,87547833-8aa3-424b-a3f6-b89a11dc0cae,Fogcrawler
2024,AL,b97b8a79-5785-42a7-b6d4-3d27476f45df,Dismal Dream
2024,AL,ed5fb2c6-76ec-4930-97b3-286729c1e6bf,Mountain Grass Unit
2024,AL,922a18b1-0aba-4868-8f38-2aa4f324fe16,Mannheim Steamroller
2024,AL,49b4e2dd-610b-48b1-841a-268c20396a36,Audiophile
2024,AL,7c56a446-6802-4b19-8d22-475eeb0241b2,Widaparte
2024,AK,5858a00a-a118-4553-b7d7-a2fcab99e092,Mourning High
2024,AK,0875decd-d4d7-4498-a2c7-fac1b27f6f15,Thera
2024,AK,8262d8e4-9137-4bb3-a787-3caabbbc13e9,The Used
2024,AK,350bce49-c21b-4137-b50a-0766ded07e4d,Taking Back Sunday
2024,AK,20cb03e2-acfd-439f-9db2-ce8fcc67b220,Slow Magic
2024,AK,4486702e-7b26-43fd-babc-c0df7be0e1d9,St. Paul & The Broken Bones
2024,AK,af3d2468-769a-4105-80d2-c9fc9a787b68,SunDog
2024,AK,bf600e2b-dc2d-4839-a1be-6ebef4087cd0,311
2024,AK,a9c38fd2-04be-4bc6-a3bc-96508b226508,Stephen Sanchez
2024,AK,183e636e-d41c-43fe-a428-8a034eb20c7b,Theory of a Deadman
2024,AK,70dce6b7-5bc2-424f-8529-128dbbc6aa79,Piano Men - Generations
2024,AK,eaed2193-e026-493b-ac57-113360407b06,Halestorm
2024,AK,cde174be-fe47-44c8-9dc4-968b7ae50a0c,Sons of the East
2024,AK,cde174be-fe47-44c8-9dc4-968b7ae50a0c,Sons of the East
2024,AK,0638ba22-040f-438d-83a5-9b670c4adaf5,Ludacris
2024,AK,cde174be-fe47-44c8-9dc4-968b7ae50a0c,Sons of the East
2024,AK,47d5e136-57cc-4a82-9263-c5ec5ab7e2ee,Wynonna Judd
2024,AK,cde174be-fe47-44c8-9dc4-968b7ae50a0c,Sons of the East
2024,AK,5bbf0f10-4355-42cb-9d08-6b777a8a300d,Mt. Joy
2024,AK,8b477559-946e-4ef2-9fe1-446cff8fdd79,Natasha Bedingfield
2024,AZ,1fe3cb1b-220e-41a3-8ad9-e1652b8d150a,Magnum Axxe
2024,AZ,f6375b3f-c4f7-46a1-a474-23071e696a3d,The Venomous Pinks
2024,AZ,64e62fbe-5989-402d-b26a-7a9eb602937f,TV Tragedy
2024,AZ,a4ad4581-721e-4123-aa3e-15b36490cf0f,Spafford
2024,AZ,2547c5e3-314c-4332-981d-f18c902a4086,John Summit
2024,AZ,f9fdca15-1bef-43a0-8213-758b6ee0aa91,Zeds Dead
2024,AZ,64ee2e1f-04e2-4f5c-8396-a6e2836af6b3,Rock Addix
2024,AZ,fa1de503-aba7-41fa-a1ed-371b3e87a717,Madeon
2024,AZ,2b9967c7-3246-4658-a561-ded5408dd9af,Los Lobos
2024,AZ,81dec2d3-6da2-4838-be65-d38dbdb57b66,Orkesta Mendoza
2024,AZ,e0a60de0-22c3-4e10-ac93-3a385191bbf6,Midland
2024,AZ,327f37c4-3e6a-4779-8869-81c103e69c32,Eptic × Space Laces
2024,AZ,733c6e6f-0306-403e-9243-82b16a4f82d8,Excision
2024,AZ,a4ad4581-721e-4123-aa3e-15b36490cf0f,Spafford
2024,AZ,4a00ec9d-c635-463a-8cd4-eb61725f0c60,deadmau5
2024,AZ,9b8548a9-5991-42a9-ba96-fe83bd238b7a,Dom Dolla
2024,AZ,9941a936-196a-4a62-ae53-a69cbc33f20e,Black Flag
2024,AZ,93ee15bc-ec4f-468a-b68b-a4bd29f3b9c1,Greyhound Soul
2024,AZ,5034f8c3-0769-42ae-9f0c-ba44d06273a8,Pijama Piyama
2024,AZ,81dec2d3-6da2-4838-be65-d38dbdb57b66,Orkesta Mendoza
2024,AR,4ea75931-efa7-4ce0-b8b0-4130b99cf89e,Arkansauce
2024,AR,4ea75931-efa7-4ce0-b8b0-4130b99cf89e,Arkansauce
2024,AR,14521b2a-ff27-4490-89b1-a5802b212fde,Alterbrap
2024,AR,ba67b7da-cca7-4c3f-ba19-05349f0f7d97,Parker McCollum
2024,AR,7aafbcfd-6ddd-4e09-a586-f9030f82abae,Bulla
2024,AR,56d481e6-5a39-4bf7-8f63-ca78ac614fc9,Jason Boland & The Stragglers
2024,AR,066e598e-baa0-4e34-b511-c70bcec6f783,Toadies
2024,AR,2667ba1e-8f76-441a-bf64-02f4d60ef642,Vandoliers
2024,AR,2f063ac5-e620-41e4-a584-6ee8d4ac154a,Mike Cooley
2024,AR,4897da27-164d-4ef4-a4c3-b2ad19a58604,Mammoth Caravan
2024,AR,2f063ac5-e620-41e4-a584-6ee8d4ac154a,Mike Cooley
2024,AR,955bc3c8-36d4-47e8-9648-f6728c613583,Marcus King
2024,AR,ccd69c22-fba6-4ff9-9c6f-e3b2867759dc,Zoso
2024,AR,51b7f46f-6c0f-46f2-9496-08c9ec2624d4,Ben Folds
2024,AR,d8343cb5-409d-4650-9d20-06546c9fadf6,The Iron Maidens
2024,AR,9d2c84b7-cb14-4310-b34e-ed70460dc577,r u s s e l b u c k
2024,AR,41529641-c7f0-40c2-80f9-eedc971b1a63,Living Sacrifice
2024,AR,a99d98d5-7d18-4490-9b76-2ebe5c36f3a7,Lindsey Kraft
2024,AR,8564e236-ef8d-4867-a6bc-cdee1072e654,Zakk Sabbath
2024,AR,39b22a9e-59dd-412b-ac3c-0725c807c72b,Hinder
2024,CA,2c1fcb15-af97-4611-bebf-f1f820d07d00,Petty Theft
2024,CA,ed92e1cb-a382-4a1a-a2b9-0b06b4174f5b,Fan Halen
2024,CA,dbc22c3d-ed99-4267-a1e4-990d5c405d79,STRANGELOVE – The Depeche Mode Experience
2024,CA,a56bd8f9-8ef8-4d63-89a4-794ed1360dd2,Diplo
2024,CA,72293277-7f85-44a8-892f-145e7fa33672,Cosmo Alleycats
2024,CA,e1e05cce-3922-44e1-8f20-015abe5e309d,Social Distortion
2024,CA,ccecffbf-6631-46a3-8e32-ece2669ace37,Mariachi El Bronx
2024,CA,56c4b861-0922-4c3a-a9b9-3bfcb00f8274,Zedd
2024,CA,3dd83e1a-7de2-45fe-ae02-e152a077ccfc,Les Claypool and the Holy Mackerel
2024,CA,a30e9b0e-4c92-4cb1-876c-e7d05995d6d5,Black Sabbitch
2024,CA,a7229e38-bab7-48c1-9f35-9b4c49738b0f,Galantis
2024,CA,6c11309a-264e-4d39-a4c6-6f028c6da747,Starcrawler
2024,CA,c0e02814-abda-4423-8fe7-7fb05fcbcdda,James Durbin
2024,CA,724ffc08-6987-40b0-b107-03bb95a82b80,Deorro
2024,CA,2547c5e3-314c-4332-981d-f18c902a4086,John Summit
2024,CA,e6791155-ec80-4a7a-b108-54481ff73ead,Dengue Fever
2024,CA,fca94d64-9ada-4264-9373-4158e2f7c7e7,Chris Lake
2024,CA,e61eedbd-3c87-4d26-a35f-e24e36a0302f,The Les Claypool Frog Brigade
2024,CA,76a5a114-ed6a-4eb6-8a81-ad5768d4b41c,KC and the Sunshine Band
2024,CA,5c5284c4-38b2-4018-b1ed-404d77fd2cf0,Neal Francis
2024,CO,534e1610-b9a0-41cc-87e0-c8f09222ba9b,clementine
2024,CO,5f43abf6-92a5-468a-a633-b73f94627972,ILLENIUM
2024,CO,a66cc38c-e6cd-4725-a8fd-7d32b998347f,DeVotchKa
2024,CO,302bd7b9-d012-4360-897a-93b00c855680,David Guetta
2024,CO,68be8273-cb12-4053-964d-157b7e5cf265,Sasha
2024,CO,ce809639-0e34-40c4-86c9-90a162cb3d46,Heatwave
2024,CO,466c0d2d-d312-4a2c-a6aa-d23f85e82ea2,The Magic Beans
2024,CO,199596a3-a1af-49f8-8795-259eff8461fb,Greensky Bluegrass
2024,CO,3d36bd1f-a551-4b16-9cb5-3e4c68bc5f2a,The Nude Party
2024,CO,ce0724ab-2d63-415b-bbb1-839f97bb771a,Apashe
2024,CO,016b6741-a443-492c-ae7f-fb0378d3270e,MEDUZA
2024,CO,374a63ed-2502-495a-8e31-139e3ed7507e,Tchami
2024,CO,07b6020a-c539-4d68-aeef-f159f3befc76,Band of Horses
2024,CO,3826a6e0-9ea5-4007-941c-25b9dd943981,Umphrey’s McGee
2024,CO,014abfeb-cdfe-46dc-90fb-e192473ce252,Ganja White Night
2024,CO,03941351-9416-4ef0-9707-a118985244ea,Skepsis
2024,CO,a0d47559-6ffc-464a-a4d6-30777e5c76f7,Malaa
2024,CO,ec6477a4-94e4-43ac-b6dc-b205e38a6a6e,Lee Foss
2024,CO,8d1c2b59-b51c-4ef6-9b19-7bf9647f0cbb,Sqwerv
2024,CO,e33994a3-2f5c-42f5-8df1-4d23c331a4a5,SLANDER
2024,CT,e45afde9-0e74-457d-a0a8-9b1720a28ee6,Shawn Klush
2024,CT,e9fa01fd-2171-4ce1-ba34-5a0dbe844bd2,Adam Ezra Group
2024,CT,68d2ff5d-0370-44db-91a6-d0392f610263,boyreporter
2024,CT,50679ca3-1105-4aef-bc61-42310fab9b19,Sirsy
2024,CT,74dc2e73-9d7a-4d78-b151-0b4c14b08f50,Stephen Kellogg
2024,CT,1ce9c0ef-afe0-415c-9598-dc84e2345251,Reed Foehl
2024,CT,d262ea27-3ffe-40f7-b922-85c42d625e67,Pitbull
2024,CT,94a91507-1e1c-41f8-969a-54347671d729,Just Us
2024,CT,f8796712-19fd-49ca-9cc7-99c30215b3cd,Gov’t Mule
2024,CT,527058c6-758a-44c4-b138-7f80e8163fd3,Burning Lord
2024,CT,5bf81749-ba38-4889-82a6-f7f68717b3b4,Hindsight
2024,CT,a4987799-3f8c-4965-ab2d-d5c8f9c186ce,Square One
2024,CT,54890314-4dcf-436e-adc4-3c0b2d7dd0bc,The Next Level
2024,CT,92a42e82-b36f-4308-82c1-68bad2e03c89,Third Eye Blind
2024,CT,43a851ee-6f12-4feb-925e-5e281c24c25a,Wreckage
2024,CT,58697a64-7fbe-4a6e-afb1-ed9c7cdc5bde,With Hate
2024,CT,f17ba713-52cc-425b-ad69-9c5e3698301d,If It Rains
2024,CT,78eb7712-6321-4717-9dfc-0e2a65040d6c,Neybas
2024,CT,2469950a-f0ca-425a-bfbc-baf55ea3afde,Kool & the Gang
2024,CT,3bfa8f23-2dbb-43e2-b1da-3cfaa6c5ff9d,The Time
2024,DE,d8343cb5-409d-4650-9d20-06546c9fadf6,The Iron Maidens
2024,DE,8564e236-ef8d-4867-a6bc-cdee1072e654,Zakk Sabbath
2024,DE,ccd69c22-fba6-4ff9-9c6f-e3b2867759dc,Zoso
2024,DE,fd72746f-1704-4ac9-89bc-743c0e1d0779,Dan & Joe
2024,DE,442ba8e9-8bd9-4867-8e36-32489d6343be,Will Bozarth
2024,DE,33f3276d-4d1a-46b1-9949-bbacfee41651,Jimmie Allen
2024,DE,0c92f735-169d-49ba-8379-c7ae06b09033,Avery Anna
2024,DE,7e915503-cc34-43fa-a6d7-986ff909d5e9,Kathleen Edwards
2024,DE,30eb9d80-3fa1-46b8-b9ca-c293b507b7bc,Matt Sucich
2024,DE,f27ab860-84e3-43c4-872a-a8181192d24a,Lúnasa
2024,DE,30b35af1-a4ea-4f57-ad84-d238714674e1,Spread Eagle
2024,DE,9cbfec65-0242-47f3-834f-412aa0d8bd1a,Mechanical Canine
2024,DE,a9e5337b-0608-4401-91d4-18ab4cf47ff8,Peter Mulvey
2024,DE,21685b15-3074-446e-aa1d-ff7157014f53,Lucinda Williams
2024,DE,a659dc5f-c903-4e8c-9de6-5bb8acdde608,genCAB
2024,DE,ae6d5b04-7b28-4c98-87b7-7fed8885a7d1,Danny Blu
2024,DE,519abe85-7bb8-4979-96b1-3d10d951f6c1,Nyxx
2024,DE,0e981414-1bee-42f4-b80b-ce285c13ac8a,Jamie McLean Band
2024,DE,5f01acc5-3088-4e25-a170-20e5f609941a,Drew & the Blue
2024,DE,c576321e-7db9-49c3-95d2-1313507c0931,Jaime Wyatt
2024,FL,088713c1-5783-474a-a4fb-4b48189504f9,Vinja
2024,FL,037b679d-ab3c-4434-a38b-74700ee48890,AJ McLean
2024,FL,d3242a5b-277f-471d-9a55-23beb46b0e80,No Filter Band
2024,FL,d34c1a4b-0cd5-46b9-96a6-fcd817eba299,Joey Fatone
2024,FL,074d8126-20b8-47cd-b874-9d8457df7684,Shaquille O’Neal
2024,FL,8c7692ea-6f9e-4f24-9b4f-b170df98afd7,Claptone
2024,FL,6bbb3983-ce8a-4971-96e0-7cae73268fc4,Jungle
2024,FL,8382718b-c4e2-4200-8667-5b845b5da6ac,Geoff Tate
2024,FL,b0337af1-8d93-4671-b6c9-ba306bf942bf,Central Cee
2024,FL,ed29398b-bbf3-42a0-8eff-8631509c271d,JoJo
2024,FL,bcf3ad0b-4eae-4c8b-a292-9f4c573aa27a,Samantha Fish
2024,FL,0f9b5bdb-9e99-40c1-8311-5164cb8871a1,Bob Weir and Wolf Bros.
2024,FL,0638ba22-040f-438d-83a5-9b670c4adaf5,Ludacris
2024,FL,1b4a9142-d67b-469f-b992-1469d2e6bf25,Papadosio
2024,FL,2f3c4d70-0462-40da-bba3-0aec5772c556,Cardi B
2024,FL,c394e9ff-888f-4c03-a494-147d5aa53ccb,Two Friends
2024,FL,a916ce0a-0ab7-4b2f-b169-2166b746e31e,Donna the Buffalo
2024,FL,060fa1be-1db9-46ba-b06c-fb55e4eb895e,CloZee
2024,FL,87892049-eeff-4b22-bb55-b522a1e348ea,Steely Dead
2024,FL,32246f39-ca92-43fb-8b9c-12bc5ea0c444,#NoFilter
2024,GA,8374fe36-ccb2-463b-89c2-5f37a264400f,Dizgo
2024,GA,defd5f38-2374-494a-8467-094dd994e825,Daily Bread
2024,GA,9aab4425-2329-4049-acab-39280c7b706a,HAPPY LANDING
2024,GA,1576a26e-f77d-47ac-87f2-4f610c141ac6,Blackberry Smoke
2024,GA,507226f4-0842-4f43-950e-81a7017230ec,Zac Brown Band
2024,GA,bff06586-9050-420e-93a1-bff166090e7f,Winyah
2024,GA,92f9ca96-f8b7-4b04-b02b-caf9647ab304,Immaterial Possession
2024,GA,21f30a20-d268-40e5-8bfa-f249ff0e5a8b,Pylon Reenactment Society
2024,GA,8d418822-4d8b-4c44-947e-d897eb3be8c4,Moon Taxi
2024,GA,6849f4e1-d94a-4efb-a6b9-2edb287aae8e,Robert Jon & The Wreck
2024,GA,defd5f38-2374-494a-8467-094dd994e825,Daily Bread
2024,GA,8444928a-9292-4b69-ac50-3e9b44cfa8de,The Georgia Satellites
2024,GA,9235f0b2-17cc-4acf-aacc-4203a7ea018d,Radio Cult
2024,GA,9401ec8e-27bb-48d9-be55-c932128ded97,James Hall & the Steady Wicked
2024,GA,ebc62654-16b1-45a7-9b6b-312beecf95ba,Impulse Ride
2024,GA,9ed02fb0-8f76-4353-a2ee-bd8268be1aeb,Foundation
2024,GA,c8eaef90-750a-4aee-ae37-d57181072393,Magnitude
2024,GA,2e62daef-dc0d-40ad-b430-fd6872e992aa,The Glitch Mob
2024,GA,ea6c62ec-701e-4f01-bbcc-adfad2d3be70,Straight No Chaser
2024,GA,0c9d1ed2-8896-4e05-a2c1-a317ef8f064e,Sword II
2024,HI,fa19ee38-c2a9-4ed1-9b24-a18100cf9db3,Don McLean
2024,HI,a2030c8d-cad0-4327-9534-47761f8ef0f0,The Green
2024,HI,cd8858ea-73c4-4c8f-8fcc-5aba0b877688,Hitsujibungaku
2024,HI,de10dd9c-be31-4c05-a6bd-9ef39b7fb89c,John Keawe
2024,HI,457cad1f-30f9-4d44-ac82-34d458daf760,Jason Duarte
2024,HI,de10dd9c-be31-4c05-a6bd-9ef39b7fb89c,John Keawe
2024,HI,06f9c474-0547-40fc-be3d-1ae6ce38abd7,Judy Collins
2024,HI,0220a594-56a1-47ca-8288-001ead3a3546,Strung Out
2024,HI,41ca19c2-935f-4647-9ef5-26f81291a9aa,Blxst
2024,HI,e8d2a29c-7c06-4fe1-a102-ed6d1994c91a,Ledward Kaapana
2024,HI,41ca19c2-935f-4647-9ef5-26f81291a9aa,Blxst
2024,HI,2015ac37-b6a9-4eef-946d-595e9b06a832,Dinah Jane
2024,HI,87283514-342d-4007-ab43-aa11ba79d92a,Chris Murphy
2024,HI,fea10a75-7f11-44b3-89c5-04d0583c2848,John Cruz
2024,HI,6784ee31-6d79-4a37-9e1f-01d6ef31940e,Dionne Warwick
2024,HI,6784ee31-6d79-4a37-9e1f-01d6ef31940e,Dionne Warwick
2024,HI,6784ee31-6d79-4a37-9e1f-01d6ef31940e,Dionne Warwick
2024,HI,dbc22c3d-ed99-4267-a1e4-990d5c405d79,STRANGELOVE – The Depeche Mode Experience
2024,HI,0b45952d-0015-4b23-854e-120213648af8,Rachel Faith
2024,HI,aaa436da-b331-4e58-a0fd-3d64d090c120,A Flock of Seagulls
2024,ID,a5291637-73a1-43cc-9ca7-ab7262849c50,Grateful
2024,ID,6c47207f-9d19-4feb-a24e-ead3d73e4794,Cary Beare
2024,ID,2f76bd85-ba19-4d80-9bb7-4555abe463c5,The Blind Boys of Alabama
2024,ID,1822e292-b283-451c-9ba5-c38132dfda63,Thunderpussy
2024,ID,f5d56157-c5fe-490f-bf91-8d200e7f9b5f,The Toasters
2024,ID,922a18b1-0aba-4868-8f38-2aa4f324fe16,Mannheim Steamroller
2024,ID,3b42f505-d512-4fbb-a8b7-d7a8aa54b4c0,Public Domain
2024,ID,e95e8489-a6d9-4fcc-b91d-face851e0364,Josey Scott
2024,ID,42610aef-762e-40e7-bd57-78f9afc015f8,GENTRI
2024,ID,f85b6ef8-0e84-43b7-b740-44b6c341b6c7,The Gothard Sisters
2024,ID,beb404c4-9d0b-4042-a56c-aad7673c677d,Sungazer
2024,ID,978a36f7-85c6-44ca-a02e-7564e8fa8284,Lightning Bolt
2024,ID,c7df5ec5-380a-40f9-856f-28fb4a33d946,Machine Girl
2024,ID,e31422be-3917-4281-8ff3-16491ed0d5a6,Kill Alters
2024,ID,de755c94-da14-4af3-bc23-60121fcfa450,Dragged Out
2024,ID,d0d3ac26-0182-4747-878a-277ac8b10661,Goody Grace
2024,ID,db48610c-6d8f-4d10-90ca-c4d14bb1a8b1,G‐Eazy
2024,ID,02fa2b63-016b-4cb3-bf01-2f8f43973876,IDK
2024,ID,708c8fe9-af4f-4f3f-9c34-986c0b97caa3,New Constellations
2024,ID,75cdc7ad-63b6-48b3-8de2-617d08a9ddf8,Los Tigres del Norte
2024,IL,090d4dee-0248-4f09-987a-f9b78dd30e1f,Kathy Griffin
2024,IL,ad590765-191c-4c07-9d64-49633488e9a8,Jon Pardi
2024,IL,052de971-a156-44a5-aa4e-c16bbb41999b,Mike Reed’s Separatist Party
2024,IL,6e5e3adb-7be9-4bb2-86c1-781aa213e827,Cory Branan
2024,IL,0114f8af-c570-4f1b-894e-e9b384b79d2b,Natural Information Society
2024,IL,46edaad9-80b0-4d05-95cd-aebafb090263,Derrick Carter
2024,IL,1a681dad-cb15-43be-9d0f-4a807badff9f,Lucero
2024,IL,2957ec1c-0d82-4086-80d3-2986cda8e8fe,The Sloppy Boys
2024,IL,ef0f6170-de95-4fb7-8576-94026c9bae0f,The Steepwater Band
2024,IL,19bdc2ab-f133-46cd-af5c-a5db213d2003,90 Day Men
2024,IL,66696d1e-8bfd-43a4-b8d6-d255da84b02b,División Minúscula
2024,IL,47aac479-86e1-4b0d-88c9-f550e27aa347,Jim Cornelison
2024,IL,909c065e-8b75-45c8-b22c-4ca4ca1a4a38,Theo Katzman
2024,IL,584758b2-306b-4aea-8694-3876943c9968,Lake Street Dive
2024,IL,373a4c98-a46b-48e4-86ec-f6ca65b4f438,Chance the Rapper
2024,IL,ba0d6274-db14-4ef5-b28d-657ebde1a396,The Smashing Pumpkins
2024,IL,baaf92f5-f2b2-4f51-9723-abed41a257f8,Local H
2024,IL,ba0d6274-db14-4ef5-b28d-657ebde1a396,The Smashing Pumpkins
2024,IL,600b0b70-e74b-4ed4-9841-6cd5f74a6341,Ira Glass
2024,IL,3a07764c-7cc5-42e9-8205-3de7532f4771,Pretty Lights
2024,IN,fe212220-a88f-40d6-a457-a1007e3434cc,Hyryder
2024,IN,4bce31bc-f96b-4545-b363-fa3c8f43b5cc,Ravenscoon
2024,IN,1195d61b-8fae-413f-a391-15fe986d210e,Ujuu
2024,IN,f2239809-cad3-4b44-ab1d-b48e75c0170b,Shanghai Doom
2024,IN,04ee149d-9fb3-4871-812b-c40fbeab46ac,Abbie Thomas
2024,IN,2814c493-5504-4bae-877c-320c157d2941,Gardella
2024,IN,a66145e9-2391-4e0f-93f8-357ddac7f3b6,The Widdler
2024,IN,53f73579-b4f0-4374-bae2-0d4b8f538cbd,Sadie Johnson
2024,IN,6ae51665-8261-4ae5-883f-1899651ad31b,Filter
2024,IN,fe212220-a88f-40d6-a457-a1007e3434cc,Hyryder
2024,IN,955bc3c8-36d4-47e8-9648-f6728c613583,Marcus King
2024,IN,2b29ecf7-7733-43b7-8d06-d101199886f2,Fried By Fluoride
2024,IN,221af8ba-bce4-48f1-a19b-d9562274dc0f,Six Foot Blonde
2024,IN,5f7595e4-0a69-429b-ada6-cc285ff69c82,Mr.Phylzzz
2024,IN,9844ebce-7fcc-460f-a8c7-7adf65c75be1,Repentance
2024,IN,eb6c3d9c-3161-4e4f-9f22-3a005e2d01e0,Hollywood Nights - The Bob Seger Experience
2024,IN,bc5e2ad6-0a4a-4d90-b911-e9a7e6861727,Mastodon
2024,IN,2944eb71-4547-440e-b36e-8e1176a710db,Hairball
2024,IN,9bef5751-1bd8-40a4-b0ab-8799db95e865,The Why Store
2024,IN,fb3189eb-9ac7-42c1-b4be-333774c4422b,Guardrail
2024,IA,59ecaca7-26ab-4f2d-8444-dc372f28f87c,Rebel Queens
2024,IA,a942e785-71f0-4df2-856a-ecd4c055ec83,David Zollo
2024,IA,922a18b1-0aba-4868-8f38-2aa4f324fe16,Mannheim Steamroller
2024,IA,9f870653-72b0-4c6d-8c59-439a95963e09,Cheap Trick
2024,IA,ce8cacb6-c917-41f5-b403-8fb601c89e70,Glenn Miller Orchestra
2024,IA,ba2ce66f-1673-4d88-bb31-ee466d764030,Shaun Johnson & The Big Band Experience
2024,IA,922a18b1-0aba-4868-8f38-2aa4f324fe16,Mannheim Steamroller
2024,IA,922a18b1-0aba-4868-8f38-2aa4f324fe16,Mannheim Steamroller
2024,IA,922a18b1-0aba-4868-8f38-2aa4f324fe16,Mannheim Steamroller
2024,IA,47ae300b-a2a5-40b2-b5ac-ae8b250bf883,Mic Harrison
2024,IA,956f2c57-97f3-4a0b-b5ca-576d367dc822,Chris Knight
2024,IA,39b22a9e-59dd-412b-ac3c-0725c807c72b,Hinder
2024,IA,79c67eb5-3851-4b28-bfe0-3adfcd6f58d7,Pentatonix
2024,IA,ac53c83c-c969-477f-9564-769e1ed80519,Josh Ritter
2024,IA,c12e6a0e-2317-40d1-b092-cc70f50fd548,Cécile McLorin Salvant
2024,IA,18432abb-3a22-4377-be79-6f3f37fade76,The Nadas
2024,IA,2944eb71-4547-440e-b36e-8e1176a710db,Hairball
2024,IA,9f42398b-56e5-4430-842c-1d843ac9f116,William Elliott Whitmore
2024,IA,ae404df4-c19c-4336-8351-58db117c2656,Jim Swim
2024,IA,22bec07a-984d-46b4-af3b-bec98a9fb6d2,Mac Powell & Matt Maher
2024,KS,922a18b1-0aba-4868-8f38-2aa4f324fe16,Mannheim Steamroller
2024,KS,185b705b-7bd2-4774-bc2f-1cbe1fc4d74f,Pretend Friend
2024,KS,b865b28e-b9db-4ac0-96e4-ac7ea962b17d,Extermination Dismemberment
2024,KS,d4185b44-d2db-447c-80b0-cc1da207a19b,Crown Magnetar
2024,KS,6e9468bf-dcda-4ebb-a2d6-ae9040a7d840,Extortionist
2024,KS,10409269-c2f2-4211-9002-fb9b13545560,LARCɆNIA ROɆ
2024,KS,39b22a9e-59dd-412b-ac3c-0725c807c72b,Hinder
2024,KS,726a3e37-98ec-4d68-b1a1-638c66515ecb,Gurney
2024,KS,c6266c3a-16ca-48c2-9f9f-34380117e6bb,Aprilmist
2024,KS,2b7f7d1e-ec62-4c39-b54c-2f09df1136b3,Drifter
2024,KS,79612e9f-af9b-4707-b56d-3128948dde5b,Halle Kearns
2024,KS,5cf7f4fa-b9d7-42ae-b08c-6c1588877733,Mason Ramsey
2024,KS,8564e236-ef8d-4867-a6bc-cdee1072e654,Zakk Sabbath
2024,KS,253b02e7-a094-40b0-9257-28ee4cbceb01,Billy
2024,KS,55d19528-7101-4b01-979a-f00f3ef23359,Mugshot
2024,KS,ccd69c22-fba6-4ff9-9c6f-e3b2867759dc,Zoso
2024,KS,d8343cb5-409d-4650-9d20-06546c9fadf6,The Iron Maidens
2024,KS,e31422be-3917-4281-8ff3-16491ed0d5a6,Kill Alters
2024,KS,978a36f7-85c6-44ca-a02e-7564e8fa8284,Lightning Bolt
2024,KS,c7df5ec5-380a-40f9-856f-28fb4a33d946,Machine Girl
2024,KY,24295618-32d7-4a6c-a142-98b19d69b89f,Flaw
2024,KY,df825625-f641-4eff-ba15-85f4552c6f02,John Caparulo
2024,KY,922a18b1-0aba-4868-8f38-2aa4f324fe16,Mannheim Steamroller
2024,KY,922a18b1-0aba-4868-8f38-2aa4f324fe16,Mannheim Steamroller
2024,KY,fd95f811-981e-4802-a712-f023fc4197fb,King Kong
2024,KY,5316aef5-b7e7-414a-b920-e5bb7e09b59e,Deady
2024,KY,c926a04a-df7f-43b0-8e5b-8976ab4d3e8f,Karen Peck and New River
2024,KY,0a6fc6b0-27ce-486d-b780-f2cf9656b88b,Hangöverkill
2024,KY,bcc57aa5-11d6-4ec9-aa99-2098b70a9db3,Sixteen Candles
2024,KY,53e40f93-f4af-4f8c-819c-7bbe4b6f0a1c,Lindsey Stirling
2024,KY,8c05cb6a-2160-42be-a2ca-5d8c2a2d8f8c,Isolation Tank Ensemble
2024,KY,f5680802-ce43-47d1-bc55-76f6353538bd,Vibrolas
2024,KY,cd7ff725-d5a7-40fc-bcdc-99d1ff7d192b,The Concentric Dronecult
2024,KY,34c76189-b669-4ca3-8c8a-2257aecc0dd6,Voidspeak
2024,KY,1cd4d43c-68bb-4e91-9de8-596470e413ed,John McCutcheon
2024,KY,1bedb507-65c3-4ee7-b860-d543141208ed,Jimmy Fortune
2024,KY,f3c234c5-db67-44b8-b354-15205eef91cf,Shrudd
2024,KY,bd5b0f22-c848-4c14-93aa-5183516dd12d,Triangle Fire
2024,KY,f3b2516c-fe7f-43e8-af37-333b0070d4c8,Runt
2024,KY,e43ad11b-5d29-45ae-90f7-73ac47fb815d,Smells Like Nirvana
2024,LA,cabbdf87-5cb2-4f3c-be65-254655c87508,Galactic
2024,LA,b612925d-5aab-458c-a9dc-e92b2d02e85e,Phantum Sun
2024,LA,218074ff-1daa-4bce-8125-e417c811b2f4,Soul Project NOLA
2024,LA,8d07ac81-0b49-4ec3-9402-2b8b479649a2,Sound Tribe Sector 9
2024,LA,0b4801b2-8cc1-4350-a6a3-fb2ff0b4d4d1,Option Stop
2024,LA,9dc79515-f8fd-4da0-93cb-8e89e229b9e8,HAG
2024,LA,fa609b12-d45c-4bc7-9cab-4f1db9bb866e,Double Knockout
2024,LA,ba9afaf0-ef3a-42a6-afe0-f924193629bb,Juvenile
2024,LA,a05add38-ccf0-4e27-a701-d4a09079682e,The Soul Rebels
2024,LA,96fa47fc-6175-45c9-9686-7a3362671137,Anders Osborne
2024,LA,640db492-34c4-47df-be14-96e2cd4b9fe4,Billy Strings
2024,LA,5d95a2cd-81e5-4f65-a3c5-9f5766c9da03,The Rumble
2024,LA,640db492-34c4-47df-be14-96e2cd4b9fe4,Billy Strings
2024,LA,8d07ac81-0b49-4ec3-9402-2b8b479649a2,Sound Tribe Sector 9
2024,LA,9c68451f-8cd9-4647-afb5-1527630f66ba,Sicard Hollow
2024,LA,2ef2eef1-8830-4973-aa8d-37cfcb9c6c2d,Johnny Sketch and the Dirty Notes
2024,LA,695d094e-ece4-4a9a-ae71-608b29bc8fb0,George Porter Jr. Trio
2024,LA,9c68451f-8cd9-4647-afb5-1527630f66ba,Sicard Hollow
2024,LA,8d07ac81-0b49-4ec3-9402-2b8b479649a2,Sound Tribe Sector 9
2024,LA,1ed65f57-3259-4250-840b-b57a03853d79,Joe Krown Trio +1 featuring Papa Mali
2024,ME,1c108d4b-7965-4626-933a-a2bfc6bcef7d,Start Making Sense
2024,ME,1ce9c0ef-afe0-415c-9598-dc84e2345251,Reed Foehl
2024,ME,054e2798-297d-4396-bb09-8bffda628e43,Pink Talking Fish
2024,ME,bc688e58-9a03-4f9d-ab82-bbc04582f63a,Bearly Dead
2024,ME,2741c649-fd77-4c69-95ef-e0570f8ab0a5,Jeff Beam
2024,ME,525b61ab-12eb-44eb-b663-6b920d2e6446,Karina Rykman
2024,ME,bb6c8551-6484-41ca-98c5-ef682faddcfa,Muscle Tough
2024,ME,406f1b42-0c9e-4427-aeb7-02f78e188ec4,Wishbone Ash
2024,ME,a7d6cac6-8584-4142-b825-12198c19671d,Chandler
2024,ME,51bda9e3-1703-4024-aa0a-2992ff930cb9,Heather Pierson
2024,ME,c27fb8a7-396f-4727-8101-3e8c91df8982,Spose
2024,ME,518bc0da-3674-463d-833c-deefd884c068,Watsky
2024,ME,c85e0be9-dd1a-43bc-aabe-c2b2d211625e,The Fogcutters
2024,ME,8242c3b0-2e6f-4fc0-91c8-8bbe68bc3318,Pointless Culture
2024,ME,c05d724c-7bff-47ea-8c96-95b444204a4b,Cryogeyser
2024,ME,9833b455-0da2-40b5-8e63-37816c910604,Wednesday
2024,ME,80770e4d-430f-46a7-a36d-853c39cc969d,Retract
2024,ME,439b8574-002f-45fb-8d97-4b872218781a,JIVEBOMB
2024,ME,b2f14890-e95a-48b9-8b4f-c31455707839,Ted Vigil
2024,ME,e0d839ad-3880-4530-ac32-6d373006678f,Sleep Theory
2024,MD,ccd69c22-fba6-4ff9-9c6f-e3b2867759dc,Zoso
2024,MD,8564e236-ef8d-4867-a6bc-cdee1072e654,Zakk Sabbath
2024,MD,d8343cb5-409d-4650-9d20-06546c9fadf6,The Iron Maidens
2024,MD,27d9dfca-2b81-47c6-a06d-56c26229fcd7,Low Cut Connie
2024,MD,64a3146c-452c-456a-96e8-09642327b0fc,Matt Pless
2024,MD,f47fc54d-b334-4321-8218-00c5b11d4dd1,Gogol Bordello
2024,MD,74dc2e73-9d7a-4d78-b151-0b4c14b08f50,Stephen Kellogg
2024,MD,4e43632a-afef-4b54-a822-26311110d5c5,The Disco Biscuits
2024,MD,3bde3f82-565c-49fe-8854-0b0599d6c754,Gridiron
2024,MD,94c44a31-3f7b-4c5d-aa54-2bf47eeac5d5,Trapped Under Ice
2024,MD,0e981414-1bee-42f4-b80b-ce285c13ac8a,Jamie McLean Band
2024,MD,2a994741-42ca-4251-8400-7b6fe09ecf3d,Kitchen Dwellers
2024,MD,4e43632a-afef-4b54-a822-26311110d5c5,The Disco Biscuits
2024,MD,4b2374e3-1f73-4299-a036-19c6a7bd5368,Jimmie’s Chicken Shack
2024,MD,f2f4f21b-b79b-4ad9-be87-04b92a53c4da,Cris Jacobs
2024,MD,430f0408-458a-4754-9f56-bd044191c6e2,Stout
2024,MD,8bdd6547-87d1-4362-acea-4094e9a810ff,Scrimblo
2024,MD,67270a0f-4a3c-471c-a728-67d65147b8ad,Maggie Rose
2024,MD,2a2fcfc5-0edf-4fa7-a79d-dbf4367b44b3,Albert Castiglia
2024,MD,f2f4f21b-b79b-4ad9-be87-04b92a53c4da,Cris Jacobs
2024,MA,75f27492-3018-4b1e-aa04-60c31059a5c5,Max Creek
2024,MA,37eb1271-fbed-4d15-94c4-073a9991c2ad,Booty Vortex
2024,MA,54ce7300-69ad-42ec-9327-53d61ead2a0c,Enter the Haggis
2024,MA,df9ed132-5b6a-4e7d-a468-033cffc21947,Shaun Cassidy
2024,MA,493f460f-0e59-4b9a-bb54-d7937121f6e7,The Clancy Tradition
2024,MA,ba0b9dc6-bd61-42c7-a28f-5179b1c04391,Eggy
2024,MA,4a6669cd-b844-441a-adfe-691e8f623ad7,Taken Alive
2024,MA,afcca32f-c202-4f18-8951-af79d483791a,Suede
2024,MA,19578d18-720f-46ed-8cf8-9d3ae0afe47b,Vices Inc
2024,MA,5fdaaa91-905d-4cc8-9bd0-7e1d5226fccd,The Fools
2024,MA,857bd94e-63c3-4f38-b328-f44b78296ba9,Bees Deluxe
2024,MA,eeb55a30-0614-4cb4-b4a9-378c21b15fe1,Gimme Gimme Disco
2024,MA,26c594f6-80f4-49e8-a0c0-01953d23760f,The Barmaids
2024,MA,53f9c590-bc0e-402e-a7e2-4249a9f46894,Draw the Line-Aerosmith Tribute
2024,MA,033a3f88-1edc-4415-8434-940cef41d400,Rong
2024,MA,ba48a763-d8e5-48d0-9059-a289894957b3,Trophy Hunt
2024,MA,5d168b7b-f1c5-4261-b91e-672d60f6a2e8,Zach Nugent's Dead Set
2024,MA,df668d5d-b016-4c9e-8892-c78a0ec51a9a,Doom Beach
2024,MA,f9908eb1-30ac-4fc9-929c-81fe2dcf2266,Dar Williams
2024,MA,54dc8585-eb6a-4918-96ed-08f9bcfe90ac,Mile 57
2024,MI,a59a3fdd-4bcc-4c61-b4c5-7d0c1341f2e2,Boldy James
2024,MI,e6f22d87-f198-40fe-b68f-222a4c5bbe8c,Ubi
2024,MI,335f6ecb-4aea-4687-91f6-fe888c348fb2,Bumpin Uglies
2024,MI,733c6e6f-0306-403e-9243-82b16a4f82d8,Excision
2024,MI,29c13855-9105-4415-afd0-e3e595d48a57,The Quasi Kings
2024,MI,6b62d0b0-5925-4ab0-bceb-eca7afbc7c74,Tropidelic
2024,MI,d48d8473-c653-4040-b604-b80d0c85f7b9,Mod Lang
2024,MI,33d700ce-064f-44f6-ab9e-60f9eed0fca1,Ace Frehley
2024,MI,0c9083e1-890b-4f95-b331-95b8b503598a,Stephen Pearcy
2024,MI,36f0e233-0d56-47d7-bd59-1f3203d40304,The Reverend Peyton’s Big Damn Band
2024,MI,febcf264-204d-40a8-bde9-aed3b28cf47c,Michigan Rattlers
2024,MI,d2b83114-af3e-4397-b570-10d81f1dd650,Trans‐Siberian Orchestra
2024,MI,ee63d8af-a8ad-42ff-b657-26cb544a28f2,Moravian
2024,MI,d2b83114-af3e-4397-b570-10d81f1dd650,Trans‐Siberian Orchestra
2024,MI,25040e3f-1711-4476-8615-4e109f878b12,Joe Hertler & the Rainbow Seekers
2024,MI,89b2959b-a1e9-4ac8-bd8d-4e2c085ab0d0,Rodney Carrington
2024,MI,e9ada2e1-b0ac-4cce-b50a-11dab14774ca,Jeff Dunham
2024,MI,1f8c1417-ddf7-41f0-9f54-2d5b847c6a80,Dopapod
2024,MI,70a692bb-dbd3-440a-af7b-c82e5e1389b2,Mustard Plug
2024,MI,436208b4-0073-47e8-8783-e05929ecb170,BOOB SWEAT
2024,MN,227b1359-4587-44d8-8616-6275816cb999,Minnesota Orchestra
2024,MN,23101701-cecf-4c9b-9b4c-d6a249eac118,San Holo
2024,MN,b789d8d3-f35a-4668-a9b8-2d8c8b1d1a3d,Alboa
2024,MN,520557a6-0059-4ce8-923a-7a6e740d239e,Jack Trash
2024,MN,037f0caa-f008-4c3e-ab8f-ca4e356258a2,minidnts
2024,MN,f1e0c3fb-1ecb-49fa-bebd-5b0aedb33737,Sullivan King
2024,MN,a3d6fffa-c069-4d69-a6ac-8b4ffe06d6ff,You Oughta Know
2024,MN,29ed4a49-fb99-4a5c-8713-609cabe6f34a,Kaskade
2024,MN,2944eb71-4547-440e-b36e-8e1176a710db,Hairball
2024,MN,d6b38023-0a5d-4d2e-aff0-58286649c4da,A Hard Day’s Night
2024,MN,1db9f703-bf35-4a58-823d-7fb2acc50e98,The New Standards
2024,MN,1107f4b8-388f-4583-9a73-4e4e75b060d9,Superior Siren
2024,MN,ba2ce66f-1673-4d88-bb31-ee466d764030,Shaun Johnson & The Big Band Experience
2024,MN,a66cc38c-e6cd-4725-a8fd-7d32b998347f,DeVotchKa
2024,MN,b9bede5d-89b6-4c43-9c45-ca3930cf4db8,The Bad Plus
2024,MN,ef3b2c9d-c0df-428c-9082-2355e7bc4b82,LUNA7
2024,MN,f335d458-7251-49eb-90be-de401a1aa95b,Why Worry?
2024,MN,4410802a-a752-4725-8dcd-0b2d366d259b,RAFAEL
2024,MN,b10db9ad-b4c3-47f3-a7a4-37864b134f65,Soul Asylum
2024,MN,134f26d3-0949-46fb-9c5b-94e25ed938e9,Caiked Up
2024,MS,39b22a9e-59dd-412b-ac3c-0725c807c72b,Hinder
2024,MS,2a5a3b60-d468-4b62-a28f-9c410ad3f71d,Fuel
2024,MS,5f8dfb7a-3cf6-47a1-a361-eb3b187f09f6,Tonic
2024,MS,922a18b1-0aba-4868-8f38-2aa4f324fe16,Mannheim Steamroller
2024,MS,b82cf9e7-c80b-4026-9008-9bc9a8881b05,The Weeks
2024,MS,5aa860a3-1dc5-47ee-8db7-4a39607e9015,Tate Moore
2024,MS,b8be39a1-85a1-48ec-961d-188bfcd73097,Cary Hudson
2024,MS,b82cf9e7-c80b-4026-9008-9bc9a8881b05,The Weeks
2024,MS,955bc3c8-36d4-47e8-9648-f6728c613583,Marcus King
2024,MS,c81d48a8-5c86-4160-b3d4-1275e7ba3212,Robert Earl Keen
2024,MS,9a0f9578-ca52-4baa-9b0a-f361ebde6cb9,Katy Nichole
2024,MS,b902715e-669a-4761-8008-9f56b0389008,NewSong
2024,MS,76e78b58-f301-4975-8058-7f84d8360738,Little Big Town
2024,MS,f87b740a-c22b-4fae-9987-1f3e16f840c4,Sugarland
2024,MS,2d779534-fdc1-45e8-bda0-53334f7872e4,Flow Tribe
2024,MS,9aab4425-2329-4049-acab-39280c7b706a,HAPPY LANDING
2024,MS,a8ad585a-2776-4531-a1cc-93b9a3c9d43b,Zebra
2024,MS,252b5d32-5bd5-4cae-9d48-6aafa2145c33,The Bellamy Brothers
2024,MS,a95a64a9-b9f7-4545-a24d-a95907114c15,Cedric Burnside
2024,MS,51603d2c-4744-4c00-ba5d-d2760a6fb352,Branded For Exile
2024,MO,1d61c8a0-b875-41c7-a9d2-c67a175b33d4,Andy Frasco & The U.N.
2024,MO,82af3090-a927-42b5-a55d-c152f0fa1fb7,Paralandra
2024,MO,851b24ee-d28f-4535-ab0a-08c95862ba8a,Saint Louis Symphony Orchestra
2024,MO,4c0d197c-7896-4efa-aa2c-e8e4d4975906,Matt Rupp
2024,MO,851b24ee-d28f-4535-ab0a-08c95862ba8a,Saint Louis Symphony Orchestra
2024,MO,5197c57f-451d-44f5-95f6-7b17373a8e72,Hockey Smile
2024,MO,a8b46d47-cca6-4221-8d61-c8d530148248,Juicebox
2024,MO,944212e2-d791-4f76-b5b8-367f6dab7eda,Dose
2024,MO,afcb6292-e510-47a3-95bb-2e783e76b88d,Failure Drill
2024,MO,a27e5b1c-c522-4e55-9d3d-ec527727ef8e,El Monstero
2024,MO,9cbf557a-b569-4191-b4e5-dfb08480d869,Cobra Doug
2024,MO,16a43d5e-c52d-4eaa-9c3b-00b2c1d8e816,Skillet
2024,MO,cdee470d-8167-4c15-808e-c4ce7fa3d6e7,Tape B
2024,MO,851b24ee-d28f-4535-ab0a-08c95862ba8a,Saint Louis Symphony Orchestra
2024,MO,3cb22cbd-65d1-463c-9dd2-352a369f2a5c,Smoakland
2024,MO,204407c3-26ab-469a-b487-40ae6b067c1b,Levity
2024,MO,1d40826c-8a59-4d56-a88a-dbe70837e9dd,Danilo B.
2024,MO,a27e5b1c-c522-4e55-9d3d-ec527727ef8e,El Monstero
2024,MO,36f0e233-0d56-47d7-bd59-1f3203d40304,The Reverend Peyton’s Big Damn Band
2024,MO,a27e5b1c-c522-4e55-9d3d-ec527727ef8e,El Monstero
2024,MT,09352d49-d40e-4506-800f-a099a5fe009e,North Fork Crossing
2024,MT,09352d49-d40e-4506-800f-a099a5fe009e,North Fork Crossing
2024,MT,09352d49-d40e-4506-800f-a099a5fe009e,North Fork Crossing
2024,MT,a7dc0f1f-548e-4d95-8291-c12657bbe42d,The Fab Four
2024,MT,a7dc0f1f-548e-4d95-8291-c12657bbe42d,The Fab Four
2024,MT,09352d49-d40e-4506-800f-a099a5fe009e,North Fork Crossing
2024,MT,922a18b1-0aba-4868-8f38-2aa4f324fe16,Mannheim Steamroller
2024,MT,296e5450-de56-4cd0-8564-949145ab30f5,Kaitlin Butts
2024,MT,0d842c11-3f11-4dae-aa41-4e6e8beccc09,James McMurtry
2024,MT,5d0f8fa9-4b39-4fbc-9515-d5a326fbd0dd,Armchair Boogie
2024,MT,296e5450-de56-4cd0-8564-949145ab30f5,Kaitlin Butts
2024,MT,9752bb63-3e13-43b4-b949-8e0e37f2f119,Angel White
2024,MT,5fd5ef7b-272d-4284-ac10-ae0d48ae80f5,ZZ Ward
2024,MT,5fd5ef7b-272d-4284-ac10-ae0d48ae80f5,ZZ Ward
2024,MT,6310db9e-f2c7-4e76-8af4-e56905993482,Willie Watson
2024,MT,9752bb63-3e13-43b4-b949-8e0e37f2f119,Angel White
2024,MT,369d3523-46b1-4127-8664-128f214d0a65,American Aquarium
2024,MT,d84c03c5-e806-47c5-a56f-14556d459640,Nest
2024,MT,6310db9e-f2c7-4e76-8af4-e56905993482,Willie Watson
2024,MT,6de7b710-9d91-463f-b7c9-7217bb903a9d,The Shaky Calls
2024,NE,e1d38c06-8040-4e27-b314-ed0fcf1a0318,Mod Sun
2024,NE,3658b42b-e888-4b31-85ed-39df53f32135,No Love For the Middle Child
2024,NE,a8b46d47-cca6-4221-8d61-c8d530148248,Juicebox
2024,NE,922a18b1-0aba-4868-8f38-2aa4f324fe16,Mannheim Steamroller
2024,NE,fe4751a9-0ca7-48ce-b791-5ef892b34bff,Powder Blue
2024,NE,922a18b1-0aba-4868-8f38-2aa4f324fe16,Mannheim Steamroller
2024,NE,922a18b1-0aba-4868-8f38-2aa4f324fe16,Mannheim Steamroller
2024,NE,922a18b1-0aba-4868-8f38-2aa4f324fe16,Mannheim Steamroller
2024,NE,e0d839ad-3880-4530-ac32-6d373006678f,Sleep Theory
2024,NE,21e3292e-dac8-4609-b57d-402f926aa41f,Daughtry
2024,NE,8bb5b069-8d34-4f27-ae81-d3d6a0906eb5,Devour the Day
2024,NE,6c4d81f8-8a34-4cda-9a4b-538c539b50f4,Tower of Power
2024,NE,843d93a7-dced-4150-8285-173cbf8f6ceb,Zaiyon
2024,NE,fe4751a9-0ca7-48ce-b791-5ef892b34bff,Powder Blue
2024,NE,ba2ce66f-1673-4d88-bb31-ee466d764030,Shaun Johnson & The Big Band Experience
2024,NE,b50b36b5-aec1-401f-a722-e5ab673af14d,Chris Tomlin
2024,NE,83486d86-d662-4720-89c9-5d3c792bfeaa,Sebastian Maniscalco
2024,NE,8c332797-2784-45a7-9b5c-3b86f07a03de,Afroman
2024,NE,d8343cb5-409d-4650-9d20-06546c9fadf6,The Iron Maidens
2024,NE,ccd69c22-fba6-4ff9-9c6f-e3b2867759dc,Zoso
2024,NV,e7d458f6-e006-4d83-ba86-bf7d4d8985b0,Seth MacFarlane
2024,NV,aabb1d9f-be12-45b3-a84d-a1fc3e8181fd,Tiësto
2024,NV,8e68819d-71be-4e7d-b41d-f1df81b01d3f,50 Cent
2024,NV,a39acc4a-985e-4173-a9ed-f325f2d3bc1c,Steve Aoki
2024,NV,2ad66473-ccb3-41d2-8756-b56680cdfe62,Blake Shelton
2024,NV,afb680f2-b6eb-4cd7-a70b-a63b25c763d5,Bruno Mars
2024,NV,e3e0abcd-7671-4482-a9d8-462f5acc9be5,Incubus
2024,NV,b1e26560-60e5-4236-bbdb-9aa5a8d5ee19,Post Malone
2024,NV,08962fc5-ed17-453b-9c68-ff7922eb4957,Mike Jones
2024,NV,396a9525-0994-4542-b480-c4587feeb476,Tinashe
2024,NV,6fd44ae7-097d-4979-94ba-5dfc40d9f7ad,Bow Wow
2024,NV,dbe56668-02e3-42ff-9943-a7fa9711696b,LOCASH
2024,NV,0ef3f425-9bd2-4216-9dd2-219d2fe90f1f,Lenny Kravitz
2024,NV,70d58a6b-c0b2-47de-8ff3-bc8ab817b5f9,Eli & Fur
2024,NV,4bdcee62-4902-4773-8cd1-e252e2e31225,Alanis Morissette
2024,NV,125948ec-7f91-4d1a-8b83-accbf50fae3d,3OH!3
2024,NV,5e154c14-de6d-4901-a6d3-68d6b45ec305,ERNEST
2024,NV,abd506e1-6f2b-4d6f-b937-92c267f6f88b,Journey
2024,NV,25b98424-a0c2-4f0c-98b9-2a8b00560bc2,DJ Pauly D
2024,NV,cd1fec4c-8a52-4e6f-a298-8f91a3720081,Lost Kings
2024,NH,5ab765e9-72a5-4b1a-858c-a9ca9f2daa01,Neighbor
2024,NH,7517aa32-c2b9-43f0-91fd-4da5c341a595,Neon Wave
2024,NH,773af101-792f-48b8-a588-09a07cff5e53,Sara Evans
2024,NH,5c6acb91-4b9b-4245-b92f-e817295c4ed0,Quiet Riot
2024,NH,bddace87-ee24-49ff-8deb-4d19cab65e90,All Sinners
2024,NH,a2ab5e49-d36e-4973-935c-ed9ad81d2f8e,The Wizards of Winter
2024,NH,edc6a85e-1ea4-41a0-9659-1aa8f4e10044,Great American Ghost
2024,NH,08c792de-8365-4b5e-83aa-cfbaf13048b1,Johnny Booth
2024,NH,4b04d061-191e-4f6a-9692-ce6b523d8750,No Cure
2024,NH,717d1eb9-a80f-4ad1-b6b6-13b13f0f8097,Arcantica
2024,NH,2466d2b6-29dd-434b-9ba6-256b70455014,Vomit Forth
2024,NH,5f5d68dd-285a-4f06-9099-84eb3f85c65f,Postmodern Jukebox
2024,NH,406f1b42-0c9e-4427-aeb7-02f78e188ec4,Wishbone Ash
2024,NH,a472b6cb-de1b-47d8-a0f1-74322eabc99e,Grub Lord
2024,NH,7dd89fea-a476-4640-9680-758149b6339a,doug.
2024,NH,2d27f230-66c9-40f7-84b1-e9fdfcc61dcb,theWorst
2024,NH,d3118da8-ff3f-4396-9ddd-06168c875d56,Big Bad Voodoo Daddy
2024,NH,a5084834-0de6-47e1-b870-dc38c6ae9a02,Mike’s Dead
2024,NH,3d65cbd6-e8ca-4a86-9bfd-5ca5e381d426,Nathan James
2024,NH,d3fb1614-78fd-4555-9c68-f8b25add2de7,Carbon Leaf
2024,NJ,b0442f82-6322-4096-8535-b3bb776019d3,Hit the Lights
2024,NJ,a8749352-7a74-48ee-bae9-260b72897969,Crazy & The Brains
2024,NJ,66f339ff-4591-4ce0-8ded-1936adfca67a,Houston Calls
2024,NJ,f47fc54d-b334-4321-8218-00c5b11d4dd1,Gogol Bordello
2024,NJ,8448783d-a68c-490f-b5c5-4a6364ef5537,The Early November
2024,NJ,91856a53-abbe-4ef3-bf2d-f5a7f924eb69,Taiko Masala
2024,NJ,163bd1bd-c3ee-4261-9fff-3b410dea4fce,Harpie and the Damned
2024,NJ,429d5f26-329c-41cc-bdff-17c29dbf1fb8,The Bouncing Souls
2024,NJ,71e90a45-008f-4a88-84d8-aec42ace6a01,Beach Rats
2024,NJ,d8626bb7-73f2-41a6-b617-4997fd8cf40a,The Pietasters
2024,NJ,9f81691f-435c-48aa-b56d-3f99fe4253ea,The Kilograms
2024,NJ,73ae4a8d-861e-4cfc-97a4-c61f2f48708c,Joe P
2024,NJ,b79199da-a7d0-4a83-a5db-26fc9b72825e,Dark & Stormy
2024,NJ,4939ae61-24c7-4a38-844b-ebedf38fc0f0,41
2024,NJ,a2811050-e79c-436e-81b0-9df59e35bc67,The Ratchets
2024,NJ,429d5f26-329c-41cc-bdff-17c29dbf1fb8,The Bouncing Souls
2024,NJ,feb265ec-e510-4277-9451-914e3c6ceac5,Dave Hause
2024,NJ,27897801-85ee-4179-ab2e-8dfc489c26ca,Seaside Caves
2024,NJ,ac82cb46-f2b2-4f99-9cfa-d0c322a4ba16,Strike Anywhere
2024,NJ,429d5f26-329c-41cc-bdff-17c29dbf1fb8,The Bouncing Souls
2024,NM,411b8059-4a6c-48a5-8365-0a23b9faba26,Scared of Chaka
2024,NM,4593d49a-7f67-46ba-9ec0-126bd676286f,Flo Rida
2024,NM,ca48bfb8-37c5-4a04-9837-a07975ee0cd3,Cracker
2024,NM,9941a936-196a-4a62-ae53-a69cbc33f20e,Black Flag
2024,NM,3aa79df8-6f8b-401a-bdf1-0872d40e0b95,Sean Healen
2024,NM,62d1c157-3b54-48d9-8491-94c575369ee3,Time for Three
2024,NM,9031b393-ced7-4685-9e25-d0b43996158a,Kristin Chenoweth
2024,NM,78761837-4b00-4935-b7be-601697900e66,April Wine
2024,NM,b69d82f9-ade6-4f45-88e5-953353aad2b3,Molly Hatchet
2024,NM,3aa79df8-6f8b-401a-bdf1-0872d40e0b95,Sean Healen
2024,NM,beb404c4-9d0b-4042-a56c-aad7673c677d,Sungazer
2024,NM,aff74a2c-de0c-487d-b7fd-24caea74047d,BEAT
2024,NM,53976d93-4b94-4802-aa96-b7c288742c3b,Greet Death
2024,NM,2a9766bc-457b-45d6-a093-7f7d147f3ada,Prize Horse
2024,NM,1246ccba-0f32-4fa0-a1c8-f1e22a08af03,Los Domingueros
2024,NM,15a82e55-4931-43c2-8b18-995127eb8dd4,The Riddims
2024,NM,1d9d11e5-f3ea-4649-9916-9a4da2e0b296,The Irie
2024,NM,bdc70372-7e8a-4cb9-8d33-f036b3b7cdc1,REO Speedwagon
2024,NM,3aa79df8-6f8b-401a-bdf1-0872d40e0b95,Sean Healen
2024,NM,168465cb-cafc-4650-a7aa-03dff8ffc6a6,The Slackers
2024,NY,5cde3eb9-d55c-402a-b371-ba6fb34489f9,Half Step – GD Tribute
2024,NY,3bfa8f23-2dbb-43e2-b1da-3cfaa6c5ff9d,The Time
2024,NY,9eb2030a-c311-4cbf-a8f2-c57a58aa18ce,Megan Moroney
2024,NY,0c0ce4be-6548-48c9-be39-295bad8f4df5,The Steam Donkeys
2024,NY,e01646f2-2a04-450d-8bf2-0d993082e058,Phish
2024,NY,f8064d92-e284-47c0-8156-bbecab0e0249,Public Water Supply
2024,NY,70f0e309-5418-49b6-a130-666e2f76eecd,Carrie Underwood
2024,NY,09f91305-e193-48af-92e3-252b3dd5e718,Water From Your Eyes
2024,NY,b2029169-2574-4305-820f-252a5fde3697,Meghan Trainor
2024,NY,34d5bf41-c4aa-41c7-bd24-f9f782d8628b,Dylan Brady
2024,NY,3f1ed758-50e4-401f-8dc6-e0066e546e7c,Frost Children
2024,NY,4ae36ade-1798-48c4-b06b-cc68b7d3d83f,Porter Robinson
2024,NY,e477d9c0-1f35-40f7-ad1a-b915d2523b84,Dark Star Orchestra
2024,NY,13804e64-201a-42f0-80b0-510c457c840b,The Felice Brothers
2024,NY,c9dd033c-0270-463c-b3ec-f4b7712486fe,Rita Ora
2024,NY,a77cdc1a-03ad-4015-a2b7-17b7454e3657,Dreamcrusher
2024,NY,2f03487a-51fc-4c81-b6f8-363af6c2c531,coi_n
2024,NY,84b7b812-55ae-423b-97ac-4dd4bbf9e6fc,The Chris Potter Quartet
2024,NY,77467723-5d0e-4293-a89b-d230f56eaf50,Mickey Guyton
2024,NY,88927646-0c28-4b1b-a69e-cb33c400d650,Nation of Language
2024,NC,cf390a51-1608-46a1-aec3-c311ee04282b,Sneezy
2024,NC,0a176d0a-ef46-4e7f-b018-9f4d65614668,The Avett Brothers
2024,NC,da3174a3-0c25-412f-8083-bf4cd1cbd7f5,Dante High
2024,NC,c239bcdd-bb75-4c0c-a6aa-2f231ebc284b,Cosmic Hillbilly Experience
2024,NC,8a4ade04-cbe9-4e91-b0df-e1298984d67e,Big Something
2024,NC,1a120ec5-35b3-4f3e-aa49-7201550d9feb,RJD2
2024,NC,5dc2ada8-9a8b-4db3-ae75-338ababe57df,Shadowgrass
2024,NC,2a994741-42ca-4251-8400-7b6fe09ecf3d,Kitchen Dwellers
2024,NC,e6d12aea-bf58-45b2-892b-daebc25fc357,Yarn
2024,NC,8a4ade04-cbe9-4e91-b0df-e1298984d67e,Big Something
2024,NC,1c88a3c6-f4ec-4a5f-b6d7-4224384db302,David Childers and the Serpents
2024,NC,d9a0a71f-2e12-4812-8375-2618cf18e2d4,Cosmic Charlie
2024,NC,d37d25ba-d785-41b0-8be5-df8671fa7a83,Paleface
2024,NC,8acdb592-d0a2-46bf-9ed5-1b89b55ff6a7,Gurthworm
2024,NC,dafb12a8-4789-4b84-93fa-c43bf04449cb,Holler Choir
2024,NC,624447ba-f5de-481e-8d37-ca9aed1b046f,SUSTO
2024,NC,8a4ade04-cbe9-4e91-b0df-e1298984d67e,Big Something
2024,NC,8374fe36-ccb2-463b-89c2-5f37a264400f,Dizgo
2024,NC,366f8277-2e29-461d-b1ed-66eb456a3b0c,The Trick Threat
2024,NC,3ddb5fd0-3831-4ca6-931e-336ac03173a7,49 Winchester
2024,ND,03ee4d68-c813-48c1-af80-56d90684383f,Aaron Butcher
2024,ND,fa72ea16-35ca-4dd2-b11f-d26e6048531b,The MoonCats
2024,ND,afdfd144-806b-4793-8623-25e996ba8874,Clayton Ryan
2024,ND,1efaf7ea-8d45-4e6d-9d04-8ae35b8ead69,Chronic Wasting Disease
2024,ND,357b6eee-7e85-4bfb-bd49-3f403a5e66a2,Six Panels
2024,ND,fa72ea16-35ca-4dd2-b11f-d26e6048531b,The MoonCats
2024,ND,c726b9b9-71ba-4015-84b3-7472e4b4a6a8,Cudgel
2024,ND,4fd52ae3-83ea-41d7-ba5e-f4786f863696,Deuces Wild
2024,ND,ccc627ab-0ed9-4861-ab72-8b3d5c25784b,Emissary Echo
2024,ND,89ad4ac3-39f7-470e-963a-56509c546377,Various Artists
2024,ND,b8170690-3a95-42e4-adef-afc9576ed90c,Peabo Bryson
2024,ND,eb42ef92-6c9a-4c7e-b35b-180140e97cd8,Frost Found Us
2024,ND,6de7b710-9d91-463f-b7c9-7217bb903a9d,The Shaky Calls
2024,ND,aa313106-0fe0-4df0-a4ce-6c059390022f,Dakotah Faye
2024,ND,21baa678-75a5-42eb-93e7-4147762e9c37,Atrip
2024,ND,a3658fba-2e0f-42c6-9918-91fcf98b20b6,Good Morning Guilty
2024,ND,c107e48a-3b7d-46c9-a876-6b8909765209,Until Autumn's End
2024,ND,9e3118bf-e592-4f26-9ddb-45831542f334,Helko Spillovey
2024,ND,3f326b73-d0f9-44de-ade1-b50769ffd734,Danny Savage
2024,ND,c0d0e057-5450-4220-a51a-7de0be3384df,NIGHT DRIVER
2024,OH,2f51afd5-61ea-419b-90be-f5b550984f99,Toadface
2024,OH,312c7cc1-9b5c-4406-963b-9f73f50674c0,Rebecca Black
2024,OH,ad405793-eaa9-4175-9770-36a27e2f4da0,Zoo Trippin'
2024,OH,f6f33c55-8156-482b-a071-fc58824e9551,əkoostik hookah
2024,OH,486af4f0-a79b-468f-be73-527cd4caf6ea,Slick Rick
2024,OH,09fe76e7-076e-430f-9196-11c105eee59d,Blaze Ya Dead Homie
2024,OH,748ec8db-4b7c-4f39-bc4b-aa5eb7ae9be7,The Dreadnoughts
2024,OH,cbf882cd-5fb3-4324-b212-32ed0b985ba8,Twiztid
2024,OH,f906770b-d8d2-40da-9da9-25d77bd4d30a,Barefuzz
2024,OH,57ce1b3d-f0e4-4b91-a80f-dae4f53288e9,Subterranean
2024,OH,1f8c1417-ddf7-41f0-9f54-2d5b847c6a80,Dopapod
2024,OH,e52a112a-c9b8-4213-ad94-46b375d102e8,Perfect Timing Band
2024,OH,f13fb1c6-a535-4009-b455-66ba95682ff1,Vinyl Arcade
2024,OH,f8d96a52-4dce-4193-867d-79294d1cdd5a,Phoenix Rising
2024,OH,bddcd6ae-f2b6-4988-9369-c89e91b01137,Analog Youth
2024,OH,4093d198-179e-4749-83e2-f70eb3396ed3,LDNL
2024,OH,8b09cd73-4e98-4ab0-87c2-bc43b59b4343,Arch City Big Band
2024,OH,e2989ae8-a940-4e8b-a790-10f0d84ee68e,Honey Bee
2024,OH,f851528b-e574-4309-92df-4b33ffde1340,ABK
2024,OH,96602274-5812-4626-8a9c-f540bd7799e4,Yheti
2024,OK,4ae67eb7-c01c-4d71-b995-21b093fcb888,Wyatt Flores
2024,OK,51e90731-08c0-4f60-89b6-5b78e5844de8,Zach Bryan
2024,OK,590d46fd-0953-4035-8b71-1cd6a6b72417,My So-Called Band
2024,OK,b16c0872-31a7-4db9-8569-0e3146fcecfc,Ella Langley
2024,OK,e1f5c993-6f38-4471-aa04-36b22e3adae9,Mark McGrath
2024,OK,d2b83114-af3e-4397-b570-10d81f1dd650,Trans‐Siberian Orchestra
2024,OK,d2b83114-af3e-4397-b570-10d81f1dd650,Trans‐Siberian Orchestra
2024,OK,4ae67eb7-c01c-4d71-b995-21b093fcb888,Wyatt Flores
2024,OK,4ae67eb7-c01c-4d71-b995-21b093fcb888,Wyatt Flores
2024,OK,9f870653-72b0-4c6d-8c59-439a95963e09,Cheap Trick
2024,OK,4eca1aa0-c79f-481b-af8a-4a2d6c41aa5c,Miranda Lambert
2024,OK,c62ea4fb-b303-463b-a2a1-ff1cea9b1de5,John Moreland
2024,OK,84c7cb93-0622-4b90-8d53-ee2b4650097f,JD McPherson
2024,OK,e0a60de0-22c3-4e10-ac93-3a385191bbf6,Midland
2024,OK,4b1a830b-0a1f-42e5-b8d5-1d6743912e99,Creed
2024,OK,52b9e109-44a0-45eb-a197-226c4abab232,Sevendust
2024,OK,5c7c8529-dcbb-4ff8-b2c9-d363a91756ea,Debbie Gibson
2024,OK,5ccb9a53-092d-4806-b337-470a582893d7,Lit
2024,OK,61a04f15-0929-4bb6-bd4e-dabdf8e19f68,Ryan Bingham
2024,OK,0500c4c0-a456-49e4-af11-8c142e39def7,CLIFFDIVER
2024,OR,f56da72e-dd2b-40f0-83d5-6712798c8394,Puerta Negra
2024,OR,5e1dbdb2-87ac-41ff-9960-4a42a872327a,AJJ
2024,OR,27a1f2ee-2e1e-47cb-9f34-68c9c50b01c7,Dancing Plague
2024,OR,3020be1d-3c41-4e42-911b-ca5e96489300,Leftover Salmon
2024,OR,09eba4ec-f1b8-4a61-987b-d185d17e542d,Eugene Symphony
2024,OR,a9742f62-0d1c-4cfd-aafb-e5e71cfb26fc,Garcia Birthday Band
2024,OR,3020be1d-3c41-4e42-911b-ca5e96489300,Leftover Salmon
2024,OR,0b186b3b-413f-4db2-9306-89c31c3b30f0,Jerry Joseph & The Jackmormons
2024,OR,a7dc0f1f-548e-4d95-8291-c12657bbe42d,The Fab Four
2024,OR,8bd03f19-78a7-4195-90cd-c9a3502e401e,Mexican Gunfight
2024,OR,a86d6e1f-e76b-4f25-8afa-38cfeb50e089,Codefendants
2024,OR,453e55e5-463a-42ab-9492-129998908c4d,1876
2024,OR,a7dc0f1f-548e-4d95-8291-c12657bbe42d,The Fab Four
2024,OR,a9742f62-0d1c-4cfd-aafb-e5e71cfb26fc,Garcia Birthday Band
2024,OR,9912da4b-e127-4057-a559-af6de342c0d7,Atomic Terror
2024,OR,ba4d2762-8cb4-47eb-9c20-d5692724ee91,Tango Alpha Tango
2024,OR,ebf48614-6b24-41bd-9ebb-a90af8e473b7,Sarah Silverman
2024,OR,a7dc0f1f-548e-4d95-8291-c12657bbe42d,The Fab Four
2024,OR,a9742f62-0d1c-4cfd-aafb-e5e71cfb26fc,Garcia Birthday Band
2024,OR,5858a00a-a118-4553-b7d7-a2fcab99e092,Mourning High
2024,PA,27d9dfca-2b81-47c6-a06d-56c26229fcd7,Low Cut Connie
2024,PA,729df9cd-50e9-4924-98f9-15040c3bb3bf,"Captain, We’re Sinking"
2024,PA,76c2c8cb-4697-44c7-8176-347e4c6a86d4,Ruby the Hatchet
2024,PA,22849282-c5a1-45ae-943c-395ce6dd4ad4,Bon Journey-Journey & Bon Jovi Tribute
2024,PA,4e43632a-afef-4b54-a822-26311110d5c5,The Disco Biscuits
2024,PA,b4681cdc-4002-4521-8458-ac812f1b6d28,Lotus
2024,PA,22867cdb-47df-4e45-a70b-fb6a1d08b4df,SNACKTIME
2024,PA,3071d829-b9ca-4499-b4f5-74d6d8531aed,The Menzingers
2024,PA,ec8e3cea-69f0-4ff3-b42c-74937d336334,Pigeons Playing Ping Pong
2024,PA,08809cd0-69c5-4aa6-9834-bbca87a06c13,The Wild Ones
2024,PA,753d2255-a1d6-4089-ba99-9a8d52295a9c,KREAM
2024,PA,2d60e8f7-52e7-42bd-a55e-68e8b8a91267,mICROgOBLET
2024,PA,8e58ea93-b567-4f34-a1ca-c9b16d5aff08,Ex Pilots
2024,PA,465f7d76-1730-41ef-a3f5-583264583e85,The Reality Check Experiment
2024,PA,fb8c5527-ff4c-4aae-9c76-623e9d60e7ee,Yam Yam
2024,PA,73c1bdfa-1397-4101-b560-56701e0d6f3b,Friends of Jerry
2024,PA,10086dc8-4307-436e-9bfd-9a13c6db79e6,Crossed Keys
2024,PA,702dfb4f-0049-4ccf-86fa-39cbe50bfd40,Gladie
2024,PA,4e43632a-afef-4b54-a822-26311110d5c5,The Disco Biscuits
2024,PA,b4681cdc-4002-4521-8458-ac812f1b6d28,Lotus
2024,RI,c8c64bcc-48c6-47c9-8411-f5c4fd5a97bb,Deer Tick
2024,RI,bc688e58-9a03-4f9d-ab82-bbc04582f63a,Bearly Dead
2024,RI,8090fb47-d057-424d-a04d-6d676eff73be,Can't Lose
2024,RI,c8c64bcc-48c6-47c9-8411-f5c4fd5a97bb,Deer Tick
2024,RI,680e0103-3143-4bb8-9d40-5ed3581b7ed3,George Michael Reborn
2024,RI,2a4bc7a9-b0bd-465f-ad18-9404e179ab3e,Under The Horizon
2024,RI,7ae8e310-b42d-4c79-9a02-38cb6663d4e9,The McAdams Brothers
2024,RI,74dc2e73-9d7a-4d78-b151-0b4c14b08f50,Stephen Kellogg
2024,RI,a0ff602c-7f3e-472d-8786-953da6cd7591,Stephen Brodsky
2024,RI,21cc73d7-e205-4586-b16c-e28a17a0a539,Lady Lamb
2024,RI,b17d87de-5070-447e-a421-8657dd0ebb5c,Retaliation
2024,RI,978a36f7-85c6-44ca-a02e-7564e8fa8284,Lightning Bolt
2024,RI,d78420d3-3412-43ea-a1ca-f3a3d517bdfc,Billy Gilman
2024,RI,ab668601-7451-4423-8b95-a69c4f669195,The Cosmic Factory
2024,RI,a7287c0c-ce84-4d15-a95e-ee9701c95275,Scarecrow Hill
2024,RI,406f1b42-0c9e-4427-aeb7-02f78e188ec4,Wishbone Ash
2024,RI,fae2cd4c-f847-4cb3-b311-60c8906cdb0b,The Smithereens
2024,RI,24ca022c-653e-4379-812a-71f729b900ef,Shakey Graves
2024,RI,d0e4f59a-e31c-4595-a5d7-d13177082900,Parlour Magic
2024,RI,ad043b94-b80d-4e1e-9294-c4a07394c904,Drook
2024,SC,c2a7fb29-eb0d-4ecc-82da-24f94af0c6da,’68
2024,SC,9a56536e-5edd-4155-9435-20d12b398b24,Easy Honey
2024,SC,3abeb2e4-a691-4668-88d6-f7be0d23b21c,Sweet Spine
2024,SC,da677401-713b-4b4a-969f-a0a6655fe2d3,Silly Goose
2024,SC,9234d0ce-c961-49c1-b8b9-26f81332bee7,All Hell
2024,SC,a45dd09e-eab3-4255-9986-d65bde76a911,Razorgrave
2024,SC,05e92b51-b6ae-4bfb-8c64-659bbdfafe6b,Witchpit
2024,SC,a45dd09e-eab3-4255-9986-d65bde76a911,Razorgrave
2024,SC,5c3c2e90-c8dd-4e03-b26d-cdbc40ed50bf,Pandora’s Box
2024,SC,5f5d68dd-285a-4f06-9099-84eb3f85c65f,Postmodern Jukebox
2024,SC,be858eff-36a6-4383-a679-098d40d6bcaf,Sequoyah Prep School
2024,SC,b50b36b5-aec1-401f-a722-e5ab673af14d,Chris Tomlin
2024,SC,cc85df52-88fd-4028-b7bb-9af974845ef6,Same As It Ever Was
2024,SC,b8eccb85-36d6-4ab8-9d34-3b1a7ae1fa3c,Alpha Strain
2024,SC,1218425d-e338-4a8d-9697-82bb96e7ccbb,Macartney Reinhardt
2024,SC,17c4f8d6-ff62-40a4-9ceb-52bddfc1b92f,Toubab Krewe
2024,SC,b1832c85-511d-446d-859d-2be2832072ae,The Reckoning
2024,SC,25c92eda-596a-4cd7-9e79-e0ca07578f47,Edhochuli
2024,SC,75a72702-a5ef-4513-bca5-c5b944903546,John Legend
2024,SC,609639a9-5ef3-4124-9288-dd80ca2e02f0,gods.
2024,SD,ba2ce66f-1673-4d88-bb31-ee466d764030,Shaun Johnson & The Big Band Experience
2024,SD,79c67eb5-3851-4b28-bfe0-3adfcd6f58d7,Pentatonix
2024,SD,f20ba447-269a-445a-9347-c1ec8632c455,Lita Ford
2024,SD,aa7ffa13-59c5-49c1-a947-5ca04c72fa1a,Six Appeal
2024,SD,ba2ce66f-1673-4d88-bb31-ee466d764030,Shaun Johnson & The Big Band Experience
2024,SD,d317c22a-49fc-47ff-8f0e-694222c3368b,Rend Collective
2024,SD,c55cc0ea-6092-4ee4-a4c5-1e9345ae6dc3,Hemlock
2024,SD,0330a83d-f61e-4989-adb3-afce3943c3ba,38 Special
2024,SD,2944eb71-4547-440e-b36e-8e1176a710db,Hairball
2024,SD,1efc3e10-961b-4f24-bb51-2cc8692b85a6,The Castellows
2024,SD,f87b740a-c22b-4fae-9987-1f3e16f840c4,Sugarland
2024,SD,76e78b58-f301-4975-8058-7f84d8360738,Little Big Town
2024,SD,97364d1e-d9dd-4ad7-aa32-b5f94c03ca54,Beo String Quartet
2024,SD,d84c03c5-e806-47c5-a56f-14556d459640,Nest
2024,SD,6de7b710-9d91-463f-b7c9-7217bb903a9d,The Shaky Calls
2024,SD,922a18b1-0aba-4868-8f38-2aa4f324fe16,Mannheim Steamroller
2024,SD,25909806-7914-406e-81b3-46069fe9b485,Avantide
2024,SD,8fefb090-5d99-4a1c-9479-c75904ff2ac5,Brian Hoffman
2024,SD,6de7b710-9d91-463f-b7c9-7217bb903a9d,The Shaky Calls
2024,SD,a6e613d6-ff65-4972-beff-303a1b10ab05,Lainey Wilson
2024,TN,ab5a7a60-1b71-4e5b-b622-e0ae2ce84c32,Jelly Roll
2024,TN,8e66081a-58f8-4537-b15b-c645b184142d,Brittney Spencer
2024,TN,bceba9d9-3a3c-4883-af65-e44bd5848169,Exile
2024,TN,15856215-cc51-4423-879c-9ac955ccb11a,Eric Church
2024,TN,c1611f46-7e50-48c1-a8c8-28aa8a63a818,Eric Gales
2024,TN,73c55215-3ae6-4da1-9d4e-3e337e8ee128,Baby Wave
2024,TN,0202af38-ac32-48d0-a546-87caaef2dee2,Old Crow Medicine Show
2024,TN,7bb561bb-1e19-427a-a06f-5cd83fb7d9ef,Blacklist Union
2024,TN,d58330a5-d426-4a38-9f5c-b82c72a5b6b3,Celltower
2024,TN,5152320e-7c84-41fd-820a-fd8d95c5d77f,Big Richard
2024,TN,67270a0f-4a3c-471c-a728-67d65147b8ad,Maggie Rose
2024,TN,9a4b5a04-bd22-46c1-962d-fcde76b115a4,Dan Spencer
2024,TN,e95e8489-a6d9-4fcc-b91d-face851e0364,Josey Scott
2024,TN,f2bc8767-3737-482c-a22f-8b11ce2b74b8,Snõõper
2024,TN,7604f52a-2968-4926-9be7-5ff91ec0e211,Budge
2024,TN,1c44cc73-efe8-4d7e-ad83-b1da1415b63e,Soot
2024,TN,78299670-d170-472f-996a-7627c8ef0383,Brooks Herring
2024,TN,a62e299b-4707-4ff5-ad53-d80b2b03319d,Kane Brown
2024,TN,dfdf9af6-f2ca-45f5-9528-b45def48b4f8,Tony Jackson
2024,TN,2ec045d2-5710-4bb0-b34c-b191e2842b94,Tell Me Lies
2024,TX,b8e3d1ae-5983-4af1-b226-aa009b294111,TR/ST
2024,TX,cf391be8-a609-4fcf-8de1-0eff6b639ae5,Charley Crockett
2024,TX,c50908fa-eab2-43db-985f-bc3920f7b8b9,Soulstress
2024,TX,c733c4e6-22a2-499d-ace7-17b832356aff,Gary Clark Jr.
2024,TX,432fe058-d698-4a89-a938-9e7725cd5cc2,The Snarfs
2024,TX,44b42c00-5e14-4cfa-82d3-769cdec4c4ce,The Woodsmen
2024,TX,be815ace-17df-4145-ac22-32d9474cd8b0,The Well
2024,TX,d49aaa8e-474a-47cb-8357-44926431924e,Hunch
2024,TX,115dc8c9-cb04-4dd6-859e-39739eb57215,That Mexican OT
2024,TX,2667ba1e-8f76-441a-bf64-02f4d60ef642,Vandoliers
2024,TX,c2675979-509f-43ea-ad59-df0d530df756,Joe Barnholt
2024,TX,40dc452a-6b63-4b7e-a106-062739155866,The Sword
2024,TX,e5c708bf-bc51-407f-a95d-ee4ba1be6d1e,Sodomy Cop
2024,TX,bcbf4066-e6f4-4e60-95bd-3f7a475cdb61,Kill Tony
2024,TX,2b1d46ab-4dee-44f5-861b-0ca55e6d2e9b,Andrew “Dice” Clay
2024,TX,a4f77f24-baa1-472c-b392-ba282b5e6106,Clyde and Clem's Whiskey Business
2024,TX,f4186309-1902-4a83-9213-209210148142,Forgotten Space
2024,TX,6ced2b8e-7024-4ccf-b49d-555fe905bd78,Peelander‐Z
2024,TX,331e7dcc-ddb8-4d79-9012-777488bb3ec7,The Kill Tony Band
2024,TX,2d098124-cb9d-4e80-992f-47e47c405452,Tinlicker
2024,UT,a98168e4-6ad5-4877-bb47-34a19a141f80,Juniper Honey
2024,UT,e85fca30-9154-47e7-b8c6-dde1254d1960,Indigo Waves
2024,UT,060fa1be-1db9-46ba-b06c-fb55e4eb895e,CloZee
2024,UT,0259d243-9d09-496b-8d57-4b9ea5415af2,Oingo Boingo Former Members
2024,UT,0259d243-9d09-496b-8d57-4b9ea5415af2,Oingo Boingo Former Members
2024,UT,054e2798-297d-4396-bb09-8bffda628e43,Pink Talking Fish
2024,UT,67651c88-aba0-4129-a1e1-63127368d270,Cinders
2024,UT,1bd80a15-25d9-4eea-a0b7-b19c3c94606d,Recidivist
2024,UT,b2a42abd-e2f5-43e2-9213-1cc487a8fceb,Saemore
2024,UT,05ce7af5-242c-4c3d-839b-1ebbe7ef8cc5,Riff Wood
2024,UT,b9696d80-70c9-4c3d-be9d-8a525b125d23,Adventure Club
2024,UT,922a18b1-0aba-4868-8f38-2aa4f324fe16,Mannheim Steamroller
2024,UT,f5d56157-c5fe-490f-bf91-8d200e7f9b5f,The Toasters
2024,UT,701312f1-3bef-40fd-9144-e7d1280af6b7,Patterson Hood
2024,UT,922a18b1-0aba-4868-8f38-2aa4f324fe16,Mannheim Steamroller
2024,UT,7a0a051b-209e-4138-9007-f63e26db00a9,Bear Grillz
2024,UT,53317371-09a4-4bf4-a832-22a9c6704be2,Echosmith
2024,UT,ed067fb1-d885-4acb-a5bb-73b039011263,Chegoya
2024,UT,922a18b1-0aba-4868-8f38-2aa4f324fe16,Mannheim Steamroller
2024,UT,922a18b1-0aba-4868-8f38-2aa4f324fe16,Mannheim Steamroller
2024,VT,1c108d4b-7965-4626-933a-a2bfc6bcef7d,Start Making Sense
2024,VT,265077b9-e4e6-4a6e-9998-ce4957351a18,Dobbs Dead
2024,VT,6baad73d-2c86-490e-8c6d-bdc0d78e3932,Mihali Savoulidis
2024,VT,3f39e7d3-23ee-4618-a17c-45456e62bb28,Annie in the Water
2024,VT,dbf7c761-e332-467b-b4d9-aafe06bbcf8f,G. Love & Special Sauce
2024,VT,8f9b588f-e022-4448-be75-c58fd237b10c,The Shady Trees
2024,VT,84f69e06-db40-4680-9675-88977f442a73,Tyler Daniel Bean
2024,VT,1ce9c0ef-afe0-415c-9598-dc84e2345251,Reed Foehl
2024,VT,f47fc54d-b334-4321-8218-00c5b11d4dd1,Gogol Bordello
2024,VT,1ce9c0ef-afe0-415c-9598-dc84e2345251,Reed Foehl
2024,VT,265077b9-e4e6-4a6e-9998-ce4957351a18,Dobbs Dead
2024,VT,265077b9-e4e6-4a6e-9998-ce4957351a18,Dobbs Dead
2024,VT,5fab339d-5dd4-42b0-8d70-496a4493ed59,moe.
2024,VT,8f9b588f-e022-4448-be75-c58fd237b10c,The Shady Trees
2024,VT,5fab339d-5dd4-42b0-8d70-496a4493ed59,moe.
2024,VT,5fab339d-5dd4-42b0-8d70-496a4493ed59,moe.
2024,VT,265077b9-e4e6-4a6e-9998-ce4957351a18,Dobbs Dead
2024,VT,a2ab5e49-d36e-4973-935c-ed9ad81d2f8e,The Wizards of Winter
2024,VT,ef2a759d-86f1-41f0-ac50-1d74142d795c,The Four Horsemen
2024,VT,265077b9-e4e6-4a6e-9998-ce4957351a18,Dobbs Dead
2024,VA,b2e2abfa-fb1e-4be0-b500-56c4584f41cd,Railroad Earth
2024,VA,1f504c4d-4a10-4e3f-a8cd-304876ac2451,The Findells
2024,VA,1aea8b80-7257-4f40-84e6-aafbe4146040,Shagwüf
2024,VA,43e088bd-2520-4a84-bb8e-827c86d2cf84,The Infamous Stringdusters
2024,VA,25bfe6df-5026-4c1e-8271-4775cb75b531,Fireside Collective
2024,VA,43e088bd-2520-4a84-bb8e-827c86d2cf84,The Infamous Stringdusters
2024,VA,b2e2abfa-fb1e-4be0-b500-56c4584f41cd,Railroad Earth
2024,VA,fc1a1e50-b6f7-431f-834b-d1441e54dcb7,Mark Robinson
2024,VA,88bfd88a-a94e-4ce8-b57d-0bda5363b35a,Cathy Fink and Marcy Marxer
2024,VA,34f0c10f-e505-438f-bbff-a1d8ba65e425,Eggs
2024,VA,d1b7aeaa-2db5-4160-a21b-3eaa1c21a961,L'Amour
2024,VA,8564e236-ef8d-4867-a6bc-cdee1072e654,Zakk Sabbath
2024,VA,ccd69c22-fba6-4ff9-9c6f-e3b2867759dc,Zoso
2024,VA,0609c172-8605-490c-9494-e1019803e817,Kem
2024,VA,9c296120-9699-45b3-81ad-0bedf445671a,The Rush Experience
2024,VA,05cec803-78b7-478e-8f12-5e7fd9b43eb6,Plunky & Oneness of Juju
2024,VA,d8343cb5-409d-4650-9d20-06546c9fadf6,The Iron Maidens
2024,VA,5a15bfd0-5af2-4c6d-9c3d-2f0711146d35,Matthew O'Donnell
2024,VA,6ad61e9e-bee1-4003-815e-c0dce88bcb4a,John Kadlecik Band
2024,VA,15f8b799-4c43-4f39-8ceb-9cdce7051b51,The Marcus King Band
2024,WA,ed4c4056-9ec0-452c-b970-e3553b1f42f8,The Macks
2024,WA,47b25147-ad45-4b4b-9dd0-a62a1576d468,Biblioteka
2024,WA,4f31c0f4-79a7-4e06-9452-85b926a80312,COFGOD
2024,WA,113e0972-077f-423b-9b5f-3cc8a5bafa0f,Pink Martini
2024,WA,054e2798-297d-4396-bb09-8bffda628e43,Pink Talking Fish
2024,WA,9b8548a9-5991-42a9-ba96-fe83bd238b7a,Dom Dolla
2024,WA,113e0972-077f-423b-9b5f-3cc8a5bafa0f,Pink Martini
2024,WA,9d2c84b7-cb14-4310-b34e-ed70460dc577,r u s s e l b u c k
2024,WA,5e1dbdb2-87ac-41ff-9960-4a42a872327a,AJJ
2024,WA,6ae5c53a-da3f-4257-9c3f-50cc33a4e3db,pigeon pit
2024,WA,054e2798-297d-4396-bb09-8bffda628e43,Pink Talking Fish
2024,WA,1b95c8b6-3270-436c-89e2-b10e882b76ae,Karoshi
2024,WA,57ed819b-abb3-40a7-8c56-4bea53754710,Monsterwatch
2024,WA,658ad276-3179-45bc-9b35-8eac35c07fed,Spoon Benders
2024,WA,4c4aaf20-b6a9-4ffe-b869-e998bb68be3f,Reckonize
2024,WA,551946bc-e6db-4d69-b50a-4f3cfb29963f,Polyrhythmics
2024,WA,806db20f-78bc-470e-811f-71b5474684e7,Wayne Horvitz & Zony Mash
2024,WA,4cd556a5-db82-43f6-8d55-99598b42da8f,Kenny G
2024,WA,806db20f-78bc-470e-811f-71b5474684e7,Wayne Horvitz & Zony Mash
2024,WA,654b8b5d-1aa1-436f-bdbe-b5c0b6a1e71e,The Tide
2024,WV,b69d82f9-ade6-4f45-88e5-953353aad2b3,Molly Hatchet
2024,WV,38373ad6-67fe-4426-82c1-8c8cf532215a,Isaac Burdiss
2024,WV,f4dbc6b5-b35f-4a54-a725-aafed02e81b6,The Living Fossils
2024,WV,0932c55e-cd77-41fd-b877-0eb44c205242,Kellan Miller
2024,WV,12d9fb76-726d-4abe-9e7a-09b57905df0f,Evan Honer
2024,WV,d819fd69-3e6f-4e3f-b6ac-965689eabd90,Matt Mullins and the Bringdowns
2024,WV,d819fd69-3e6f-4e3f-b6ac-965689eabd90,Matt Mullins and the Bringdowns
2024,WV,86034d1d-f66e-426d-ad52-ca5511a9b428,Aaron Lewis
2024,WV,8fb516ba-892f-4f64-a40d-3b00629c1f0a,Jett Black
2024,WV,86034d1d-f66e-426d-ad52-ca5511a9b428,Aaron Lewis
2024,WV,c7bb15d5-ae5a-4586-9366-13ab0ab6bb72,West Virginia Symphony Orchestra
2024,WV,0932c55e-cd77-41fd-b877-0eb44c205242,Kellan Miller
2024,WV,d2b83114-af3e-4397-b570-10d81f1dd650,Trans‐Siberian Orchestra
2024,WV,74dc2e73-9d7a-4d78-b151-0b4c14b08f50,Stephen Kellogg
2024,WV,2b2df5fd-7d41-4d78-a456-62c738bb4d9c,Jill Sobule
2024,WV,1355d559-f13f-4c78-a7a8-02b6d747d94e,Lou Gramm
2024,WV,4d4af9d3-3775-4f87-8f7c-abc198a64018,Bret Michaels
2024,WV,fb2d8d9e-5511-40e2-a33d-568fa1808b20,Marty Stuart and His Fabulous Superlatives
2024,WV,0932c55e-cd77-41fd-b877-0eb44c205242,Kellan Miller
2024,WV,53b1a81c-a5fd-41e0-860a-6071885a3880,Cory Marks
2024,WI,5d0f8fa9-4b39-4fbc-9515-d5a326fbd0dd,Armchair Boogie
2024,WI,000b7e14-a4fd-4990-bbb1-b1d08182498a,Them Coulee Boys
2024,WI,7a0a051b-209e-4138-9007-f63e26db00a9,Bear Grillz
2024,WI,b9696d80-70c9-4c3d-be9d-8a525b125d23,Adventure Club
2024,WI,6a6989e4-526d-472d-81f6-dd4c096d02fb,Jeremiah Jams Band
2024,WI,3234d1d2-efd5-476b-be18-56ea3be1836e,BUG MOMENT
2024,WI,3501750d-6791-4dbe-a939-a277d2de382d,Boy Clothes
2024,WI,eb830544-202d-4a68-8d36-1089939b96b8,"Excuse Me, Who Are You?"
2024,WI,2ec4187c-5918-4857-b8b2-9a942c0048b4,Endswell
2024,WI,5a3bfac2-0840-43c8-932d-23df0fbd9423,Gold Steps
2024,WI,eae5d1ab-9d39-47e4-9821-8f9cb4986d3c,The Commercials
2024,WI,eae5d1ab-9d39-47e4-9821-8f9cb4986d3c,The Commercials
2024,WI,d2b83114-af3e-4397-b570-10d81f1dd650,Trans‐Siberian Orchestra
2024,WI,d2b83114-af3e-4397-b570-10d81f1dd650,Trans‐Siberian Orchestra
2024,WI,b4a0e21b-c602-468a-a1a1-32f83dbd93ae,See No Evil
2024,WI,3793e809-5868-48f6-b372-9b2957a6612d,The Buckinghams
2024,WI,783cba69-1ee6-4806-b764-a711ceae4a90,Daddio
2024,WI,21e3292e-dac8-4609-b57d-402f926aa41f,Daughtry
2024,WI,e0d839ad-3880-4530-ac32-6d373006678f,Sleep Theory
2024,WI,8bb5b069-8d34-4f27-ae81-d3d6a0906eb5,Devour the Day
2024,WY,22ed5687-34f6-4535-ae54-b2dede68e750,ANTISAINT
2024,WY,2944eb71-4547-440e-b36e-8e1176a710db,Hairball
2024,WY,d84c03c5-e806-47c5-a56f-14556d459640,Nest
2024,WY,42117a1b-8846-4b09-b6a4-ea63d5d41145,DeadPhish Orchestra
2024,WY,22ed5687-34f6-4535-ae54-b2dede68e750,ANTISAINT
2024,WY,63287966-6021-474a-ba76-edc37a5f1b7c,Jeff Tweedy
2024,WY,0c0f1c25-7dfd-4226-80a6-0459154b6172,Elizabeth Moen
2024,WY,87a73cf0-ebdf-483d-8b5a-3db1e5e72122,Drowning Pool
2024,WY,59ab564a-da0a-4372-8b9a-4f2da5c06af2,A Killer’s Confession
2024,WY,69689acf-d9cd-4d20-a972-47db4ed51b1a,Kansas
2024,WY,c21ff19f-cb3c-4a16-8884-30afda198cc9,A.J. Croce
2024,WY,4c82141c-65e2-49aa-9660-c9df88309373,Mark O’Connor
2024,WY,98e910b6-cfae-4a79-b21f-69508fd4d725,Noeline Hofmann
2024,WY,e2eabb0c-46c0-4725-9a46-d6c440ce1fe7,Zandi Holup
2024,WY,ba8520a7-e14a-4ba6-9ab5-1fab4d0a154f,Ashley McBryde
2024,WY,4f0a034c-c9e8-4755-9fef-ef56aa8cae5d,Cancerslug
2024,WY,0c92f735-169d-49ba-8379-c7ae06b09033,Avery Anna
2024,WY,886557b3-2fa6-494e-993d-b955e789dc57,Lori McKenna
2024,WY,175ba729-9516-4fef-ab31-487f271909c6,Tenille Townes
2024,WY,0a5e2c1e-4155-4812-86c2-e74ec0da47cc,Jenny Tolman
2023,AL,1a94bec8-f41d-452e-b52c-e967bedf84c6,Sinner's Gospel
2023,AL,ed5fb2c6-76ec-4930-97b3-286729c1e6bf,Mountain Grass Unit
2023,AL,e978c2b0-02e6-4122-9260-498325dbac41,Cicada
2023,AL,a7dc0f1f-548e-4d95-8291-c12657bbe42d,The Fab Four
2023,AL,7881dd12-2e0d-454f-91ec-dabf66799735,Confusion's Prince
2023,AL,e3f92c37-5572-4e3d-bbb2-a1c90909a608,Terminal Man
2023,AL,c10ab30d-0ca2-4a9b-80bf-9522126b7ac7,I Am Terrified
2023,AL,e2ae5214-fb39-48b5-8f35-1dff73e1467f,Young Division
2023,AL,7a777b2f-3dfc-4885-a3f2-0037347340eb,Black Button
2023,AL,31dbbb48-6677-4a44-a220-028f0217a5a0,Stay Lost
2023,AL,c2a7fb29-eb0d-4ecc-82da-24f94af0c6da,’68
2023,AL,b97b8a79-5785-42a7-b6d4-3d27476f45df,Dismal Dream
2023,AL,bfaedc9c-f361-42c0-bbee-b3adde4bbc60,Victims Of The System
2023,AL,71f8dac6-8e98-4d54-948c-770c408a0623,Chad Fisher
2023,AL,dca42ad1-1957-4d4b-9108-6f08acda2232,You Will Burn
2023,AL,c43c15b5-68ff-4a3f-bfc3-094aa9bd1dd7,Bluhd
2023,AL,fbf51cc1-9363-487f-bcd9-779abb7f4955,Selim Sivad
2023,AL,a32c7643-62ce-45e4-a3b2-f9019166cb20,Refuse To Thrive
2023,AL,87547833-8aa3-424b-a3f6-b89a11dc0cae,Fogcrawler
2023,AL,5cbe88fb-0a6e-4b25-9736-3e228822549f,Iron Law
2023,AK,59eda569-b380-4958-b98c-051d1667b3e1,Waka Flocka Flame
2023,AK,d0edd469-7697-47fa-9351-c17a22331afa,Marian Call
2023,AK,34a9be02-dc2f-42b9-9ff9-dda409a37861,The High Hawks
2023,AK,34a9be02-dc2f-42b9-9ff9-dda409a37861,The High Hawks
2023,AK,d0edd469-7697-47fa-9351-c17a22331afa,Marian Call
2023,AK,5c5284c4-38b2-4018-b1ed-404d77fd2cf0,Neal Francis
2023,AK,90cda7b7-9112-4ec7-9d6f-3f4675ef5130,Scary Kids Scaring Kids
2023,AK,a9e5337b-0608-4401-91d4-18ab4cf47ff8,Peter Mulvey
2023,AK,a9e5337b-0608-4401-91d4-18ab4cf47ff8,Peter Mulvey
2023,AK,a9e5337b-0608-4401-91d4-18ab4cf47ff8,Peter Mulvey
2023,AK,a9e5337b-0608-4401-91d4-18ab4cf47ff8,Peter Mulvey
2023,AK,a9e5337b-0608-4401-91d4-18ab4cf47ff8,Peter Mulvey
2023,AK,d3118da8-ff3f-4396-9ddd-06168c875d56,Big Bad Voodoo Daddy
2023,AK,d3118da8-ff3f-4396-9ddd-06168c875d56,Big Bad Voodoo Daddy
2023,AK,ba67b7da-cca7-4c3f-ba19-05349f0f7d97,Parker McCollum
2023,AK,6f1d4a00-aa5f-40d1-9e24-f9ab7cd33e51,Brisbo
2023,AK,284ee768-2c9a-440a-be37-db926e90fc1c,The Halluci Nation
2023,AK,8e1bd31e-34b4-4230-bfb8-c1bdf99c6447,Devon Allman and Donavon Frankenreiter
2023,AK,3e6f0239-8973-481e-afe2-12944106d1d7,Game Grumps
2023,AK,5df148ae-78eb-495a-8a0b-d16f3105992d,Noah Cyrus
2023,AZ,d90554ee-1dc4-41c2-b317-6609f081bb9a,Viridian
2023,AZ,293aa84f-e308-418a-b202-7d9c88479f1e,Mega Ran
2023,AZ,250cbc9c-0680-43ac-9c14-b3e9b9ac3569,Police State
2023,AZ,8fca0412-8ca4-46a0-bb81-1d24bcb7f5f0,deathdotgov
2023,AZ,ea6c62ec-701e-4f01-bbcc-adfad2d3be70,Straight No Chaser
2023,AZ,9fa3ce23-5b77-417c-a70a-10d177c6176a,Sundressed
2023,AZ,c5925220-549a-405c-a0a1-ed2cc9ae242b,Urethane
2023,AZ,b4516ec7-34f9-4659-8418-0b0dec960264,Troubled Minds
2023,AZ,eb0909ea-45c0-4734-91bf-d88baef3bb33,Boss Frog
2023,AZ,f0fa2b70-088f-4b77-a983-4f6ceb768998,Set
2023,AZ,ca1e757f-2671-47f0-876d-e5a3e09f35ed,Veronica Everheart
2023,AZ,5607e2d3-9606-44a9-a2d2-26e9eecb7845,Playboy Manbaby
2023,AZ,64e62fbe-5989-402d-b26a-7a9eb602937f,TV Tragedy
2023,AZ,fca94d64-9ada-4264-9373-4158e2f7c7e7,Chris Lake
2023,AZ,4c445344-9df2-407e-9bf3-8a5c0b86777e,Loud Luxury
2023,AZ,76d4a7a9-6268-471e-8528-605d5c9b4809,Yächtley Crëw
2023,AZ,e425b041-c28a-4ae8-9d5c-997890433cd4,Green Velvet
2023,AZ,5f43abf6-92a5-468a-a633-b73f94627972,ILLENIUM
2023,AZ,e33994a3-2f5c-42f5-8df1-4d23c331a4a5,SLANDER
2023,AZ,c0cd3de7-4654-482b-913b-6fd7dc4ce9a4,Taylor Dayne
2023,AR,7aafbcfd-6ddd-4e09-a586-f9030f82abae,Bulla
2023,AR,7663cfca-7ea3-441b-8ff5-c7dd49df80f4,Rwake
2023,AR,5973e4cc-40e6-4962-ace4-903205722e5d,Bobgoblin
2023,AR,e95e8489-a6d9-4fcc-b91d-face851e0364,Josey Scott
2023,AR,ba0b9dc6-bd61-42c7-a28f-5179b1c04391,Eggy
2023,AR,64c08e7f-48ba-4a49-a18f-9ac648c8ac63,Daniel Donato
2023,AR,be5d89f9-1277-4080-a508-c1769ccf5ded,Primitive Rage
2023,AR,f626335d-d234-408d-a67c-37a3c2c7e98a,Integrity
2023,AR,1880e09c-ac65-4f78-9585-e07b8598e1e9,Mutilatred
2023,AR,392d1779-ae62-4a58-84df-f9d17d934eee,World I Hate
2023,AR,0c41b966-12e8-4c9b-87ea-af47798987b6,Kevin Gates
2023,AR,2729d5b8-3576-4d56-9660-1a9986544274,Gates to Hell
2023,AR,b63c74fd-4311-492e-8ebe-327cb6d781eb,Combust
2023,AR,c8c7fe9c-27ac-4189-b498-9432bc58e516,Mutually Assured Destruction
2023,AR,57f496a2-d22d-4a89-9b04-c9ee3812c781,All Out War
2023,AR,7cfe6d06-25be-446b-b470-ef229eff7931,Terminal Nation
2023,AR,fb1c349d-e8e0-4546-9ad2-bda316956a67,Sentenced 2 Die
2023,AR,5747534e-9fdf-41f4-8596-65fee1975e4f,Dawn Of Ascension
2023,AR,70d9fdd1-7c7e-4dfd-be7a-8f606a71c9a2,Harm’s Way
2023,AR,24fb5cda-a427-4daa-9c04-3864db08090b,Judiciary
2023,CA,644c9096-41be-4d89-87b6-deceabf08930,Monsieur Periné
2023,CA,a505bb48-ad65-4af4-ae47-29149715bff9,Thievery Corporation
2023,CA,762e1e6d-ba12-4946-b8ee-dfa0cf9a2655,Dwarves
2023,CA,af4a97fb-db20-4996-8a9e-4c35ad539870,HANNAH
2023,CA,06f4a88c-72d1-480b-a786-fd41e534a876,Jamie Jones
2023,CA,a26fdd7d-ab5e-4617-a042-0b11ebd9ad03,Rogê
2023,CA,c3ad4e4d-374b-4c2b-91cc-b0f54b0ceadc,The von Trapps
2023,CA,e56aee57-d90e-40cf-a70d-beb70f6f3c69,KAYTRANADA
2023,CA,3bfa8f23-2dbb-43e2-b1da-3cfaa6c5ff9d,The Time
2023,CA,a56f9cc3-1569-4205-8514-9c5c545d724d,Louis the Child
2023,CA,cd1fec4c-8a52-4e6f-a298-8f91a3720081,Lost Kings
2023,CA,0609c172-8605-490c-9494-e1019803e817,Kem
2023,CA,1b622f86-b156-40d5-9a21-71cb7411bb2c,STARFARI
2023,CA,631e3bc5-428a-432b-87f7-5d357a007fc0,Pussy Riot
2023,CA,3020be1d-3c41-4e42-911b-ca5e96489300,Leftover Salmon
2023,CA,53a61b1f-dd88-45e7-b5d8-3e84038aa81a,The Four Freshmen
2023,CA,034c320b-0f58-4eca-8eb2-66cafac06b3b,Charlie Musselwhite
2023,CA,1c2262f8-35c2-4895-af94-6efb0cf39c28,Paula West
2023,CA,da70269b-b959-44f3-b470-fedd8281e074,Don Randi & Quest
2023,CA,9f839094-08e9-412e-87d6-42c2146340af,Kat Robichaud
2023,CO,42117a1b-8846-4b09-b6a4-ea63d5d41145,DeadPhish Orchestra
2023,CO,5c5284c4-38b2-4018-b1ed-404d77fd2cf0,Neal Francis
2023,CO,3b0addc1-bd1d-409d-9abb-f541c231f8d9,Slim Cessna’s Auto Club
2023,CO,056182ba-6450-4713-ba8c-55cc748f3fd2,Buffalo Commons
2023,CO,d69e540b-23a9-4bb6-8fd3-828bb6c2a73a,SNBRN
2023,CO,9a6d2343-6595-4bf2-b3d0-efbbd7a8dfd0,Maya Jane Coles
2023,CO,eace30ff-3b5f-49c5-b9d6-e270e9fb0355,Dragondeer
2023,CO,bf605dfd-03a4-4a28-9be8-49a622e75059,Cheap Perfume
2023,CO,060fa1be-1db9-46ba-b06c-fb55e4eb895e,CloZee
2023,CO,cfbc0924-0035-4d6c-8197-f024653af823,Nas
2023,CO,886dc0c9-3351-4d2d-b762-060cf1e66929,FISHER
2023,CO,b75c3ac9-6822-4dbb-9d7a-4f78deee9b7e,Carlita
2023,CO,aee558d0-034f-4ef6-a530-76280723656b,Damian Lazarus
2023,CO,82a8aee6-0772-4399-9238-b5903eab413f,Knife Party
2023,CO,f9fdca15-1bef-43a0-8213-758b6ee0aa91,Zeds Dead
2023,CO,701464aa-268b-49cc-92e9-6ad6d5889919,Bobby Mitchell
2023,CO,c7f25c47-0dc3-4d42-bb92-88239b3e9c3d,The Texas Gentlemen
2023,CO,aa1d4315-5246-42b2-b62b-f997d046d8b2,Emancipator
2023,CO,b9585df2-bb26-4523-83fa-53d18b754d5b,Pete Tong
2023,CO,c9073012-4547-4a72-8963-738d9f8503cc,Cedric Gervais
2023,CT,eea7f2c0-2d3c-427e-b97e-7ae952aeb271,Gabe Dixon
2023,CT,1c42b705-d3fc-452e-93ee-d0030bdd70f3,Gin Blossoms
2023,CT,657f7fa2-9e8e-4f5b-93c6-1d4dfdfff006,Consider the Source
2023,CT,5c77cd24-feb1-440d-a5fc-02c607d9d302,Rubix Kube
2023,CT,80c0b9dd-a230-46de-bb70-8f458dafb784,Popa Chubby
2023,CT,809ff1e8-b3da-4189-a611-cf421a116fac,All That We Are
2023,CT,74dc2e73-9d7a-4d78-b151-0b4c14b08f50,Stephen Kellogg
2023,CT,b446751d-2831-423f-8f6b-f1a246eb9c20,Joe Gatto
2023,CT,525b61ab-12eb-44eb-b663-6b920d2e6446,Karina Rykman
2023,CT,ef2a759d-86f1-41f0-ac50-1d74142d795c,The Four Horsemen
2023,CT,c4cb6440-7f00-4c7f-bac7-9304d1fcc548,The Alpaca Gnomes
2023,CT,8b4d99eb-7a54-4648-b299-8e1564d11385,Jagged Edge
2023,CT,9132d515-dc0e-4494-85ae-20f06eed14f9,112
2023,CT,7700b039-cba9-46fa-a863-dcfb4c916d99,Next
2023,CT,adc0f033-95c2-4e0b-87bc-c23ed3f26ce6,Shinedown
2023,CT,8ec305ab-364b-45d9-bc8b-f9d3f6f66d94,GOURD
2023,CT,5ab765e9-72a5-4b1a-858c-a9ca9f2daa01,Neighbor
2023,CT,a7c9279c-5a3a-4dcc-b1f1-7d32cc37cc8b,Badfish: A Tribute to Sublime
2023,CT,f9908eb1-30ac-4fc9-929c-81fe2dcf2266,Dar Williams
2023,CT,4f19d476-983b-45ee-9213-b56bd0cf44e4,Catie Curtis
2023,DE,c8a2f2d3-a3ad-4d6b-a82d-81a981f67358,The Gathering Gloom
2023,DE,33f3276d-4d1a-46b1-9949-bbacfee41651,Jimmie Allen
2023,DE,ce8cacb6-c917-41f5-b403-8fb601c89e70,Glenn Miller Orchestra
2023,DE,fffc6a35-ae65-48be-bcc0-9d604e05665e,SWV
2023,DE,05af006a-1798-4e1d-a821-f9187ff66fb4,Watchhouse
2023,DE,00c49f40-d715-4b79-b223-432048602cce,Indigo Girls
2023,DE,881cf2b4-bada-4cd6-8563-c827d997fb66,Nellie McKay
2023,DE,4a3fa347-a877-4952-88b9-5cd3c853c7a0,Stephen Steinbrink
2023,DE,9639cd52-c351-4a17-9797-58880e95a7ef,The Mountain Goats
2023,DE,f28f63a4-0d32-4c0d-b718-d4aa7cb3b337,Jeremy Edge
2023,DE,9cbfec65-0242-47f3-834f-412aa0d8bd1a,Mechanical Canine
2023,DE,20d7beef-118f-493c-99f9-3931835cb658,Brian Fallon
2023,DE,2ed8ecda-5bb9-4d9f-8c99-0bf9b85b3624,Graham Nash
2023,DE,234267b6-3a7f-4a16-a13a-58c48a0e39f7,Peter McPoland
2023,DE,de6ec777-0543-4d8c-8b1c-ee57910ef27a,Empathy Test
2023,DE,a659dc5f-c903-4e8c-9de6-5bb8acdde608,genCAB
2023,DE,c01e888e-6cc8-49ac-8083-d68b409bf273,Nite
2023,DE,ae46a249-f5d1-480f-8f67-b0fa18dbed5d,Lost Angeles
2023,DE,db6656f7-6b07-4962-ad6f-a4d4c8b122e9,Jason Fabus
2023,DE,48f99439-d9bb-4047-a0f3-4e14d883c0b4,The Rock Orchestra
2023,FL,2d5583be-aafd-41ec-addd-df85913855ef,Vanilla Ice
2023,FL,ff1a9dd8-1d70-44bd-b486-545796d6678b,Frank Bang
2023,FL,1a02e1e4-000e-46fa-83de-f3a36674e4fc,Uncle Kracker
2023,FL,cc6559c1-3459-412c-aa52-397f65b7d402,Duane Betts
2023,FL,6161a34d-95d4-4755-bc68-5b8abdb62a4d,Derek Lersch
2023,FL,301b45a4-b8b9-410e-8344-4b4eaf96691a,Marshmello
2023,FL,d6583c7c-c368-47b0-adac-4261b58a3b35,Vice
2023,FL,9bbcc03e-f4f1-4a0e-be9e-77a0ebe8c497,Jimkata
2023,FL,1036b808-f58c-4a3e-b461-a2c4492ecf1b,Nicki Minaj
2023,FL,0f9b5bdb-9e99-40c1-8311-5164cb8871a1,Bob Weir and Wolf Bros.
2023,FL,f1348139-efb5-43c7-9204-199827efad3c,Gryffin
2023,FL,d6583c7c-c368-47b0-adac-4261b58a3b35,Vice
2023,FL,a3ee920f-4e7f-4993-8aca-4b8538cfaa4a,Afrojack
2023,FL,92631c53-91ed-48f5-a09d-a104ba69cdc7,Offset
2023,FL,de0769fa-7c32-4706-9c8c-03631c90f208,Shitty Beatles
2023,FL,2f3c4d70-0462-40da-bba3-0aec5772c556,Cardi B
2023,FL,84e8f4aa-f56b-4ef2-84fe-c3abbfaf8e19,Bubbles Brown
2023,FL,56241616-665f-4f02-ba23-67ded8b1bdf9,Yacht Rock Revue
2023,FL,0f9b5bdb-9e99-40c1-8311-5164cb8871a1,Bob Weir and Wolf Bros.
2023,FL,cc6559c1-3459-412c-aa52-397f65b7d402,Duane Betts
2023,GA,814659b4-2bf5-452e-b852-28c8f47f9003,High Visceral
2023,GA,cbc42b15-d8cc-4ad8-b4ab-03d5311933f6,Buice
2023,GA,ebe01a53-7cd4-4223-a3cf-e7be5a83c6af,Back to Earth
2023,GA,eafc4487-b550-408b-9be1-223fff0fc1ed,Big Yellow
2023,GA,6da3faa0-224a-4d85-89ef-5953f1e93ac2,Janie Danger
2023,GA,53b33c1e-4fc9-4851-923f-e6aaf1c9a97f,Funk You
2023,GA,7879563a-6601-4ae1-82ac-03eff89bea16,Brock Butler
2023,GA,8d07ac81-0b49-4ec3-9402-2b8b479649a2,Sound Tribe Sector 9
2023,GA,3797a6d0-7700-44bf-96fb-f44386bc9ab2,Widespread Panic
2023,GA,8374fe36-ccb2-463b-89c2-5f37a264400f,Dizgo
2023,GA,6ace8f51-1094-45bf-9021-5a3ad8bed6a0,Envilittle
2023,GA,6849f4e1-d94a-4efb-a6b9-2edb287aae8e,Robert Jon & The Wreck
2023,GA,5a5f8a48-b201-404a-88e6-a4fb5ca439eb,Small Reactions
2023,GA,8d07ac81-0b49-4ec3-9402-2b8b479649a2,Sound Tribe Sector 9
2023,GA,e0771e5c-ef29-4c3a-82e6-ed8c38f2c796,Fiend Without a Face
2023,GA,3797a6d0-7700-44bf-96fb-f44386bc9ab2,Widespread Panic
2023,GA,1576a26e-f77d-47ac-87f2-4f610c141ac6,Blackberry Smoke
2023,GA,320d5bb3-fb8b-4ce8-96f6-dd9c7081f9d5,Sam Holt Band
2023,GA,7b38a145-7137-4c61-8d04-89ade521a6fc,Mother’s Finest
2023,GA,3797a6d0-7700-44bf-96fb-f44386bc9ab2,Widespread Panic
2023,HI,a2030c8d-cad0-4327-9534-47761f8ef0f0,The Green
2023,HI,a2030c8d-cad0-4327-9534-47761f8ef0f0,The Green
2023,HI,a2030c8d-cad0-4327-9534-47761f8ef0f0,The Green
2023,HI,a2030c8d-cad0-4327-9534-47761f8ef0f0,The Green
2023,HI,a2030c8d-cad0-4327-9534-47761f8ef0f0,The Green
2023,HI,a2030c8d-cad0-4327-9534-47761f8ef0f0,The Green
2023,HI,c71ef2f7-da87-4f6c-a670-6b0221b04ff1,John Tesh
2023,HI,c71ef2f7-da87-4f6c-a670-6b0221b04ff1,John Tesh
2023,HI,c71ef2f7-da87-4f6c-a670-6b0221b04ff1,John Tesh
2023,HI,05b17081-906a-4c0e-bed0-dd0ad79ed82a,Mike Lewis Big Band
2023,HI,05b17081-906a-4c0e-bed0-dd0ad79ed82a,Mike Lewis Big Band
2023,HI,05b17081-906a-4c0e-bed0-dd0ad79ed82a,Mike Lewis Big Band
2023,HI,05b17081-906a-4c0e-bed0-dd0ad79ed82a,Mike Lewis Big Band
2023,HI,cd00d934-965b-42b8-b7de-0856b2ba5ac3,Paula Fuga
2023,HI,cd00d934-965b-42b8-b7de-0856b2ba5ac3,Paula Fuga
2023,HI,cd00d934-965b-42b8-b7de-0856b2ba5ac3,Paula Fuga
2023,HI,cd00d934-965b-42b8-b7de-0856b2ba5ac3,Paula Fuga
2023,HI,99450990-b24e-4132-bb68-235f8c3e2564,Alvvays
2023,HI,6672e2b9-40a4-409b-8bb6-98b29d0e65d7,Raiatea Helm
2023,HI,c25981ec-afe4-41bd-aaa0-267e9ffc1a1c,Kenny Chesney & Grace Potter
2023,ID,a10da00d-6451-4c85-b3e7-cedcd913d0e7,Braided Waves
2023,ID,53e218d9-4fba-426b-9864-6c812a5f5a9d,Johnny Nasty Boots
2023,ID,3fbe788d-d4df-4ab1-b6cc-efc5781bb1f2,Tanner Usrey
2023,ID,7ed712bf-df94-4764-9221-6c8b8ec5dcad,Jens Kuross
2023,ID,8564e236-ef8d-4867-a6bc-cdee1072e654,Zakk Sabbath
2023,ID,cdd492ca-4342-480d-afd8-45d133cb60d3,Hayden Pedigo
2023,ID,61b6676e-54ba-42aa-9116-a60f4176b866,The Native Howl
2023,ID,5034284a-7109-4bb6-b4e0-9624a4918979,Wildermiss
2023,ID,b9e99b79-ea52-48c3-920a-7bfcf8098a58,Michigander
2023,ID,d3db61cb-8699-4dea-9aa3-54a4a3ca4c70,Andrew McMahon in the Wilderness
2023,ID,252b5d32-5bd5-4cae-9d48-6aafa2145c33,The Bellamy Brothers
2023,ID,6c4d81f8-8a34-4cda-9a4b-538c539b50f4,Tower of Power
2023,ID,bd19d928-fdab-4c46-b97c-9df9f5a2dde6,Good Boy Daisy
2023,ID,85bec6d3-5964-4ac2-9b8c-336783a3adda,CARR
2023,ID,afd55c72-d123-4237-9818-fa3ce634b3dd,Highly Suspect
2023,ID,a408ec83-2ee0-4cf2-99d6-161fbe76dd16,Anuhea
2023,ID,0bfb489b-7da8-4b28-b144-eee7599ed1e9,Cattle Decapitation
2023,ID,fae4dcff-5687-4ed2-a3f3-df6bd0506432,Sanguisugabogg
2023,ID,c373c7f0-fddf-4c04-a327-19dd83590753,Immolation
2023,ID,38f0c7ac-46eb-49ca-b3ab-c785ccd05a60,TV Girl
2023,IL,c07731e6-4193-4bdb-b0a7-823c8925bc59,John Primer & The Real Deal Blues Band
2023,IL,284befc2-ac10-47bd-8ac0-c6d2c961ca3f,Drab Majesty
2023,IL,ebab8bca-36b0-4536-aed7-d0dbfd216932,The Brook & The Bluff
2023,IL,baaf92f5-f2b2-4f51-9723-abed41a257f8,Local H
2023,IL,ae99d9ea-74bf-486f-af39-4530e77b06d4,Cedric the Entertainer
2023,IL,da392a43-2b0f-4e06-a84d-dbb5008d088a,D.L. Hughley
2023,IL,5bbf0f10-4355-42cb-9d08-6b777a8a300d,Mt. Joy
2023,IL,dd736e1d-5998-4db9-91f2-de8083880eb3,STEREOtype
2023,IL,884e4620-077c-4e4f-be21-15fb5bf24469,smut
2023,IL,25332773-2e48-4d00-9091-815080796dad,Sybris
2023,IL,3cbfd3e3-6d9b-4327-84ba-42cf646c98f9,Billy Corgan
2023,IL,945d3b69-27cd-45fa-b491-52553a63dead,Joyce Manor
2023,IL,53e40f93-f4af-4f8c-819c-7bbe4b6f0a1c,Lindsey Stirling
2023,IL,64598fd8-5d7c-441d-a936-e1fc13d5a4f6,Kiwi Jr.
2023,IL,3826a6e0-9ea5-4007-941c-25b9dd943981,Umphrey’s McGee
2023,IL,58a53082-a629-4ff1-a44d-7492d6f6e8fb,The Lemonheads
2023,IL,a2447eb7-e77d-460a-94f6-ae3e1b3e811f,Terrapin Flyer
2023,IL,217f526c-f353-4d8b-8ba7-67fe0407f489,Robbie Fulks
2023,IL,2a20a10e-b2df-4876-b2e1-3eb9c98347ce,The Fantastic Plastics
2023,IL,b23f52ff-97b5-4563-94db-d38a31ba4fb2,Mr. Blotto
2023,IN,9968756b-d504-4c90-a184-776ba1dd32ea,Sugar Ray
2023,IN,2c1c9fc1-44e3-4dde-af20-ca85d96ec500,Mr. Clit and the Pink Cigarettes
2023,IN,4388495f-671a-42aa-b4be-e67699b13b12,Beyza
2023,IN,deebf442-6911-402b-9b7d-f19abae2fa2e,Jody Wisternoff
2023,IN,7afd5952-66c8-40ac-88c1-ff7ff9648f54,Trung Ngo
2023,IN,61accad1-e728-4c4a-ae45-4440c17a8534,Peacehead
2023,IN,0979bde8-576e-4875-8502-5411d89cb1b6,Cullen Cammack
2023,IN,4b96aeb8-db1a-45b0-b665-ab24858408af,Mike Pinto
2023,IN,0e431661-0291-4fc2-90f2-a47e057e0a6a,Jarv
2023,IN,66980f96-2716-48e6-88c2-cbbb81b8e888,Parmalee
2023,IN,6b62d0b0-5925-4ab0-bceb-eca7afbc7c74,Tropidelic
2023,IN,9bef5751-1bd8-40a4-b0ab-8799db95e865,The Why Store
2023,IN,a5708af4-9d5f-48e1-a6f3-12b55c68fde1,Myron Elkins
2023,IN,c51200de-4337-4d18-8cc5-3053df667a9b,The First Day of Spring
2023,IN,d2b83114-af3e-4397-b570-10d81f1dd650,Trans‐Siberian Orchestra
2023,IN,d2b83114-af3e-4397-b570-10d81f1dd650,Trans‐Siberian Orchestra
2023,IN,20a6ad96-4715-4ba1-b3b1-7d5565c29a3e,The Blue Side
2023,IN,20a6ad96-4715-4ba1-b3b1-7d5565c29a3e,The Blue Side
2023,IN,ea6c62ec-701e-4f01-bbcc-adfad2d3be70,Straight No Chaser
2023,IN,ea6c62ec-701e-4f01-bbcc-adfad2d3be70,Straight No Chaser
2023,IA,ac19dcaa-333a-4062-af16-ee9b24a3c81f,Austin Snell
2023,IA,28a0bc18-c0a4-457c-8768-e49cfe4d1b88,NRL CJ
2023,IA,922a18b1-0aba-4868-8f38-2aa4f324fe16,Mannheim Steamroller
2023,IA,1f444240-5397-4e63-a3e8-a3eac2aace32,Michael W. Smith
2023,IA,1f444240-5397-4e63-a3e8-a3eac2aace32,Michael W. Smith
2023,IA,1f444240-5397-4e63-a3e8-a3eac2aace32,Michael W. Smith
2023,IA,2944eb71-4547-440e-b36e-8e1176a710db,Hairball
2023,IA,b6b6f1cf-e1c8-46e9-bc54-1a63ed1f8d51,Wayne Newton
2023,IA,d89de379-665d-425c-b2e9-41b95d1edb36,Silverstein
2023,IA,50ade67c-111a-4295-8577-d07953f64454,AVOID
2023,IA,ba2ce66f-1673-4d88-bb31-ee466d764030,Shaun Johnson & The Big Band Experience
2023,IA,0fff8ab2-c500-4564-b4f1-f4da7642d986,Stray From the Path
2023,IA,79414922-c4b9-4109-aee1-1513c02e9153,Clownvis Presley
2023,IA,922a18b1-0aba-4868-8f38-2aa4f324fe16,Mannheim Steamroller
2023,IA,84c7cb93-0622-4b90-8d53-ee2b4650097f,JD McPherson
2023,IA,ff1be96f-9055-4b15-86d8-e273cf44c685,River City Rejects
2023,IA,2944eb71-4547-440e-b36e-8e1176a710db,Hairball
2023,IA,a320c615-206f-452f-9a9b-13ea15f8c0eb,Old Dominion
2023,IA,d37a3ce6-788d-4272-9af8-3eb6dd9b11a6,Pete Davidson
2023,IA,706e1bc8-aab9-4e44-9c70-2e2161e6de4e,JACK Quartet
2023,KS,23d0b15f-b6b5-489b-b2a1-0333bd8db44b,Laura Jane Grace
2023,KS,8da1c107-9032-4356-bb75-260e61ae96d5,Catfight
2023,KS,79c67eb5-3851-4b28-bfe0-3adfcd6f58d7,Pentatonix
2023,KS,be5d89f9-1277-4080-a508-c1769ccf5ded,Primitive Rage
2023,KS,3b6ec44b-1000-4b42-8078-6a2898730532,Josey Scott’s Saliva
2023,KS,29c91854-8c45-469b-b36d-a11fb650638b,Cloud Nothings
2023,KS,3071d829-b9ca-4499-b4f5-74d6d8531aed,The Menzingers
2023,KS,1dd13895-cf71-4510-bfeb-2baa72f216a6,Veers
2023,KS,49d04262-6389-4f51-829e-d8fd1b8b80fa,Deana Carter
2023,KS,d6a3eeec-cde0-4c10-89b2-93e0bd5f34e6,Blue October
2023,KS,c79032e6-f077-4cf7-9de3-ad29084a723e,Microwave
2023,KS,dfc6d0b8-3d0b-4b33-9b3f-dff972e25594,Adam Sandler
2023,KS,183e636e-d41c-43fe-a428-8a034eb20c7b,Theory of a Deadman
2023,KS,bceba9d9-3a3c-4883-af65-e44bd5848169,Exile
2023,KS,272b283c-7b32-484a-b087-d4fb9ecb8f96,Saint Asonia
2023,KS,16a43d5e-c52d-4eaa-9c3b-00b2c1d8e816,Skillet
2023,KS,db8451ab-9f03-4668-87c7-1dbb66aa1e6b,Sunny War
2023,KS,369d3523-46b1-4127-8664-128f214d0a65,American Aquarium
2023,KS,c21ff19f-cb3c-4a16-8884-30afda198cc9,A.J. Croce
2023,KS,d2b83114-af3e-4397-b570-10d81f1dd650,Trans‐Siberian Orchestra
2023,KY,cc85df52-88fd-4028-b7bb-9af974845ef6,Same As It Ever Was
2023,KY,9947e874-ddd0-4e1a-b0d4-a76f6532fe45,Tyler Childers
2023,KY,7f426331-11c0-4c66-aec1-719abe5dd86f,Shovels & Rope
2023,KY,7322e268-6e8e-43ed-925b-101858f7485c,Belushi Speed Ball
2023,KY,2c1c9fc1-44e3-4dde-af20-ca85d96ec500,Mr. Clit and the Pink Cigarettes
2023,KY,ed83bf7f-565c-4863-9f88-e888a5c24c68,The Guess Who
2023,KY,bceba9d9-3a3c-4883-af65-e44bd5848169,Exile
2023,KY,7f426331-11c0-4c66-aec1-719abe5dd86f,Shovels & Rope
2023,KY,9947e874-ddd0-4e1a-b0d4-a76f6532fe45,Tyler Childers
2023,KY,5132be8e-3d05-4d10-ab77-1ea03476e964,Houseplant
2023,KY,4fbac5aa-6481-40fb-acf6-384756f86adb,Steely Danish
2023,KY,f44d8b51-1a4e-4e7a-9fb4-139c1c4252bc,tipper gore
2023,KY,0a6fc6b0-27ce-486d-b780-f2cf9656b88b,Hangöverkill
2023,KY,b71ca9d3-febb-4764-a845-44f96c3a2dfb,Mommy's Cigarettes
2023,KY,a735332d-e2b5-4184-ad73-f2be4211c46f,Shitfire
2023,KY,fd95f811-981e-4802-a712-f023fc4197fb,King Kong
2023,KY,fe212220-a88f-40d6-a457-a1007e3434cc,Hyryder
2023,KY,73104275-e9fd-49f7-8524-e5d425e0158c,HIRT
2023,KY,46055764-e2e8-454d-a43b-aa81c2959437,Stac3y Bell
2023,KY,6ee5a8ed-9d58-47d5-86c3-75407030ca03,Daisychain
2023,LA,83f12408-933d-47d3-a2d6-55bf32f19c54,610.split
2023,LA,ba9afaf0-ef3a-42a6-afe0-f924193629bb,Juvenile
2023,LA,640db492-34c4-47df-be14-96e2cd4b9fe4,Billy Strings
2023,LA,4b4753f2-4642-4cbd-a815-057839b364f8,The Quickening
2023,LA,f39a643f-5eb7-4051-82f8-08b058ce4319,Michael Maddox Music
2023,LA,cabbdf87-5cb2-4f3c-be65-254655c87508,Galactic
2023,LA,6e132ba1-8dac-457b-b1b3-8218e6b7dc5d,Gloomkeeper
2023,LA,99aee22b-4902-4a51-8d34-50a22c2a1995,J & The Causeways
2023,LA,ab5ebd88-5205-4c77-881b-3d7db6894c41,Soul Giant
2023,LA,4c340836-5963-49ac-afc3-e003bd66d615,Chesticle
2023,LA,98aae97b-4aad-4fe0-9413-6b24ff470a9d,Subliminal Landmines
2023,LA,9c68451f-8cd9-4647-afb5-1527630f66ba,Sicard Hollow
2023,LA,640db492-34c4-47df-be14-96e2cd4b9fe4,Billy Strings
2023,LA,292d3651-9c7d-4b06-9a6b-b1a582aae622,DJ Soul Sister
2023,LA,92a42e82-b36f-4308-82c1-68bad2e03c89,Third Eye Blind
2023,LA,b0482b1f-82a0-4a27-b2ff-00a518f9acbe,Whisper Party
2023,LA,b0fa8b31-87cb-43ad-9f15-179725c1e3b6,Ghostland Observatory
2023,LA,b612925d-5aab-458c-a9dc-e92b2d02e85e,Phantum Sun
2023,LA,98c37e6c-d647-46c7-ba67-e2e97d5a83d1,Miko Marks
2023,LA,9c68451f-8cd9-4647-afb5-1527630f66ba,Sicard Hollow
2023,ME,6f935e2d-5f17-408c-a74a-584e9796ef27,Griffin Sherry
2023,ME,2741c649-fd77-4c69-95ef-e0570f8ab0a5,Jeff Beam
2023,ME,0344b965-240d-439c-bbaa-a4754544a60e,LOVE BY NUMB3RS
2023,ME,a615b8f7-a9f6-4d7a-90c7-6fdf26b13411,Guerilla Toss
2023,ME,6f935e2d-5f17-408c-a74a-584e9796ef27,Griffin Sherry
2023,ME,d7b93799-38f0-4136-9b29-65021124336d,Connor Garvey
2023,ME,6e1724fb-f257-4704-af42-adc12bd7aaee,Midnight Breakfast
2023,ME,5ab765e9-72a5-4b1a-858c-a9ca9f2daa01,Neighbor
2023,ME,bc688e58-9a03-4f9d-ab82-bbc04582f63a,Bearly Dead
2023,ME,5f5d68dd-285a-4f06-9099-84eb3f85c65f,Postmodern Jukebox
2023,ME,bc688e58-9a03-4f9d-ab82-bbc04582f63a,Bearly Dead
2023,ME,51bda9e3-1703-4024-aa0a-2992ff930cb9,Heather Pierson
2023,ME,8765fb93-546b-460e-abc3-161bab86c341,The Mallett Brothers Band
2023,ME,a0344eb2-d71c-40a8-b9f7-17f19e319421,Blood Lightning
2023,ME,a5576b1b-98df-4a91-9e9b-c70c2c1a9654,Scissorfight
2023,ME,ab6e9ef3-d5e1-4ed3-9bc5-b5df74ab72ac,Viqueen
2023,ME,0054d7d8-696f-4f57-8f8b-75e16c9181a7,Mammothor
2023,ME,c27fb8a7-396f-4727-8101-3e8c91df8982,Spose
2023,ME,0e431661-0291-4fc2-90f2-a47e057e0a6a,Jarv
2023,ME,403bc4cd-602c-4b59-8379-05cb24f66aa6,Piebald
2023,MD,8dd73d1a-0424-4581-af8c-ade3edb44c5a,Dan Deacon
2023,MD,62162215-b023-4f0e-84bd-1e9412d5b32c,All Time Low
2023,MD,2798d18f-1dc7-4250-92d7-6afb9229df68,The Grateful Allman Band Experience
2023,MD,2798d18f-1dc7-4250-92d7-6afb9229df68,The Grateful Allman Band Experience
2023,MD,bf0603bc-a1e9-46b7-aa17-1037819b2f51,Kill The Darkness
2023,MD,4b2374e3-1f73-4299-a036-19c6a7bd5368,Jimmie’s Chicken Shack
2023,MD,0e981414-1bee-42f4-b80b-ce285c13ac8a,Jamie McLean Band
2023,MD,dbf991f7-8689-4c44-82f5-1adf488d3c2c,Baltimore Symphony Orchestra
2023,MD,bf9bd7ab-57f1-426e-bf4f-2da6103b9c17,Samara Joy
2023,MD,67270a0f-4a3c-471c-a728-67d65147b8ad,Maggie Rose
2023,MD,f32d18ce-7855-4c29-9632-d1ef54a9571e,Will Sims
2023,MD,f2f4f21b-b79b-4ad9-be87-04b92a53c4da,Cris Jacobs
2023,MD,b66e3fb2-0b2c-443e-b4b6-2c35d09dc20e,John Waters
2023,MD,f2f4f21b-b79b-4ad9-be87-04b92a53c4da,Cris Jacobs
2023,MD,a8ad585a-2776-4531-a1cc-93b9a3c9d43b,Zebra
2023,MD,252da874-e460-4523-b94f-4c2450a70c77,Sidewalk Prophets
2023,MD,85ff5638-8c0f-44c6-bd7e-2ee2178779cc,J Roddy Walston
2023,MD,7e31d5c3-ad72-47c5-85c3-a35e11df1225,Kelly Chen
2023,MD,403bc4cd-602c-4b59-8379-05cb24f66aa6,Piebald
2023,MD,64a3146c-452c-456a-96e8-09642327b0fc,Matt Pless
2023,MA,2a64b5be-36ac-42ec-a59d-3a5fa96170c5,CrabGrass Bluegrass Band
2023,MA,37eb1271-fbed-4d15-94c4-073a9991c2ad,Booty Vortex
2023,MA,293924fd-0429-49c3-957d-2f803a26d935,The Lovesexy Band
2023,MA,b00ce44b-2062-4102-b42b-7e92c0894065,Henning Ohlenbusch
2023,MA,4777dc1b-2533-4189-9062-c1b2b477d5c5,NRBQ
2023,MA,a1df27fa-732d-4115-ac55-03b29463d139,The Nields
2023,MA,ec8e3cea-69f0-4ff3-b42c-74937d336334,Pigeons Playing Ping Pong
2023,MA,9787fb4f-b744-4cfe-adc7-ed2f62df5953,Lonesome Brothers
2023,MA,234485d7-4627-47f4-bf82-3b03b83b0dfe,Spouse
2023,MA,75f27492-3018-4b1e-aa04-60c31059a5c5,Max Creek
2023,MA,dabef034-48b1-43a4-9750-444700c690cd,Diamond Blues
2023,MA,63f6e826-67be-4796-8322-aa765172ea2c,Crabgrass
2023,MA,94e2a5ab-958e-43a4-8bea-21f378f5f9d3,West End Blend
2023,MA,85c00745-add4-43ce-9fe0-242a1d1a1821,The Fawns
2023,MA,19578d18-720f-46ed-8cf8-9d3ae0afe47b,Vices Inc
2023,MA,6ce952eb-0f9d-4185-92a1-9101480212fe,Ripe
2023,MA,7239157d-f4db-454f-a80f-e038c1232a34,Xen Chron
2023,MA,986e47f2-7525-486d-9a50-a28eb1ed7b2e,Dev/Null
2023,MA,5fdaaa91-905d-4cc8-9bd0-7e1d5226fccd,The Fools
2023,MA,2f093804-9909-42c8-9355-741f032860ec,Pictureplane
2023,MI,25040e3f-1711-4476-8615-4e109f878b12,Joe Hertler & the Rainbow Seekers
2023,MI,b2d7c5e9-0e74-45e9-99a2-de24c19ee014,Charlie Wilson
2023,MI,54b1ecc0-3745-446d-a7b8-625bb02e3410,Mighty Big Rig
2023,MI,c6ba2a8c-6414-4d7b-812f-44739adb42f6,Camille and Kennerly
2023,MI,0f6700b8-3287-43f2-9e21-3673b0abb910,Desmond Jones
2023,MI,199596a3-a1af-49f8-8795-259eff8461fb,Greensky Bluegrass
2023,MI,b3a3975c-a01d-4411-a67b-3a325d581ac3,Gettoblaster
2023,MI,a5708af4-9d5f-48e1-a6f3-12b55c68fde1,Myron Elkins
2023,MI,407592bd-6b6e-4803-80fd-f17e59446734,Lonestar
2023,MI,199596a3-a1af-49f8-8795-259eff8461fb,Greensky Bluegrass
2023,MI,afc1cb3b-0808-47ba-b806-eb7812038d08,J. Navarro & the Traitors
2023,MI,d39f9276-32c1-4b84-9389-d77dbc3801ae,Montgomery Gentry
2023,MI,74b32ad2-b203-49dc-90d3-904a10f44623,Brooks Wheelan
2023,MI,74b32ad2-b203-49dc-90d3-904a10f44623,Brooks Wheelan
2023,MI,fae6cc1d-fc05-4432-a577-add8b905d75d,Ringworm
2023,MI,210fa5aa-aa76-417c-8daf-c639e63a5002,Purplish
2023,MI,ea57fadb-16f2-48e6-969e-5e2f021c89ce,Sean Anthony Sullivan
2023,MI,70a692bb-dbd3-440a-af7b-c82e5e1389b2,Mustard Plug
2023,MI,c6ba2a8c-6414-4d7b-812f-44739adb42f6,Camille and Kennerly
2023,MI,d3573f3a-6462-4794-b874-08a5b1272a43,John Oliver
2023,MN,b52590a7-d52e-4618-9f16-7c9b092960b3,Hank Thunander
2023,MN,5ed8f4ac-3ae8-4a83-9ff9-565510c7f6e5,Surf Mesa
2023,MN,878da1d3-7e83-4022-958c-d83b8ab86e4c,Clocks and Clouds
2023,MN,5962d15b-9494-41c9-9b0d-6c46974e0b6a,Toilet Rats
2023,MN,252a3f00-66df-4f85-aca6-36c40df66045,Gully Boys
2023,MN,a3d6fffa-c069-4d69-a6ac-8b4ffe06d6ff,You Oughta Know
2023,MN,190e78ac-8f44-4bf1-a4ff-95ed9376ad9e,Motion City Soundtrack
2023,MN,56c4b861-0922-4c3a-a9b9-3bfcb00f8274,Zedd
2023,MN,d6b38023-0a5d-4d2e-aff0-58286649c4da,A Hard Day’s Night
2023,MN,baeb4156-3606-4fa0-8228-61a776961f1d,XOMG POP!
2023,MN,2944eb71-4547-440e-b36e-8e1176a710db,Hairball
2023,MN,13b39323-33ea-4576-9f46-1e882361b774,Tee So
2023,MN,031f532a-85bc-4afe-9f89-860d8de1d2aa,Scarlett
2023,MN,e57f1b1d-fc6c-4cbf-9f1a-19c74546ece4,LUCKY The Unfortunate
2023,MN,4357383a-d847-4bba-9cc4-7e7b55df6544,Mark Joseph
2023,MN,ec2d121d-160a-4daa-9963-ee8959bf54b2,Solid Gold
2023,MN,07933f6b-846f-4df5-a0f8-0d5b293ccf91,David Huckfelt
2023,MN,3620ae88-ab47-4a20-bda5-2468cf8f71a0,Raffaella
2023,MN,0d48a742-93e4-47f0-88e0-423be57e124b,Caroline Smith
2023,MN,d2b83114-af3e-4397-b570-10d81f1dd650,Trans‐Siberian Orchestra
2023,MS,109f1370-fef0-4bc0-b422-587e7c3afd63,Eric Johanson
2023,MS,3c58c10c-c831-4c25-86d5-486d6754a326,Sex Mex
2023,MS,742e54f5-debd-4fc1-a7c1-00edf9b673a5,Eyehategod
2023,MS,b82cf9e7-c80b-4026-9008-9bc9a8881b05,The Weeks
2023,MS,1a9b4e0d-05e2-4491-83f0-a4a676283f99,Preservation Hall Jazz Band
2023,MS,b82cf9e7-c80b-4026-9008-9bc9a8881b05,The Weeks
2023,MS,db8451ab-9f03-4668-87c7-1dbb66aa1e6b,Sunny War
2023,MS,a6e613d6-ff65-4972-beff-303a1b10ab05,Lainey Wilson
2023,MS,7023af87-17cd-472b-a9c7-e2eb44a18b21,The Talismen
2023,MS,f4fe9be1-8e34-47c8-bf16-33d1a94a235b,HARDY
2023,MS,431c8479-0e53-4e9d-9938-7c924cf62d87,Dylan Marlowe
2023,MS,e57f0cac-4f56-473c-8d7e-d93f753fd586,Steve Miller Band
2023,MS,c2159cf3-40a5-4215-a30b-a952ac3f8aca,John Mulaney
2023,MS,348d5ed9-7cae-4554-b6d4-040e10a973d5,Watermedown
2023,MS,fb5eca86-e960-47f8-b633-15bc53ab3cbd,Planet of the Little Green Men
2023,MS,369d3523-46b1-4127-8664-128f214d0a65,American Aquarium
2023,MS,b8be39a1-85a1-48ec-961d-188bfcd73097,Cary Hudson
2023,MS,199596a3-a1af-49f8-8795-259eff8461fb,Greensky Bluegrass
2023,MS,cb112ae8-4e88-4622-9ac8-8cdf37039806,Elvie Shane
2023,MS,be259f80-096e-4dc1-8933-d60a8cf3bc69,Kameron Marlowe
2023,MO,851b24ee-d28f-4535-ab0a-08c95862ba8a,Saint Louis Symphony Orchestra
2023,MO,e21acee7-623f-4995-952c-33489a5d9ae3,The Comancheros
2023,MO,a27e5b1c-c522-4e55-9d3d-ec527727ef8e,El Monstero
2023,MO,1d40826c-8a59-4d56-a88a-dbe70837e9dd,Danilo B.
2023,MO,b902715e-669a-4761-8008-9f56b0389008,NewSong
2023,MO,851b24ee-d28f-4535-ab0a-08c95862ba8a,Saint Louis Symphony Orchestra
2023,MO,a27e5b1c-c522-4e55-9d3d-ec527727ef8e,El Monstero
2023,MO,84b27bad-1cc2-4fd0-9c0e-8ab0f64d3b65,Based on Confusion
2023,MO,af9ce2fc-48ad-4818-9969-49dcd5db6651,HEYZ
2023,MO,ed962474-bb85-47f9-b108-073184f09bc8,Rusko
2023,MO,f86ff0ba-fd11-40f5-bfcd-dc1d33ec8a1e,Wisemary
2023,MO,f9fdca15-1bef-43a0-8213-758b6ee0aa91,Zeds Dead
2023,MO,851b24ee-d28f-4535-ab0a-08c95862ba8a,Saint Louis Symphony Orchestra
2023,MO,a27e5b1c-c522-4e55-9d3d-ec527727ef8e,El Monstero
2023,MO,6bcf61d5-3a08-4194-8112-5e155b7afffa,Crowder
2023,MO,23d0b15f-b6b5-489b-b2a1-0333bd8db44b,Laura Jane Grace
2023,MO,8dc45c07-80ab-4cc6-8ef6-f0bf5489eb8e,Colton Dixon
2023,MO,3f96553a-1939-452b-add0-65d67022e6b4,Anne Wilson
2023,MO,b1b9f740-a90a-41cb-94d2-96436da4c67d,Sean Canan's Voodoo Players
2023,MO,4c0d197c-7896-4efa-aa2c-e8e4d4975906,Matt Rupp
2023,MT,2a994741-42ca-4251-8400-7b6fe09ecf3d,Kitchen Dwellers
2023,MT,2a994741-42ca-4251-8400-7b6fe09ecf3d,Kitchen Dwellers
2023,MT,2a994741-42ca-4251-8400-7b6fe09ecf3d,Kitchen Dwellers
2023,MT,734d083f-eb2b-4c01-a739-cb8f5a361dab,Jerry Joseph
2023,MT,734d083f-eb2b-4c01-a739-cb8f5a361dab,Jerry Joseph
2023,MT,734d083f-eb2b-4c01-a739-cb8f5a361dab,Jerry Joseph
2023,MT,734d083f-eb2b-4c01-a739-cb8f5a361dab,Jerry Joseph
2023,MT,734d083f-eb2b-4c01-a739-cb8f5a361dab,Jerry Joseph
2023,MT,6c4d81f8-8a34-4cda-9a4b-538c539b50f4,Tower of Power
2023,MT,d7c10496-3186-40d8-9022-3293770eb3a8,Apollo Suns
2023,MT,d7c10496-3186-40d8-9022-3293770eb3a8,Apollo Suns
2023,MT,09352d49-d40e-4506-800f-a099a5fe009e,North Fork Crossing
2023,MT,93ccd76c-3790-4435-a8bf-02bc26294b93,Bush
2023,MT,1b09e72f-374a-42aa-8bf7-4eb4b2b6eb59,Eva Under Fire
2023,MT,2002b451-41ec-4e57-b806-a109931743b1,Bad Wolves
2023,MT,05390327-99b1-45de-b201-3d41194a6d2d,Chaparelle
2023,MT,05390327-99b1-45de-b201-3d41194a6d2d,Chaparelle
2023,MT,2684a10b-dcf0-46f4-966d-5f26440952a1,The Tannahill Weavers
2023,MT,746916c9-fd36-44e6-823d-03185e596f58,Joan Osborne
2023,MT,09352d49-d40e-4506-800f-a099a5fe009e,North Fork Crossing
2023,NE,b2f3d5cb-110b-4f5f-9d08-c069f11d781b,Icky Blossoms
2023,NE,fe4751a9-0ca7-48ce-b791-5ef892b34bff,Powder Blue
2023,NE,922a18b1-0aba-4868-8f38-2aa4f324fe16,Mannheim Steamroller
2023,NE,0d41ee70-5668-4a7b-a5cf-7b5aa557a88e,Yesterday and Today
2023,NE,2f0f9b8e-3b28-42f6-bf3e-6a7adab2340e,Andrea von Kampen
2023,NE,51a4007a-0206-4570-959c-d5763125c9ae,Gabe Boeh
2023,NE,16166071-7ec8-4a13-9b6a-3207aa9a2adc,Exmortus
2023,NE,bf0b5c3a-321a-4f0d-9faa-07e8f855e6d4,Molten
2023,NE,18e9bfd5-db23-4bc1-be0f-5710e5d656e4,Exodus
2023,NE,da09ff32-675a-49e9-8362-a97147db5680,Catch Your Breath
2023,NE,01762fd7-d862-4778-8de6-b9d27572f90c,Ekoh
2023,NE,66baa549-ec7d-410f-88bf-d4f9bbb21890,From Ashes to New
2023,NE,e2cd69b3-ef80-4d53-aa86-a97d6f44573a,The Word Alive
2023,NE,82601df5-9b5a-4fd0-bdbd-399f7cf9c754,Nunslaughter
2023,NE,a320c615-206f-452f-9a9b-13ea15f8c0eb,Old Dominion
2023,NE,8fbe5043-ccda-4d79-8c78-8de8abb5e2df,Violenteer
2023,NE,5df62a88-cac9-490a-b62c-c7c88f4020f4,Doja Cat
2023,NE,6f2c949d-9540-4421-bf02-27ae27e00e33,Ice Spice
2023,NE,7ebe5a09-b727-4528-9987-d810de4c2620,Tallah
2023,NE,f4d306f3-e82b-4186-9cca-4e8806db21f8,Wednesday 13
2023,NV,a86d6e1f-e76b-4f25-8afa-38cfeb50e089,Codefendants
2023,NV,d5be5333-4171-427e-8e12-732087c6b78e,Black Eyed Peas
2023,NV,883621e9-dc1a-42a2-a804-86ddab00a8df,Kyle Walker
2023,NV,06f4a88c-72d1-480b-a786-fd41e534a876,Jamie Jones
2023,NV,aab35942-f176-4f77-bbf9-1d6aa98ccf3f,Luke Bryan
2023,NV,faf4cefb-036c-4c88-b93a-5b03dd0a0e6b,Demi Lovato
2023,NV,87f93182-a0e1-4f8e-a330-dc1051e1aa15,Craze
2023,NV,c9c65c94-27b4-4eca-82f0-80055ac4f8a7,The Martinez Brothers
2023,NV,125c3580-e1f2-4f5a-b47f-b6752b0645de,Ben Sterling
2023,NV,bb717754-43b4-45d0-936b-4fea0290f1da,MK
2023,NV,d339efbb-77b9-4147-ba9e-59f2f24550b2,Kelly Clarkson
2023,NV,afb680f2-b6eb-4cd7-a70b-a63b25c763d5,Bruno Mars
2023,NV,f6c003f9-4aae-40ce-8e4c-112d9a1b140c,Big Gigantic
2023,NV,f40f1e6a-99fb-4efb-b70f-2eda0d1e61df,Archie Hamilton
2023,NV,c234fa42-e6a6-443e-937e-2f4b073538a3,Chris Brown
2023,NV,b202beb7-99bd-47e7-8b72-195c8d72ebdd,Christina Aguilera
2023,NV,2547c5e3-314c-4332-981d-f18c902a4086,John Summit
2023,NV,99eefdbd-bcc4-4317-b013-c726fca6d3f0,Lucati
2023,NV,ae0d1794-c9d3-4436-94fc-ceff6130da2c,Boris Brejcha
2023,NV,f3c48d53-8dfe-435f-84e6-1756754c4687,O.T. Genasis
2023,NH,7517aa32-c2b9-43f0-91fd-4da5c341a595,Neon Wave
2023,NH,7fde8db4-75e1-4613-9503-9c81f9755451,Adrenalize
2023,NH,59bc9caa-5700-4c77-9ab7-f089aa7a357f,Dawes
2023,NH,5d168b7b-f1c5-4261-b91e-672d60f6a2e8,Zach Nugent's Dead Set
2023,NH,a7c9279c-5a3a-4dcc-b1f1-7d32cc37cc8b,Badfish: A Tribute to Sublime
2023,NH,617696c0-178d-4d44-915d-b346e751d5b2,Will Evans
2023,NH,24f9cd40-603c-45aa-a0c6-d468800d1c52,Crooked Coast
2023,NH,403bc4cd-602c-4b59-8379-05cb24f66aa6,Piebald
2023,NH,b6fe8efe-69e7-4d65-8e3c-7f3feee32271,Weakened Friends
2023,NH,bdaec28c-2321-492b-8e93-fad996a8ac5a,Nahte Renmus
2023,NH,39eb53a2-a103-4d2b-84d7-3bfa8db62aa8,C.Shreve the Professor
2023,NH,19163217-10c0-41cd-a39a-cbf06b6edc5b,Actor|Observer
2023,NH,717d1eb9-a80f-4ad1-b6b6-13b13f0f8097,Arcantica
2023,NH,01c68b57-e16b-47b6-9d68-a1d4bd32c1b2,Thunderstruck
2023,NH,fd2b43e6-d5da-492e-abeb-04d433af076c,Eileen Ivers
2023,NH,a2ab5e49-d36e-4973-935c-ed9ad81d2f8e,The Wizards of Winter
2023,NH,0e6e4e18-586e-4d39-9a93-bdc7035142c2,Thanks to Gravity
2023,NH,2ed05952-4c2b-46f4-b153-846c5b78bf36,Retrograth
2023,NH,d8280cd2-0e04-4126-b7d5-40996ae3a97d,John Boutté
2023,NH,121fb47a-b12b-44d4-ad3e-7a07b2c60945,Grateful for Biggie
2023,NJ,d7bc97fb-4bd3-453b-98a1-9081f89c52f0,Southside Johnny & The Asbury Jukes
2023,NJ,8ec305ab-364b-45d9-bc8b-f9d3f6f66d94,GOURD
2023,NJ,d262ea27-3ffe-40f7-b922-85c42d625e67,Pitbull
2023,NJ,7d18a5ff-645c-4182-ba53-02b1f14115d3,Brass Transit
2023,NJ,bb9bea53-df43-4d9f-80d6-7a16e69dcbf7,The Fiendz
2023,NJ,7de67ed9-7f88-4828-b507-0b9dfe85b374,Sir Synthesis
2023,NJ,7ecb1435-eeb7-4d3b-b3de-b0b3b4187afe,Bobby Mahoney
2023,NJ,baa3e5e3-7ea3-48cf-9b44-db438d253788,The Foes of Fern
2023,NJ,2d1ef034-83f5-47f4-93b4-7a2718e28e56,Beauty
2023,NJ,e45474b2-a657-46d0-a7ce-2bebdc77dab0,Alexander Simone & WHODAT?
2023,NJ,20d7beef-118f-493c-99f9-3931835cb658,Brian Fallon
2023,NJ,301b45a4-b8b9-410e-8344-4b4eaf96691a,Marshmello
2023,NJ,d6583c7c-c368-47b0-adac-4261b58a3b35,Vice
2023,NJ,31904ac9-7f88-4b1f-8db0-62463b61e74e,Kobi Reese
2023,NJ,4b7d6341-535c-4105-854c-a5791b83a4c8,Legion of Prog
2023,NJ,43df8bef-aa40-487b-ae50-5159be429ab1,Magical Mystery Doors
2023,NJ,e477d9c0-1f35-40f7-ad1a-b915d2523b84,Dark Star Orchestra
2023,NJ,28d20b29-c759-487c-a067-4fdaf2192707,Rockit Academy
2023,NJ,20d7beef-118f-493c-99f9-3931835cb658,Brian Fallon
2023,NJ,42e6aa81-3114-4c56-86d3-588ea955179a,Des & the Swagmatics
2023,NM,35c85f53-c815-4057-86c9-aff31a494ab6,Lo Cash Ninjas
2023,NM,3aa79df8-6f8b-401a-bdf1-0872d40e0b95,Sean Healen
2023,NM,47da26f8-9a0e-43a8-aebc-2ae4a65cc27a,Veneraxiom
2023,NM,7b016dc1-a181-46ac-9b0b-fe0eab9ad0c8,N2N
2023,NM,aaf09f31-bb5c-43e5-9f54-bb6554c33a71,The Crystal Method
2023,NM,849aeb27-32ec-411c-843e-33aadfd5fcc5,Royal Drug
2023,NM,3aa79df8-6f8b-401a-bdf1-0872d40e0b95,Sean Healen
2023,NM,48772747-4cda-4ba8-b470-cfd5a32e05f7,Macy Gray
2023,NM,ca7e5899-0934-4f35-b153-60562b8f9e9d,Living Legends
2023,NM,e0b267df-9e16-4fd3-abb2-b47e61e7a2aa,Brother Ali
2023,NM,32a8012d-d5ca-4aaa-a95c-e6b06e50aa1a,Russian Girlfriends
2023,NM,8a361e78-2310-4e43-93ff-c818d0d6c05e,Weedrat
2023,NM,0eba8312-0aad-4dde-8628-501fbe085e3b,Deep Fried Boy
2023,NM,05b35e22-e7fc-452c-8923-169f03388cfd,Southall
2023,NM,91650c21-bb7f-40f4-af9f-76ae86091dd0,Thursday Marks Fall
2023,NM,b50b36b5-aec1-401f-a722-e5ab673af14d,Chris Tomlin
2023,NM,3aa79df8-6f8b-401a-bdf1-0872d40e0b95,Sean Healen
2023,NM,5d9f38b4-ceff-4b1f-b07a-fff96380a75f,Blue Heron
2023,NM,a2d6394e-27e5-475a-9452-1190fab09551,manhigh.
2023,NM,c834075f-eecf-4c27-8276-d54fc2c0ed86,Eem Triplin
2023,NY,f2c2f494-c2c3-42f9-85a8-576da85f9b90,Billy Gibbons
2023,NY,39f8d68a-3e6b-4a27-9e24-1c3f08280e43,Dinner With Sinners
2023,NY,13804e64-201a-42f0-80b0-510c457c840b,The Felice Brothers
2023,NY,49510c3c-3162-4713-95d6-93f0dd2ccfb5,Marilyn Maye
2023,NY,3bcbfd85-0382-4912-bd66-09ba7ac5b219,Ellen Pieroni & The Encyclopedia of Soul
2023,NY,4c555f79-17fa-4e57-b3ae-d439fff0f51a,Marcus Rezak
2023,NY,3202d622-89f0-423c-9e17-5c505b3fa7ee,Almost Queen
2023,NY,0640281e-9742-41af-ac42-b0f5d84a99e5,Flying Object
2023,NY,1b6bd9dc-c944-4937-94ec-b2276141fa36,Model/Actriz
2023,NY,ffa12b9b-3842-443c-8da2-3e06dace2970,Maxo Kream
2023,NY,1a9b4e0d-05e2-4491-83f0-a4a676283f99,Preservation Hall Jazz Band
2023,NY,3b9c2917-57a6-4e9d-b7b9-866e1d980a74,Sam Grisman Project
2023,NY,ca68b1e2-7063-4c10-b094-ba5068236017,The Kennedys
2023,NY,4a9fae02-7de0-4cb8-97d7-1fd790d9675e,Murphy’s Law
2023,NY,e477d9c0-1f35-40f7-ad1a-b915d2523b84,Dark Star Orchestra
2023,NY,f47fc54d-b334-4321-8218-00c5b11d4dd1,Gogol Bordello
2023,NY,0d6daf47-0be9-44ee-a9e8-fb5a7b718538,Adam Beyer
2023,NY,ed962474-bb85-47f9-b108-073184f09bc8,Rusko
2023,NY,daad6c62-fdd4-4cc0-91b8-d761094770a3,SuperAve.
2023,NY,5a5deb41-cfce-4918-abfe-c4a238da94bb,Laveda
2023,NC,e547868d-49fc-4888-ae44-c94b005cff70,Dexter Moses
2023,NC,2d7d0a67-ae5d-4ac0-93aa-aa52ef3a976a,Dru Hill
2023,NC,990636fd-2153-4c9d-8bdb-2cfec20711b9,Chalk Talk
2023,NC,43e088bd-2520-4a84-bb8e-827c86d2cf84,The Infamous Stringdusters
2023,NC,4ee54b04-0d1c-439e-a902-f281a1cf51ed,DJ Spinderella
2023,NC,eb275ffa-bde0-4b11-a280-05d0da24fd6e,Socialist Anxiety
2023,NC,db26be70-17e5-4d33-960d-3fafb4da169e,Tombstone Poetry
2023,NC,2163fc86-173a-4160-a32d-6d792ab2abcf,Sinai Vessel
2023,NC,955bc3c8-36d4-47e8-9648-f6728c613583,Marcus King
2023,NC,098fdfde-057e-410e-be66-67b8129d8346,Catch Hell
2023,NC,0a176d0a-ef46-4e7f-b018-9f4d65614668,The Avett Brothers
2023,NC,8a4ade04-cbe9-4e91-b0df-e1298984d67e,Big Something
2023,NC,26c22c5f-fb8b-4011-8d73-22e8f7febde6,Elora Dash
2023,NC,e2f82cea-007d-463a-8200-b19379507d15,Kevin and the Bikes
2023,NC,bd1a0e4d-2a36-4da2-88b4-db947ad7d507,Oakdale Drive
2023,NC,2dcc17f3-1d97-405b-95be-98b18d7e2f1b,Tumbao
2023,NC,9cafb3cb-fdfd-423b-9d8d-f7a9970ee4b2,Jackson Fig
2023,NC,d9a0a71f-2e12-4812-8375-2618cf18e2d4,Cosmic Charlie
2023,NC,6fcc2ffe-4bfb-4004-ad6b-13b0ba9b9544,Bear With Me
2023,NC,e41e99e2-10dd-4b58-bca0-7d441ef9387d,The Second After
2023,ND,885e66f0-8485-451d-9893-5552260b788d,The Kentucky Headhunters
2023,ND,178131a1-bb63-44dd-8097-a5ac99933c30,Home Free
2023,ND,d66bd754-3a95-406c-ab63-2f7e1c7a8641,The Blenders
2023,ND,922a18b1-0aba-4868-8f38-2aa4f324fe16,Mannheim Steamroller
2023,ND,78f4b3de-589d-4669-9cde-7fdbe85ecb7b,Jennifer Lyn & the Groove Revival
2023,ND,78f4b3de-589d-4669-9cde-7fdbe85ecb7b,Jennifer Lyn & the Groove Revival
2023,ND,9cbfec65-0242-47f3-834f-412aa0d8bd1a,Mechanical Canine
2023,ND,db8451ab-9f03-4668-87c7-1dbb66aa1e6b,Sunny War
2023,ND,2944eb71-4547-440e-b36e-8e1176a710db,Hairball
2023,ND,e598b743-a634-48b9-80fd-3a4f3fefac97,Frantic Anarchy
2023,ND,78f4b3de-589d-4669-9cde-7fdbe85ecb7b,Jennifer Lyn & the Groove Revival
2023,ND,2944eb71-4547-440e-b36e-8e1176a710db,Hairball
2023,ND,922a18b1-0aba-4868-8f38-2aa4f324fe16,Mannheim Steamroller
2023,ND,78f4b3de-589d-4669-9cde-7fdbe85ecb7b,Jennifer Lyn & the Groove Revival
2023,ND,357ff05d-848a-44cf-b608-cb34b5701ae5,Faster Pussycat
2023,ND,183e636e-d41c-43fe-a428-8a034eb20c7b,Theory of a Deadman
2023,ND,272b283c-7b32-484a-b087-d4fb9ecb8f96,Saint Asonia
2023,ND,16a43d5e-c52d-4eaa-9c3b-00b2c1d8e816,Skillet
2023,ND,3e9a8114-f872-46a0-a5f6-ff871556df6f,Blind Equation
2023,ND,d6c5baf2-9c71-4fa6-b96a-a93d8d509887,Dreamwell
2023,OH,1f8c1417-ddf7-41f0-9f54-2d5b847c6a80,Dopapod
2023,OH,84f52368-19bd-4fcf-be4f-14173d55969e,Dustin Smith & the Daydreamers
2023,OH,8564e236-ef8d-4867-a6bc-cdee1072e654,Zakk Sabbath
2023,OH,919e82ff-f3f3-4b05-a7e9-c28d1c7ac981,Foxy Shazam
2023,OH,57ce1b3d-f0e4-4b91-a80f-dae4f53288e9,Subterranean
2023,OH,cbf882cd-5fb3-4324-b212-32ed0b985ba8,Twiztid
2023,OH,dd0632f8-5bfe-4652-b61a-5690c0e9014c,The British Invasion
2023,OH,61b6676e-54ba-42aa-9116-a60f4176b866,The Native Howl
2023,OH,6bb7c8f0-f956-4466-80e3-dcaeaf8f661a,False Hydra
2023,OH,7a757763-7676-4442-8180-d472198a6e4d,Brian Damage
2023,OH,5c6acb91-4b9b-4245-b92f-e817295c4ed0,Quiet Riot
2023,OH,af059091-80c0-442e-91cb-14e22d309563,Drive-By
2023,OH,549276f8-7b9e-4904-8adc-9f089991a174,Tweens
2023,OH,29c91854-8c45-469b-b36d-a11fb650638b,Cloud Nothings
2023,OH,d2b83114-af3e-4397-b570-10d81f1dd650,Trans‐Siberian Orchestra
2023,OH,25040e3f-1711-4476-8615-4e109f878b12,Joe Hertler & the Rainbow Seekers
2023,OH,e6e1e241-415e-46e9-ac75-aa79e3d4ae1d,Baccano
2023,OH,ad6c1617-166f-47e3-a16c-1d8dff3f23b8,Tony Monaco
2023,OH,6b62d0b0-5925-4ab0-bceb-eca7afbc7c74,Tropidelic
2023,OH,04a503a5-7382-4ce0-9a9c-9f6b109f19e7,Faucetmouth
2023,OK,296e5450-de56-4cd0-8564-949145ab30f5,Kaitlin Butts
2023,OK,39c0b99a-7e0e-42c7-94e2-14dc7c99a019,Priscilla Block
2023,OK,ab5d785b-ff87-48b5-b9e1-027e3c21ec0d,Justin Moore
2023,OK,4baa285d-ed96-47a2-ba41-e3d4006f208e,Ron White
2023,OK,4d4af9d3-3775-4f87-8f7c-abc198a64018,Bret Michaels
2023,OK,82ee7141-6b93-42fa-9fbc-faf2fc964870,Scott Stapp
2023,OK,296e5450-de56-4cd0-8564-949145ab30f5,Kaitlin Butts
2023,OK,4baa285d-ed96-47a2-ba41-e3d4006f208e,Ron White
2023,OK,091ef352-590c-41e6-827e-d3e925b2ffa5,BlackHawk
2023,OK,e0a60de0-22c3-4e10-ac93-3a385191bbf6,Midland
2023,OK,17e5c3f1-8de7-42ad-b3b7-440f8eaa81d0,Confederate Railroad
2023,OK,ba67b7da-cca7-4c3f-ba19-05349f0f7d97,Parker McCollum
2023,OK,e75f5de7-8eaa-48ad-9466-76462af20137,Ja Rule feat. Ashanti
2023,OK,a66cc38c-e6cd-4725-a8fd-7d32b998347f,DeVotchKa
2023,OK,6fe07aa5-fec0-4eca-a456-f29bff451b04,Weezer
2023,OK,fb79c34b-9cfa-466f-8d56-80092d4ee4ae,Back in Black
2023,OK,29a9b7e5-4713-4edc-ba75-4f70ac21b4ba,S. Reidy
2023,OK,81465510-1f51-4440-9e20-bb629ae1b1a6,HeartByrne
2023,OK,dcd522c9-ac64-4c53-b080-6aab4abf2b44,Clint Black
2023,OK,219f330f-4b12-418a-a69b-451c3c2a7383,Ben Quad
2023,OR,e7dcad3e-490e-4971-bbee-0f54083772bf,Sgt. Splendor
2023,OR,b863c269-792b-4a39-830c-09a11d1cc85a,Yak Attack
2023,OR,0b186b3b-413f-4db2-9306-89c31c3b30f0,Jerry Joseph & The Jackmormons
2023,OR,b2e2abfa-fb1e-4be0-b500-56c4584f41cd,Railroad Earth
2023,OR,a9742f62-0d1c-4cfd-aafb-e5e71cfb26fc,Garcia Birthday Band
2023,OR,0ec7ad95-015e-476a-8759-efb82a4c5b7b,Reptaliens
2023,OR,8e0ce55f-8acc-4c6b-b651-7e97d1a8ceb3,Sarah Shook & the Disarmers
2023,OR,a4ad4581-721e-4123-aa3e-15b36490cf0f,Spafford
2023,OR,ff24a74c-237b-481b-adb5-7f4f6171f5f5,Karl Denson’s Tiny Universe
2023,OR,e562111b-0e86-44a3-beee-8ba88f4fb3dc,Heiress
2023,OR,748ec8db-4b7c-4f39-bc4b-aa5eb7ae9be7,The Dreadnoughts
2023,OR,bcf3ad0b-4eae-4c8b-a292-9f4c573aa27a,Samantha Fish
2023,OR,f128dfa0-026c-442a-9bc6-801ee43759e6,Bridge City Sinners
2023,OR,a9742f62-0d1c-4cfd-aafb-e5e71cfb26fc,Garcia Birthday Band
2023,OR,b2e2abfa-fb1e-4be0-b500-56c4584f41cd,Railroad Earth
2023,OR,f7b9b273-deb3-4c26-8a59-62132714dda0,Pike vs The Automaton
2023,OR,8e0ce55f-8acc-4c6b-b651-7e97d1a8ceb3,Sarah Shook & the Disarmers
2023,OR,74c9387b-ecaa-4091-9627-8914fef15e4b,YUVEES
2023,OR,0b186b3b-413f-4db2-9306-89c31c3b30f0,Jerry Joseph & The Jackmormons
2023,OR,3bf91450-189e-4547-9dae-3a0a780a5462,Floater
2023,PA,ae13e1fc-a2b1-4e3c-bfb9-737d3aeb7dab,The Wonder Years
2023,PA,fe50367d-506c-4e8c-beab-2113469ee2be,Bunny Barnes
2023,PA,4b96aeb8-db1a-45b0-b665-ab24858408af,Mike Pinto
2023,PA,10ed9d82-1210-460f-b5a7-8050367aedbd,Out of Shape
2023,PA,fb8c5527-ff4c-4aae-9c76-623e9d60e7ee,Yam Yam
2023,PA,27d9dfca-2b81-47c6-a06d-56c26229fcd7,Low Cut Connie
2023,PA,0e431661-0291-4fc2-90f2-a47e057e0a6a,Jarv
2023,PA,7c619fd1-0e0a-4cc8-9735-987e015cd822,Halogenix
2023,PA,82e454e2-38ee-4e69-89a6-cc65167753d1,Chase & Status
2023,PA,e84ddc5c-06e3-48fc-a8f1-fa0cf430d6b5,Cabinet
2023,PA,a70ead91-689a-4402-aa6d-1cfec309e235,The Mighty Manatees
2023,PA,6b62d0b0-5925-4ab0-bceb-eca7afbc7c74,Tropidelic
2023,PA,0258934a-d273-4bc2-bd5d-f44a0b90f44a,Flava D
2023,PA,88e6e979-5fd4-4230-a5c1-df74685d4dff,Ternion Sound
2023,PA,6cb235a2-2be0-411e-9fcc-01a97595ba50,Ames Harding
2023,PA,d37157cd-092c-43fc-99ef-c7ddfa72afba,Adam Doleac
2023,PA,4e43632a-afef-4b54-a822-26311110d5c5,The Disco Biscuits
2023,PA,b4681cdc-4002-4521-8458-ac812f1b6d28,Lotus
2023,PA,2b1e0708-7317-4b09-b6a2-6dc6cb9c0479,Arm’s Length
2023,PA,3dc1d94d-3f48-4dd2-964f-586650ed848d,FUBAR
2023,RI,dabef034-48b1-43a4-9750-444700c690cd,Diamond Blues
2023,RI,6baad73d-2c86-490e-8c6d-bdc0d78e3932,Mihali Savoulidis
2023,RI,a7c9279c-5a3a-4dcc-b1f1-7d32cc37cc8b,Badfish: A Tribute to Sublime
2023,RI,5a45dc79-94bc-4051-a7e8-78e242e701ee,A/V CLvB
2023,RI,cebd49c6-c2ce-464c-a15a-ab42783d4811,Tree
2023,RI,4c0592af-e801-421e-9629-2e57b13c9e55,Thy Will Be Done
2023,RI,74dc2e73-9d7a-4d78-b151-0b4c14b08f50,Stephen Kellogg
2023,RI,f46040d5-2506-4190-a89d-f550c81456e1,Ghost Mojo
2023,RI,b774cde6-edc1-4464-ac53-e7034396e7ec,The Mighty Fall
2023,RI,f29e031f-c6b6-4d52-8edd-dc8e14378e74,JVKE
2023,RI,a66145e9-2391-4e0f-93f8-357ddac7f3b6,The Widdler
2023,RI,bddace87-ee24-49ff-8deb-4d19cab65e90,All Sinners
2023,RI,ef2a759d-86f1-41f0-ac50-1d74142d795c,The Four Horsemen
2023,RI,0950978f-c194-4bb1-a82a-13607e271e41,Best Ex
2023,RI,1c108d4b-7965-4626-933a-a2bfc6bcef7d,Start Making Sense
2023,RI,258e8672-1db1-469a-a505-00a42aaf0973,Algiers
2023,RI,c787a7a5-e143-4ba6-86df-fab2354dcd44,Daedelus
2023,RI,4fbf1a3d-a649-4f8e-9ddf-347f6ba2d307,Speedy Ortiz
2023,RI,53e40f93-f4af-4f8c-819c-7bbe4b6f0a1c,Lindsey Stirling
2023,RI,16166071-7ec8-4a13-9b6a-3207aa9a2adc,Exmortus
2023,SC,cd8c08a5-c2dc-440a-92a1-281152fb948b,Omenkiller
2023,SC,62c2e42a-74b7-4318-9663-332d19d2a996,Backslide
2023,SC,6849f4e1-d94a-4efb-a6b9-2edb287aae8e,Robert Jon & The Wreck
2023,SC,1576a26e-f77d-47ac-87f2-4f610c141ac6,Blackberry Smoke
2023,SC,6f2adbd6-7685-47a9-932e-b1e450a561a3,TAUK
2023,SC,94b43327-d8ad-4f1b-a9c6-27b85d9f3f4b,Fight From Within
2023,SC,a8f87edf-0310-4214-a82d-6760e182db7a,Refuser
2023,SC,aa0b8b75-714f-465e-9d66-c54c17247f6f,Hiss Golden Messenger
2023,SC,b1f0197f-e0ff-4c50-9c84-3ccd989210ee,Filth
2023,SC,aa0b8b75-714f-465e-9d66-c54c17247f6f,Hiss Golden Messenger
2023,SC,dc01b0c6-2e94-4613-aa32-a91d3d47ae4b,Imprint
2023,SC,76a2a340-7f21-4e39-bea0-67763ed6ea34,Denounced Disgraced
2023,SC,ba62f360-31d6-438d-9d0c-7c11e58de47d,God Tongue
2023,SC,94f4fd55-4ac0-479c-be33-32a0330af6e4,Catcher And The Rye
2023,SC,49086cb0-5d7f-4756-b7f1-b87c5cc02f60,Garotte
2023,SC,e432ac6d-fc48-436a-bbee-3f112902f6ae,Futurebirds
2023,SC,68f74f5c-e025-4531-9162-b9ee0dcf92be,In Somni
2023,SC,b08b12be-9f50-4c6f-a46b-4f100363afed,Autumn Lies Buried
2023,SC,dd7dcc11-0134-46e8-8778-d23d39d3bc7f,Squirt Vile
2023,SC,799388a4-f668-4f96-bbc1-6b00e0972f6b,Perpetual Groove
2023,SD,885e66f0-8485-451d-9893-5552260b788d,The Kentucky Headhunters
2023,SD,2eabf78f-61fd-43d5-a4b4-0e9b376d9849,Night Ranger
2023,SD,5d6c8f6b-c3c3-473a-991a-84b70f9302ec,Lorie Line
2023,SD,a4cc0286-3f4f-476c-b64d-ffae2cc8eda8,The Wild Feathers
2023,SD,607edb17-d439-48db-8482-da92167e4a59,Turnpike Troubadours
2023,SD,c3a5d79c-b213-466e-a37e-01e1a57149e8,Ian Munsick
2023,SD,9cbfec65-0242-47f3-834f-412aa0d8bd1a,Mechanical Canine
2023,SD,9cbfec65-0242-47f3-834f-412aa0d8bd1a,Mechanical Canine
2023,SD,0463bbef-8ec2-4ee4-b588-63bfea14ea4f,Shock Value
2023,SD,e0df5e27-ed59-401c-87e2-dbc966a1c0f2,The Disarmed
2023,SD,2944eb71-4547-440e-b36e-8e1176a710db,Hairball
2023,SD,310bfb05-9699-421e-b845-6b4d93bbf6d0,Drew Parker
2023,SD,faabeed5-3dd0-4be5-aec5-e6486e68db2f,Cody Johnson
2023,SD,0fed966c-27ce-4866-a122-06d4133d8207,Chris Janson
2023,SD,78f4b3de-589d-4669-9cde-7fdbe85ecb7b,Jennifer Lyn & the Groove Revival
2023,SD,272b283c-7b32-484a-b087-d4fb9ecb8f96,Saint Asonia
2023,SD,16a43d5e-c52d-4eaa-9c3b-00b2c1d8e816,Skillet
2023,SD,183e636e-d41c-43fe-a428-8a034eb20c7b,Theory of a Deadman
2023,SD,2944eb71-4547-440e-b36e-8e1176a710db,Hairball
2023,SD,0463bbef-8ec2-4ee4-b588-63bfea14ea4f,Shock Value
2023,TN,b902715e-669a-4761-8008-9f56b0389008,NewSong
2023,TN,78299670-d170-472f-996a-7627c8ef0383,Brooks Herring
2023,TN,a6e613d6-ff65-4972-beff-303a1b10ab05,Lainey Wilson
2023,TN,bca8bfc0-9d5b-449b-b713-914596f88d56,Thomas Rhett
2023,TN,c544ed4d-2390-4442-a83e-1ea2883b09c8,Lynyrd Skynyrd
2023,TN,e7287972-ca8d-4133-a1d6-5446486ed075,Elle King
2023,TN,2077273e-eaa1-4f49-903c-f286ededecb9,Morgan Wallen
2023,TN,a5995226-6e87-4390-b73a-2e56366f0f5e,Tyler Bryant & The Shakedown
2023,TN,434af604-ce84-493a-85c4-914fb12b379f,Walt Phelan
2023,TN,0202af38-ac32-48d0-a546-87caaef2dee2,Old Crow Medicine Show
2023,TN,6310db9e-f2c7-4e76-8af4-e56905993482,Willie Watson
2023,TN,f69e5a58-b70d-4212-a19d-65bd1ba87175,Harper O’Neill
2023,TN,2bb7e629-46f4-4a95-9c01-469e8bd2ea19,John Mailander's Forecast
2023,TN,8dc45c07-80ab-4cc6-8ef6-f0bf5489eb8e,Colton Dixon
2023,TN,990636fd-2153-4c9d-8bdb-2cfec20711b9,Chalk Talk
2023,TN,49870c09-e99b-48d8-b824-f4d6039ba0fb,Nick Lutsko
2023,TN,db26be70-17e5-4d33-960d-3fafb4da169e,Tombstone Poetry
2023,TN,97b4b543-b280-480e-97d4-e46b35dd0d6a,The Sewing Club
2023,TN,0202af38-ac32-48d0-a546-87caaef2dee2,Old Crow Medicine Show
2023,TN,ab4a6f85-54ce-4ca2-9d30-ef8f37be29e8,Craig Carothers
2023,TX,232292d3-7b24-4e80-9c72-5871aef592d0,Black Powder Vipers
2023,TX,478a9b50-6dc7-44ae-8bb4-01254f816be5,Ulla
2023,TX,6ced2b8e-7024-4ccf-b49d-555fe905bd78,Peelander‐Z
2023,TX,f576b153-85ea-4538-b28d-51c9552b50dd,Subtronics
2023,TX,81465510-1f51-4440-9e20-bb629ae1b1a6,HeartByrne
2023,TX,9b106beb-12b5-4525-8025-42e295a2b90a,Little Feat
2023,TX,98c37e6c-d647-46c7-ba67-e2e97d5a83d1,Miko Marks
2023,TX,913cd338-9439-4106-ab5f-76f98c48daee,The Band of Heathens
2023,TX,5c7c51af-205b-415e-85f9-33488ddc75c8,Panic
2023,TX,777bc93b-198d-4da9-8c8e-bb267d0f0b32,Piper Jones
2023,TX,c548e89e-a6d3-45de-8fd6-e32c369e15f6,Wavedash
2023,TX,c733c4e6-22a2-499d-ace7-17b832356aff,Gary Clark Jr.
2023,TX,bcbf4066-e6f4-4e60-95bd-3f7a475cdb61,Kill Tony
2023,TX,86cd4d38-857c-42bd-a5da-9acedcab1e01,Snail Mail
2023,TX,2f82b802-0cbc-4ec2-805a-775232e000c1,Mathias Lattin
2023,TX,960afc67-9c21-46dd-9c7f-ff2b509e3150,Danny Brown
2023,TX,f4186309-1902-4a83-9213-209210148142,Forgotten Space
2023,TX,331e7dcc-ddb8-4d79-9012-777488bb3ec7,The Kill Tony Band
2023,TX,98ef0370-1494-4e00-a8a9-94722220a88e,On Being an Angel
2023,TX,ec43c141-9172-4511-b23b-420e0f21d408,Honky
2023,UT,e0432382-b245-4a30-b230-5558b36ac158,Satin Jackets
2023,UT,a71533db-17f0-4c37-87de-6fe6453e75a2,Night Demon
2023,UT,5541b7fb-3a7e-4477-b84c-2ea07b03d8dc,Blue Rain Boots
2023,UT,9e9f9be2-7aac-468d-bca8-2e518c241ba6,Visigoth
2023,UT,29b69d1e-2b03-4d44-ae02-a88bb11a3103,Mopsy
2023,UT,83ae9600-e271-4dd3-a432-3f3d08a6f682,DJ Spider
2023,UT,9b6f11f4-bef1-4265-987b-816bbbb67be1,Midnight
2023,UT,b6325973-01da-45d6-8fd0-732fdd704396,Drusky
2023,UT,77f4b530-5657-4c75-ad4f-92a75f72deb1,Cardinal Bloom
2023,UT,d8343cb5-409d-4650-9d20-06546c9fadf6,The Iron Maidens
2023,UT,f2ca3d68-ee61-4cb8-bc8f-47db3636bab6,Sego
2023,UT,91ae77d8-3bb5-4e59-98a7-532ac0f2825d,I DONT KNOW HOW BUT THEY FOUND ME
2023,UT,c9073012-4547-4a72-8963-738d9f8503cc,Cedric Gervais
2023,UT,7bf1f441-ccf1-4258-9797-07c8d16eb44c,Paul Oakenfold
2023,UT,a56f9cc3-1569-4205-8514-9c5c545d724d,Louis the Child
2023,UT,cfbc0924-0035-4d6c-8197-f024653af823,Nas
2023,UT,f5d22589-72fc-476c-9f34-c7999ba1261a,Upon Stone
2023,UT,b3aa7443-5572-4c1f-99e5-a91e13cd3e5b,Iceburn
2023,UT,9228bab3-36b3-4551-9da2-2b6a2067bb17,Megan Hilty
2023,UT,734d083f-eb2b-4c01-a739-cb8f5a361dab,Jerry Joseph
2023,VT,4f69b59a-3a31-4d69-9bf4-ef9ecf55fed8,Bella’s Bartok
2023,VT,5d168b7b-f1c5-4261-b91e-672d60f6a2e8,Zach Nugent's Dead Set
2023,VT,4f69b59a-3a31-4d69-9bf4-ef9ecf55fed8,Bella’s Bartok
2023,VT,8f9b588f-e022-4448-be75-c58fd237b10c,The Shady Trees
2023,VT,1ce9c0ef-afe0-415c-9598-dc84e2345251,Reed Foehl
2023,VT,6baad73d-2c86-490e-8c6d-bdc0d78e3932,Mihali Savoulidis
2023,VT,8f9b588f-e022-4448-be75-c58fd237b10c,The Shady Trees
2023,VT,a2ab5e49-d36e-4973-935c-ed9ad81d2f8e,The Wizards of Winter
2023,VT,2b6f6ed7-8a1e-4907-8300-3b246134fc1a,Witch
2023,VT,265077b9-e4e6-4a6e-9998-ce4957351a18,Dobbs Dead
2023,VT,265077b9-e4e6-4a6e-9998-ce4957351a18,Dobbs Dead
2023,VT,81771631-daf3-4f42-9724-ea078bcbaa79,Melissa Villaseñor
2023,VT,81771631-daf3-4f42-9724-ea078bcbaa79,Melissa Villaseñor
2023,VT,bdaec28c-2321-492b-8e93-fad996a8ac5a,Nahte Renmus
2023,VT,bdaec28c-2321-492b-8e93-fad996a8ac5a,Nahte Renmus
2023,VT,746916c9-fd36-44e6-823d-03185e596f58,Joan Osborne
2023,VT,81771631-daf3-4f42-9724-ea078bcbaa79,Melissa Villaseñor
2023,VT,81771631-daf3-4f42-9724-ea078bcbaa79,Melissa Villaseñor
2023,VT,bc688e58-9a03-4f9d-ab82-bbc04582f63a,Bearly Dead
2023,VT,81771631-daf3-4f42-9724-ea078bcbaa79,Melissa Villaseñor
2023,VA,3ddb5fd0-3831-4ca6-931e-336ac03173a7,49 Winchester
2023,VA,1f504c4d-4a10-4e3f-a8cd-304876ac2451,The Findells
2023,VA,29c2d4bf-f86f-46f2-b293-63e0f42b7c72,The Movement
2023,VA,e6d12aea-bf58-45b2-892b-daebc25fc357,Yarn
2023,VA,58b1a004-eaa6-4d80-8294-3dc01197cf3e,Holy Roller
2023,VA,75363350-c2e6-4727-be40-0dd213766642,Ries Brothers
2023,VA,e9177de4-27de-44b2-8aa7-c78bd5340587,Illiterate Light
2023,VA,b9f94908-e267-4900-a152-05858cb0d075,Mo Lowda & the Humble
2023,VA,3ddb5fd0-3831-4ca6-931e-336ac03173a7,49 Winchester
2023,VA,15f8b799-4c43-4f39-8ceb-9cdce7051b51,The Marcus King Band
2023,VA,2c81816c-4ce5-4872-bf76-bc8f5ef9338d,Sisters & Brothers
2023,VA,3ddb5fd0-3831-4ca6-931e-336ac03173a7,49 Winchester
2023,VA,6849f4e1-d94a-4efb-a6b9-2edb287aae8e,Robert Jon & The Wreck
2023,VA,1576a26e-f77d-47ac-87f2-4f610c141ac6,Blackberry Smoke
2023,VA,5a15bfd0-5af2-4c6d-9c3d-2f0711146d35,Matthew O'Donnell
2023,VA,452731cb-c50c-48ae-82eb-cbad9618cff8,Into the Fog
2023,VA,5e010e55-68c7-48d8-a4c5-d511dc8c100e,Albert Bouchard
2023,VA,4b1643ac-41d5-49e7-9966-14982170dab4,Alex Lee Ratner
2023,VA,452731cb-c50c-48ae-82eb-cbad9618cff8,Into the Fog
2023,VA,c9b166aa-c1de-438e-999e-0e497f4d487d,Live at the Fillmore
2023,WA,aabb1d9f-be12-45b3-a84d-a1fc3e8181fd,Tiësto
2023,WA,ecd8b272-0899-4b48-b98c-d29eb4f918c9,Sister Wife Sex Strike
2023,WA,5ddfdccb-908a-4480-9c2e-a077cc0be97d,Spike and the Impalers
2023,WA,93e67904-e3be-44f6-b979-c8eef2a45742,Asterhouse
2023,WA,4cd556a5-db82-43f6-8d55-99598b42da8f,Kenny G
2023,WA,f52082d5-5430-4d03-ac99-d6b822d0bc4b,Andy Coe Band
2023,WA,f786dd69-691a-45c4-ba35-022af452e7ca,Hell’s Belles
2023,WA,898b124d-75f5-4258-9a0a-d786c16f5ef8,MORTEN
2023,WA,2b091ea2-52f0-4787-a1db-7ac4371754df,Nostalgix
2023,WA,a6a4960c-dafe-43ea-b431-7d2dddd8cc1e,Alison Wonderland
2023,WA,bdbd48f5-abf3-4a4f-9a21-4551dbc3fde9,Heart
2023,WA,8feb61e0-be9c-41c9-acd8-df0196783744,Jason Bonham’s Led Zeppelin Evening
2023,WA,370bd5a3-4abf-4356-8576-3a8fc0c11d65,Above & Beyond
2023,WA,f1e0c3fb-1ecb-49fa-bebd-5b0aedb33737,Sullivan King
2023,WA,0a1faae0-c0c6-4ad2-b3ff-a5e526a9d26a,The Cosmic Neighborhood
2023,WA,04fc77df-698e-4060-8ae5-766fb0cba9ce,The Motet
2023,WA,a7229e38-bab7-48c1-9f35-9b4c49738b0f,Galantis
2023,WA,bcf3ad0b-4eae-4c8b-a292-9f4c573aa27a,Samantha Fish
2023,WA,0a1faae0-c0c6-4ad2-b3ff-a5e526a9d26a,The Cosmic Neighborhood
2023,WA,7ef1e8c3-e6d3-4839-910b-fd5b3cea28e4,The Oh Wells
2023,WV,56e74b81-17c4-46e8-ac3e-02932b1ec048,Mini KISS
2023,WV,0932c55e-cd77-41fd-b877-0eb44c205242,Kellan Miller
2023,WV,0932c55e-cd77-41fd-b877-0eb44c205242,Kellan Miller
2023,WV,d819fd69-3e6f-4e3f-b6ac-965689eabd90,Matt Mullins and the Bringdowns
2023,WV,082e1531-e8ff-43ef-8f1c-7c6600b0c00d,Charles Wesley Godwin
2023,WV,f4dbc6b5-b35f-4a54-a725-aafed02e81b6,The Living Fossils
2023,WV,082e1531-e8ff-43ef-8f1c-7c6600b0c00d,Charles Wesley Godwin
2023,WV,3950e095-fbee-43b8-b5bd-0ff02888870b,Anthony Nunziata
2023,WV,082e1531-e8ff-43ef-8f1c-7c6600b0c00d,Charles Wesley Godwin
2023,WV,d6ff5a2d-6a79-4f10-9e48-be8a5d111f30,Herman’s Hermits Starring Peter Noone
2023,WV,082e1531-e8ff-43ef-8f1c-7c6600b0c00d,Charles Wesley Godwin
2023,WV,0d842c11-3f11-4dae-aa41-4e6e8beccc09,James McMurtry
2023,WV,76a5a114-ed6a-4eb6-8a81-ad5768d4b41c,KC and the Sunshine Band
2023,WV,ca5b20e5-ac2d-439b-badd-7134d14ecef5,M.E.L.T.
2023,WV,e0a71250-8d5a-46b9-9b6d-4df609e9d1a0,Stone Campus
2023,WV,ca5b20e5-ac2d-439b-badd-7134d14ecef5,M.E.L.T.
2023,WV,f82927e4-b905-4e3b-a82e-5184fbb68b29,Steel Panther
2023,WV,4cd556a5-db82-43f6-8d55-99598b42da8f,Kenny G
2023,WV,36c8b01c-cd8b-4ecd-b3fd-9f4f73371d2b,Angel Du$t
2023,WV,881cf2b4-bada-4cd6-8563-c827d997fb66,Nellie McKay
2023,WI,b18bc9c4-6f22-4f1b-a918-e9c86a39fe7a,10 Years
2023,WI,fcf65399-3a30-4536-b725-e7e02937bad1,Core
2023,WI,8f2e8e8f-0aa9-4bd1-94e6-7d2354c0f00b,Burden of the Sky
2023,WI,52b9e109-44a0-45eb-a197-226c4abab232,Sevendust
2023,WI,eaf28214-358f-40e5-9b75-7b247e3a3fa7,The Nielsen Trust
2023,WI,252a3f00-66df-4f85-aca6-36c40df66045,Gully Boys
2023,WI,190e78ac-8f44-4bf1-a4ff-95ed9376ad9e,Motion City Soundtrack
2023,WI,015dbb68-6213-457f-9897-18222dc53aa4,Substitute: Tales From The Who
2023,WI,61b6676e-54ba-42aa-9116-a60f4176b866,The Native Howl
2023,WI,d83540ac-97ea-408e-b9b2-5d3e6620948b,Direct Hit!
2023,WI,8564e236-ef8d-4867-a6bc-cdee1072e654,Zakk Sabbath
2023,WI,eaf28214-358f-40e5-9b75-7b247e3a3fa7,The Nielsen Trust
2023,WI,21448143-638a-4beb-9ccd-b566a3cac0ad,Avenues
2023,WI,79e46494-e313-4407-b60a-30fadf732618,The Eradicator
2023,WI,e8d9ec07-2fe3-4254-8991-66d28a1835f7,RIOTNINE
2023,WI,eb8041df-72d2-48d5-a3aa-d65df89ed834,9 A.M.
2023,WI,d2b83114-af3e-4397-b570-10d81f1dd650,Trans‐Siberian Orchestra
2023,WI,d2b83114-af3e-4397-b570-10d81f1dd650,Trans‐Siberian Orchestra
2023,WI,55406f8a-6446-485e-911a-555594863e9b,Bunny Blues
2023,WI,d5029cfd-af29-4f9d-902d-b49056595268,well + good
2023,WY,22ed5687-34f6-4535-ae54-b2dede68e750,ANTISAINT
2023,WY,c3a5d79c-b213-466e-a37e-01e1a57149e8,Ian Munsick
2023,WY,9cbfec65-0242-47f3-834f-412aa0d8bd1a,Mechanical Canine
2023,WY,05390327-99b1-45de-b201-3d41194a6d2d,Chaparelle
2023,WY,19516266-e5d9-4774-b749-812bb76a6559,(həd) p.e.
2023,WY,4486702e-7b26-43fd-babc-c0df7be0e1d9,St. Paul & The Broken Bones
2023,WY,67270a0f-4a3c-471c-a728-67d65147b8ad,Maggie Rose
2023,WY,79c67eb5-3851-4b28-bfe0-3adfcd6f58d7,Pentatonix
2023,WY,26ccebf8-c470-45d8-ba0e-ac26b82276f0,Blvck Hippie
2023,WY,22e3e8c8-cee5-4104-882e-8c7aa64c775b,awakebutstillinbed
2023,WY,656b39fb-979c-4c57-bb87-61d1a8eb38d1,Henry Rollins
2023,WY,2944eb71-4547-440e-b36e-8e1176a710db,Hairball
2023,WY,f30ae5d2-300f-4305-8206-4a64c0b9942d,Black Jacket Symphony
2023,WY,835a6d9c-fea0-4a71-ae52-9c4da946433a,Styx
2023,WY,a33c892e-1b60-43f1-9fee-3578355bc406,Flesh Narc
2023,WY,e6bb94c8-716b-4e06-a4a9-d97bbcce97a0,Drunks With Guns
2023,WY,942d32ed-9db6-420f-8427-bd00102db48e,Polecat
2023,WY,181c6769-73be-47bf-8352-233f7f59aee0,BOOTCAMP
2023,WY,2a43e9b5-7745-4fa2-8eee-0f433f405bbd,Self-Checkout Renaissance
2023,WY,5d168b7b-f1c5-4261-b91e-672d60f6a2e8,Zach Nugent's Dead Set
2022,AL,f7a9ada6-d201-4ecb-85f4-6d9c4569519a,Kamikaze Zombie
2022,AL,92a42e82-b36f-4308-82c1-68bad2e03c89,Third Eye Blind
2022,AL,01930336-bcd2-42f8-8274-7ee6a75bcd0c,The Red Clay Strays
2022,AL,80eb235f-ef23-4f1e-928f-530b3e5ccfa3,Logan Bowden
2022,AL,71b3173a-ec91-4fb2-b067-feb5c88d7712,Apprehend
2022,AL,922a18b1-0aba-4868-8f38-2aa4f324fe16,Mannheim Steamroller
2022,AL,44f1f24d-b905-40c5-97ed-b8964f6231ad,The Blips
2022,AL,49b4e2dd-610b-48b1-841a-268c20396a36,Audiophile
2022,AL,255b1258-9998-4040-8662-528902b5e639,Ostraca
2022,AL,ab4e7869-86f5-455e-b52c-c89d7664c07b,Rainbow Kitten Surprise
2022,AL,9987f4cb-15a4-492d-964b-7afb5bf05470,TWEN
2022,AL,2f063ac5-e620-41e4-a584-6ee8d4ac154a,Mike Cooley
2022,AL,f4186309-1902-4a83-9213-209210148142,Forgotten Space
2022,AL,71b3173a-ec91-4fb2-b067-feb5c88d7712,Apprehend
2022,AL,f7a9ada6-d201-4ecb-85f4-6d9c4569519a,Kamikaze Zombie
2022,AL,9b674836-ff84-4c1e-9747-0958da34df27,Erin Enderlin
2022,AL,242b35ec-765c-478c-9b65-8d18d1849bae,Greyhaven
2022,AL,2f063ac5-e620-41e4-a584-6ee8d4ac154a,Mike Cooley
2022,AL,d2b83114-af3e-4397-b570-10d81f1dd650,Trans‐Siberian Orchestra
2022,AL,89583595-b289-4de4-9422-b188205fd8ac,Frances Cone
2022,AK,cbf71c15-17c2-484f-8406-cfce12fd3e46,Reverend Horton Heat
2022,AK,45106321-6d1b-4e2a-acb1-da85a49a70d7,Kanekoa
2022,AK,c324b495-422e-4ea7-9aa6-6878e1771436,Bad Bad Hats
2022,AK,c324b495-422e-4ea7-9aa6-6878e1771436,Bad Bad Hats
2022,AK,e13d2935-8c42-4c0a-96d7-654062acf106,Neko Case
2022,AK,dcec3762-c18a-4896-9286-3128eecca80f,The Lightning Will
2022,AK,86e736b4-93e2-40ff-9e1c-fb7c63fef5f6,Barenaked Ladies
2022,AK,606bf117-494f-4864-891f-09d63ff6aa4b,Rise Against
2022,AK,c7423e0c-ab3e-4ab4-be10-cdff5a9d3062,Blue Öyster Cult
2022,AK,0fed966c-27ce-4866-a122-06d4133d8207,Chris Janson
2022,AK,8e868f14-7fb1-4e80-b783-b992f844b010,Caamp
2022,AK,dcec3762-c18a-4896-9286-3128eecca80f,The Lightning Will
2022,AK,fe0321d3-3243-435d-a62c-1b861a9ca85e,Eddie From Ohio
2022,AK,2eabf78f-61fd-43d5-a4b4-0e9b376d9849,Night Ranger
2022,AK,6d230d98-fb8d-4421-a6e8-daca4e55d53e,Milky Chance
2022,AK,bbc5b66b-d037-4f26-aecf-0b129e7f876a,Jimmy Eat World
2022,AK,aca5718f-4f49-4439-b8f6-209db3f11757,Frank Turner
2022,AK,b27229bb-5669-4e98-b4ce-0158b2451fe8,Sam Hunt
2022,AK,b27229bb-5669-4e98-b4ce-0158b2451fe8,Sam Hunt
2022,AK,eeacb319-8d4c-48e0-80a0-944e71c375bf,Tesla
2022,AZ,41cc81a2-0ff0-4fe9-bac7-0c39fb1558e4,Corky’s Leather Jacket
2022,AZ,f576b153-85ea-4538-b28d-51c9552b50dd,Subtronics
2022,AZ,daf952d5-b5fa-4d58-91a3-3ca23956ee58,Nicole Moudaber
2022,AZ,a56f9cc3-1569-4205-8514-9c5c545d724d,Louis the Child
2022,AZ,ca1e757f-2671-47f0-876d-e5a3e09f35ed,Veronica Everheart
2022,AZ,4ae36ade-1798-48c4-b06b-cc68b7d3d83f,Porter Robinson
2022,AZ,5b6b8e54-c62b-4b9b-b191-788a5460ae03,Rick Braun
2022,AZ,f9fdca15-1bef-43a0-8213-758b6ee0aa91,Zeds Dead
2022,AZ,5f3b32e5-efb5-4096-9260-587c155e50b7,Cosmic Gate
2022,AZ,2667ba1e-8f76-441a-bf64-02f4d60ef642,Vandoliers
2022,AZ,ffb7aaa7-6c87-4d64-885c-b89c7eb3322e,Breakup Shoes
2022,AZ,0c3ae353-9084-46ec-bebc-7c734e31846f,Sydney Sprague
2022,AZ,5607e2d3-9606-44a9-a2d2-26e9eecb7845,Playboy Manbaby
2022,AZ,a4ad4581-721e-4123-aa3e-15b36490cf0f,Spafford
2022,AZ,64e62fbe-5989-402d-b26a-7a9eb602937f,TV Tragedy
2022,AZ,d72ab336-31fd-4fe3-bbec-30f2af21e109,Space Wizard
2022,AZ,ff385b18-f41d-4a0c-8f7c-e55ae3b59ef2,Roger Clyne & the Peacemakers
2022,AZ,d24a2fe9-3d65-49a2-b1b2-20b192785919,Left Alone
2022,AZ,2667ba1e-8f76-441a-bf64-02f4d60ef642,Vandoliers
2022,AZ,35fd8d42-b4a6-4414-9827-8766bd0daa3c,Flume
2022,AR,1b1b9168-ff61-4186-8c3b-58ce14f20f52,William Beckmann
2022,AR,ada86294-d23d-4e54-a764-570d090f0d8e,Flatland Cavalry
2022,AR,0dbada64-f143-43cc-b1d6-df23ed3377f5,Friends of the Phamily
2022,AR,ba67b7da-cca7-4c3f-ba19-05349f0f7d97,Parker McCollum
2022,AR,536e5bb5-65b1-4729-acb5-0bf557ead546,Jupiter's Flytrap
2022,AR,5ef4c99a-51fc-4e04-bde7-1a39cfe0b7ad,Blvck Spvde
2022,AR,50b99592-2600-40ef-8c07-41075e99b64d,Yuni Wa
2022,AR,7192e4a9-52ed-438f-a3dc-b310ce4d9752,Joshua Asante
2022,AR,a89e38d7-c8aa-43a0-8ed9-10f48ad984b4,Zashed
2022,AR,18ebada4-5f97-46cd-bd4d-fa84d7bc2650,Aversive Control
2022,AR,8f4b71d4-8f7d-4e0c-b0c4-db7037a76c98,Brother Tongue
2022,AR,a89e38d7-c8aa-43a0-8ed9-10f48ad984b4,Zashed
2022,AR,3a05d825-813a-4a00-8b4d-bebfbb0a3241,Everyone Asked About You
2022,AR,3a05d825-813a-4a00-8b4d-bebfbb0a3241,Everyone Asked About You
2022,AR,98613fdc-2843-468b-86a8-d91cc24029ed,Bonnie Montgomery
2022,AR,a89e38d7-c8aa-43a0-8ed9-10f48ad984b4,Zashed
2022,AR,b0a55bd8-60c7-45c1-b78e-f20e4c8adba1,Martina McBride
2022,AR,b719207a-dc82-40ab-bc8f-a91c1e225fdc,CJ Solar
2022,AR,0cfb27a5-3b04-4ba3-8ace-5a2d4d8b631d,Salon Blonde
2022,AR,8f4b71d4-8f7d-4e0c-b0c4-db7037a76c98,Brother Tongue
2022,CA,9a03abc1-cd34-47b1-82ed-c4873850c4d5,David Nelson Band
2022,CA,87684162-ab42-4cfa-bf22-ebe237035f54,L.A. Guns
2022,CA,063b9c01-f4d6-40de-8f90-9b277535d310,The Beat starring Dave Wakeling
2022,CA,cf66ee44-360b-445e-bfb8-e20e69325742,Donavon Frankenreiter
2022,CA,51cbf154-4b7f-4ec5-86a7-d269ae7d101a,James Hype
2022,CA,e425b041-c28a-4ae8-9d5c-997890433cd4,Green Velvet
2022,CA,56c4b861-0922-4c3a-a9b9-3bfcb00f8274,Zedd
2022,CA,317c1b67-d4f7-4aa3-a205-0781ca7ae7a8,Queen Nation
2022,CA,51cbf154-4b7f-4ec5-86a7-d269ae7d101a,James Hype
2022,CA,7ef63058-495c-42a1-b326-ddbea57fe1b5,Boney James
2022,CA,4ac723f4-8be8-4a0d-a3ae-d5dda20f0a9a,Sofi Tukker
2022,CA,03172286-f7ed-4864-a4db-459cd5ca9790,Ciara
2022,CA,86368c6a-5138-4922-bd5b-809a528ffe55,Ben Platt
2022,CA,151cd917-1ee2-4702-859f-90899ad897f8,FINNEAS
2022,CA,0288aeff-5cf1-48b6-8a5a-b8709f0c9ef7,Habstrakt
2022,CA,26645c31-17d5-46a2-ba4c-8740e0aaaa84,Cubensis
2022,CA,72803495-fe08-49c2-817d-4447240c12f6,Quinn DeVeaux
2022,CA,62da2ead-f055-4ad0-b939-3274bb2c54b2,Poncho Sanchez
2022,CA,91a81925-92f9-4fc9-b897-93cf01226282,The Chainsmokers
2022,CA,26ba15a7-e610-4030-a3e0-21e4f5869f2a,Hot Since 82
2022,CO,014abfeb-cdfe-46dc-90fb-e192473ce252,Ganja White Night
2022,CO,2421e06c-1398-4694-85b0-f9ba267f7544,Immortal Sÿnn
2022,CO,f9fdca15-1bef-43a0-8213-758b6ee0aa91,Zeds Dead
2022,CO,2b996e5c-7941-4619-9840-9021c6756954,Jauz
2022,CO,4a18f60f-7aa9-4476-8d0f-84981d8ccb60,Houndmouth
2022,CO,23101701-cecf-4c9b-9b4c-d6a249eac118,San Holo
2022,CO,1c294418-722f-45a3-a24d-910f9b6f1502,Dillon Francis
2022,CO,4ae36ade-1798-48c4-b06b-cc68b7d3d83f,Porter Robinson
2022,CO,8d455809-96b3-4bb6-8829-ea4beb580d35,Phoenix
2022,CO,b4681cdc-4002-4521-8458-ac812f1b6d28,Lotus
2022,CO,701464aa-268b-49cc-92e9-6ad6d5889919,Bobby Mitchell
2022,CO,5ffdff61-95dc-4f17-856f-d28f346aefa6,Eminence Ensemble
2022,CO,cff95140-6d57-498a-8834-10eb72865b29,The String Cheese Incident
2022,CO,35fd8d42-b4a6-4414-9827-8766bd0daa3c,Flume
2022,CO,e4d05411-9a3d-452e-8b0e-a55b86b7cf85,IAMX
2022,CO,42117a1b-8846-4b09-b6a4-ea63d5d41145,DeadPhish Orchestra
2022,CO,32c9d11e-a63f-483f-8bed-b51fee2a81c5,J. Worra
2022,CO,8d07ac81-0b49-4ec3-9402-2b8b479649a2,Sound Tribe Sector 9
2022,CO,9378ee15-dd45-457c-af36-b5e26778a129,Lizzy Jane
2022,CO,5034284a-7109-4bb6-b4e0-9624a4918979,Wildermiss
2022,CT,183d6ef6-e161-47ff-9085-063c8b897e97,They Might Be Giants
2022,CT,d8df7087-06d5-4545-9024-831bb8558ad1,Jonathan Coulton
2022,CT,71df47cd-65a6-469d-88ea-11cf756faf28,Lespecial
2022,CT,5ebc97fa-ad71-4753-951c-ff30c6955f38,Slyne & The Family Stoned
2022,CT,dce40807-1d96-4908-a187-a167cddce29d,Chris & Spigs' Rock & Roll Circus
2022,CT,584758b2-306b-4aea-8694-3876943c9968,Lake Street Dive
2022,CT,a7c9279c-5a3a-4dcc-b1f1-7d32cc37cc8b,Badfish: A Tribute to Sublime
2022,CT,74dc2e73-9d7a-4d78-b151-0b4c14b08f50,Stephen Kellogg
2022,CT,71df47cd-65a6-469d-88ea-11cf756faf28,Lespecial
2022,CT,8564d2cb-17d4-45c8-bb61-a61e4566e443,Justin Chan & The Vices
2022,CT,f6ba4045-5058-4a22-b509-adaf3541b7e6,Devon Gilfillian
2022,CT,2a392a23-bec2-4283-9652-cd32edb15729,Funky Dawgz Brass Band
2022,CT,74dc2e73-9d7a-4d78-b151-0b4c14b08f50,Stephen Kellogg
2022,CT,f9908eb1-30ac-4fc9-929c-81fe2dcf2266,Dar Williams
2022,CT,10f55070-09fb-4ac8-b684-b70ca66b0055,Beth Nielsen Chapman
2022,CT,53c3b6c7-17ff-4a44-bd91-050a2b9028cf,Johnny Mainstream
2022,CT,ef25d06f-f3f4-49aa-9023-7288458d6c91,Kung Fu
2022,CT,d854712b-23d0-4a3c-a350-b52d7daf7f07,Caravan of Thieves
2022,CT,5e4ba289-25c8-4ff7-946d-e7fad53aa98d,Girl Named Tom
2022,CT,79c67eb5-3851-4b28-bfe0-3adfcd6f58d7,Pentatonix
2022,DE,c68bbfe2-8b1a-4eeb-81d9-4a87f8736766,The Collingwood
2022,DE,a216fad2-9c4f-4cdc-850e-0f4e27a487e9,Spindrift
2022,DE,736a50aa-2d24-40d7-9c59-1b764afd3036,Echoes of Pink Floyd
2022,DE,3033ceb6-a4cf-4d62-b227-cd6f9c2ab508,Cosmic Guilt
2022,DE,b146bf43-6d1f-447c-9dd8-955834be02a0,Obsolescence
2022,DE,442ba8e9-8bd9-4867-8e36-32489d6343be,Will Bozarth
2022,DE,a505bb48-ad65-4af4-ae47-29149715bff9,Thievery Corporation
2022,DE,bb7e60fd-6419-48c1-8823-8a1899bcc1f6,Albert Cummings
2022,DE,e477d9c0-1f35-40f7-ad1a-b915d2523b84,Dark Star Orchestra
2022,DE,5eb64fa9-5231-4a9b-8742-e72c2d185519,Steve Wynn
2022,DE,c68bbfe2-8b1a-4eeb-81d9-4a87f8736766,The Collingwood
2022,DE,a3f02697-a80c-4505-bb38-faccf9d1cd6d,Lux Enormes
2022,DE,7f237845-7ecf-4cc8-a7fe-223d15137fc2,Gary Gulman
2022,DE,0f6e80ef-1972-4dee-8896-dc9955f1beeb,Corrosion of Conformity
2022,DE,b146bf43-6d1f-447c-9dd8-955834be02a0,Obsolescence
2022,DE,a3f02697-a80c-4505-bb38-faccf9d1cd6d,Lux Enormes
2022,DE,61b6676e-54ba-42aa-9116-a60f4176b866,The Native Howl
2022,DE,661c7fac-f58d-4abd-8294-82901a83de49,Spirit Adrift
2022,DE,0e981414-1bee-42f4-b80b-ce285c13ac8a,Jamie McLean Band
2022,DE,78da12a9-19b7-4a6f-8de7-4037137e25aa,Mythosphere
2022,FL,0d2c047d-862d-408f-9df4-37143576ccae,Liily
2022,FL,e88313e2-22f6-4f6d-9656-6d2ad20ea415,Lettuce
2022,FL,92631c53-91ed-48f5-a09d-a104ba69cdc7,Offset
2022,FL,36b4fc35-165a-48fa-9897-dd83eecc01d9,Magic City Hippies
2022,FL,a17ce9c3-8f6f-4dcc-a1b7-2a04ab9e31f0,Swae Lee
2022,FL,5bc245c7-95d7-46fd-86ee-df6f0fbbe71a,Start Me Up!
2022,FL,ebfc1398-8d96-47e3-82c3-f782abcdb13d,The Beach Boys
2022,FL,074d8126-20b8-47cd-b874-9d8457df7684,Shaquille O’Neal
2022,FL,28737730-ec70-4da5-89c5-77ac13c5c34d,Khalid
2022,FL,301b45a4-b8b9-410e-8344-4b4eaf96691a,Marshmello
2022,FL,301b45a4-b8b9-410e-8344-4b4eaf96691a,Marshmello
2022,FL,67f911f6-dbf7-4ad9-a2ed-82484a1f9902,Case
2022,FL,2f3c4d70-0462-40da-bba3-0aec5772c556,Cardi B
2022,FL,e4a51f17-a57b-47b1-b37b-f552d0f8e9e6,Travis Scott
2022,FL,6f92929a-6381-48ac-b348-83b43b9cf646,Jazmine Sullivan
2022,FL,2e80ba15-ec0f-4bd4-b263-7e0671f38255,Ying Yang Twins
2022,FL,4545675e-4006-4271-8e82-703cae7e1748,MK
2022,FL,8f614665-3418-4ca8-aa6a-737b4636b995,Carl Cox
2022,FL,7f76ddd0-fd30-470b-918e-9fd816d98291,Cowboy Mouth
2022,FL,d4659efb-b8eb-4f03-95e9-f69ce35967a9,David Byrne
2022,GA,24f22a9d-19d2-4a4a-97f7-fe4c34731a19,Elephante
2022,GA,8187cde0-bc0d-4669-b435-2664c2f5cab1,Said the Sky
2022,GA,64c08e7f-48ba-4a49-a18f-9ac648c8ac63,Daniel Donato
2022,GA,199596a3-a1af-49f8-8795-259eff8461fb,Greensky Bluegrass
2022,GA,e7d8b54d-aab1-4fb0-9538-d49047cfd524,Guardians of the Jukebox
2022,GA,ab4e7869-86f5-455e-b52c-c89d7664c07b,Rainbow Kitten Surprise
2022,GA,e7d8b54d-aab1-4fb0-9538-d49047cfd524,Guardians of the Jukebox
2022,GA,3826a6e0-9ea5-4007-941c-25b9dd943981,Umphrey’s McGee
2022,GA,9235f0b2-17cc-4acf-aacc-4203a7ea018d,Radio Cult
2022,GA,00c49f40-d715-4b79-b223-432048602cce,Indigo Girls
2022,GA,7c340ac5-6eda-4981-91d6-d5b1f4d1bbbf,Kishi Bashi
2022,GA,35400219-c689-41f9-855d-9c5a0137f4f6,The Slaps
2022,GA,b24de74c-337f-4f60-adda-0e844737571a,King Size
2022,GA,00c49f40-d715-4b79-b223-432048602cce,Indigo Girls
2022,GA,3826a6e0-9ea5-4007-941c-25b9dd943981,Umphrey’s McGee
2022,GA,cd7df2ab-c974-4438-b440-baf38332d7aa,Gideon
2022,GA,ab4e7869-86f5-455e-b52c-c89d7664c07b,Rainbow Kitten Surprise
2022,GA,199596a3-a1af-49f8-8795-259eff8461fb,Greensky Bluegrass
2022,GA,7b38a145-7137-4c61-8d04-89ade521a6fc,Mother’s Finest
2022,GA,7b38a145-7137-4c61-8d04-89ade521a6fc,Mother’s Finest
2022,HI,a2030c8d-cad0-4327-9534-47761f8ef0f0,The Green
2022,HI,a2030c8d-cad0-4327-9534-47761f8ef0f0,The Green
2022,HI,a604fe10-801b-4787-b0b2-04f9ff2957dd,Bill Maher
2022,HI,a2030c8d-cad0-4327-9534-47761f8ef0f0,The Green
2022,HI,a2030c8d-cad0-4327-9534-47761f8ef0f0,The Green
2022,HI,a604fe10-801b-4787-b0b2-04f9ff2957dd,Bill Maher
2022,HI,5266cc11-e51d-4cc9-bf83-9a68ef5ef2dd,Chris Kattan
2022,HI,5266cc11-e51d-4cc9-bf83-9a68ef5ef2dd,Chris Kattan
2022,HI,a2030c8d-cad0-4327-9534-47761f8ef0f0,The Green
2022,HI,a2030c8d-cad0-4327-9534-47761f8ef0f0,The Green
2022,HI,a2030c8d-cad0-4327-9534-47761f8ef0f0,The Green
2022,HI,a2030c8d-cad0-4327-9534-47761f8ef0f0,The Green
2022,HI,05b17081-906a-4c0e-bed0-dd0ad79ed82a,Mike Lewis Big Band
2022,HI,05b17081-906a-4c0e-bed0-dd0ad79ed82a,Mike Lewis Big Band
2022,HI,05b17081-906a-4c0e-bed0-dd0ad79ed82a,Mike Lewis Big Band
2022,HI,05b17081-906a-4c0e-bed0-dd0ad79ed82a,Mike Lewis Big Band
2022,HI,cd00d934-965b-42b8-b7de-0856b2ba5ac3,Paula Fuga
2022,HI,cd00d934-965b-42b8-b7de-0856b2ba5ac3,Paula Fuga
2022,HI,cd00d934-965b-42b8-b7de-0856b2ba5ac3,Paula Fuga
2022,HI,cd00d934-965b-42b8-b7de-0856b2ba5ac3,Paula Fuga
2022,ID,4149a27f-18b9-4cbd-9c90-ea1b1f8804df,Neocentrics
2022,ID,dbf7c761-e332-467b-b4d9-aafe06bbcf8f,G. Love & Special Sauce
2022,ID,dbf7c761-e332-467b-b4d9-aafe06bbcf8f,G. Love & Special Sauce
2022,ID,cb2bdb35-2441-44cc-bff4-fa712b4b5969,Curtis Stigers
2022,ID,f6c6ff48-5198-47dc-a7c5-fd733dc379a2,Jake Shimabukuro
2022,ID,9b106beb-12b5-4525-8025-42e295a2b90a,Little Feat
2022,ID,53b1a81c-a5fd-41e0-860a-6071885a3880,Cory Marks
2022,ID,9ad8aede-6938-48f2-93fa-908bc4da9ef6,Brantley Gilbert
2022,ID,7e8571b1-7c5a-4739-bc51-73d422ee9d74,Five Finger Death Punch
2022,ID,2e80ba15-ec0f-4bd4-b263-7e0671f38255,Ying Yang Twins
2022,ID,f90e8b26-9e52-4669-a5c9-e28529c47894,Snoop Dogg
2022,ID,c9c8eb0c-dd42-4838-8897-d9e658a5a487,Justin Champagne
2022,ID,85d7666c-d3ce-4e2c-8b1b-f20db7cdae4f,Warren G
2022,ID,ce55e49a-32f4-4757-9849-bf04d06d5fcc,T‐Pain
2022,ID,922a18b1-0aba-4868-8f38-2aa4f324fe16,Mannheim Steamroller
2022,ID,922a18b1-0aba-4868-8f38-2aa4f324fe16,Mannheim Steamroller
2022,ID,a408ec83-2ee0-4cf2-99d6-161fbe76dd16,Anuhea
2022,ID,d2b8465e-5020-4955-b21d-3ac24bbae7d3,Keilana
2022,ID,7d04f9e7-740f-476a-b482-59352e222774,Raccoon Tour
2022,ID,deeea939-7f89-4762-b09f-79269cd70d3b,Queensrÿche
2022,IL,2a20a10e-b2df-4876-b2e1-3eb9c98347ce,The Fantastic Plastics
2022,IL,052de971-a156-44a5-aa4e-c16bbb41999b,Mike Reed’s Separatist Party
2022,IL,b23f52ff-97b5-4563-94db-d38a31ba4fb2,Mr. Blotto
2022,IL,4e43632a-afef-4b54-a822-26311110d5c5,The Disco Biscuits
2022,IL,103d9720-942a-4400-8c3b-3eaf76852a2c,Raheem DeVaughn
2022,IL,f3c48d53-8dfe-435f-84e6-1756754c4687,O.T. Genasis
2022,IL,c928dbce-a43c-46fc-aac7-f3788dfb0ea0,Logan Allen
2022,IL,103d9720-942a-4400-8c3b-3eaf76852a2c,Raheem DeVaughn
2022,IL,baaf92f5-f2b2-4f51-9723-abed41a257f8,Local H
2022,IL,c1281222-c989-4987-a87e-9a42a65727f0,Liquid Stranger
2022,IL,217f526c-f353-4d8b-8ba7-67fe0407f489,Robbie Fulks
2022,IL,b2e2abfa-fb1e-4be0-b500-56c4584f41cd,Railroad Earth
2022,IL,a9d53ca9-6c28-4be9-ab10-6c936a11d70b,Channel Tres
2022,IL,0114f8af-c570-4f1b-894e-e9b384b79d2b,Natural Information Society
2022,IL,dc71939a-416f-4804-b031-5749287943f9,Purple Disco Machine
2022,IL,d5ccd5b5-44b5-497e-9829-d8f1b69f412c,Dehd
2022,IL,647221d0-f6b1-4e03-924c-c59b8059536f,Chromeo
2022,IL,7078bc91-db70-4305-b810-5206a380afe9,Grapetooth
2022,IL,2a635483-1074-48a1-ab3f-1bb6c4ef3774,Mario Abney
2022,IL,886dc0c9-3351-4d2d-b762-060cf1e66929,FISHER
2022,IN,ef274bb5-2304-491c-ab86-4d0ffa461730,Moon Goons
2022,IN,01c68b57-e16b-47b6-9d68-a1d4bd32c1b2,Thunderstruck
2022,IN,9bef5751-1bd8-40a4-b0ab-8799db95e865,The Why Store
2022,IN,56241616-665f-4f02-ba23-67ded8b1bdf9,Yacht Rock Revue
2022,IN,96cac06e-61eb-4648-9f32-6acf313fdde2,The Indiana Sabaton Tribute
2022,IN,8f5f84e5-e1ed-46f0-8cdc-a7abc636d013,short.wav
2022,IN,3604c99d-c146-4276-aa0c-9376d333aeb8,Everclear
2022,IN,9bef5751-1bd8-40a4-b0ab-8799db95e865,The Why Store
2022,IN,e9ada2e1-b0ac-4cce-b50a-11dab14774ca,Jeff Dunham
2022,IN,2a0433d5-c5d6-46b0-81e0-d9d7c4117fba,Doug Henthorn
2022,IN,9bef5751-1bd8-40a4-b0ab-8799db95e865,The Why Store
2022,IN,f18bb7de-8885-4ed3-8e37-09c04db1a8de,Rob Schneider
2022,IN,f18bb7de-8885-4ed3-8e37-09c04db1a8de,Rob Schneider
2022,IN,922a18b1-0aba-4868-8f38-2aa4f324fe16,Mannheim Steamroller
2022,IN,f18bb7de-8885-4ed3-8e37-09c04db1a8de,Rob Schneider
2022,IN,922a18b1-0aba-4868-8f38-2aa4f324fe16,Mannheim Steamroller
2022,IN,f18bb7de-8885-4ed3-8e37-09c04db1a8de,Rob Schneider
2022,IN,64c08e7f-48ba-4a49-a18f-9ac648c8ac63,Daniel Donato
2022,IN,f18bb7de-8885-4ed3-8e37-09c04db1a8de,Rob Schneider
2022,IN,73e5abd9-0af9-45dc-ad7c-c1f83eec397e,Tommy Baldwin
2022,IA,922a18b1-0aba-4868-8f38-2aa4f324fe16,Mannheim Steamroller
2022,IA,922a18b1-0aba-4868-8f38-2aa4f324fe16,Mannheim Steamroller
2022,IA,a1e1ceb3-0ca4-462d-9db6-8f3f3b8e7988,Jamie Kennedy
2022,IA,e57908ed-e14f-4325-95b2-56d1aa20810d,Framing the Red
2022,IA,ebfc1398-8d96-47e3-82c3-f782abcdb13d,The Beach Boys
2022,IA,b0a55bd8-60c7-45c1-b78e-f20e4c8adba1,Martina McBride
2022,IA,c6ba2a8c-6414-4d7b-812f-44739adb42f6,Camille and Kennerly
2022,IA,f319ec6a-9290-449b-baef-4244809c487a,Patti LaBelle
2022,IA,79c67eb5-3851-4b28-bfe0-3adfcd6f58d7,Pentatonix
2022,IA,5e4ba289-25c8-4ff7-946d-e7fad53aa98d,Girl Named Tom
2022,IA,56657cd4-bffb-4cd4-b4ed-063afa85b562,Zach Williams
2022,IA,9ad8aede-6938-48f2-93fa-908bc4da9ef6,Brantley Gilbert
2022,IA,53b1a81c-a5fd-41e0-860a-6071885a3880,Cory Marks
2022,IA,7e8571b1-7c5a-4739-bc51-73d422ee9d74,Five Finger Death Punch
2022,IA,4fdcc64a-4686-4b16-a384-7ef1e51954d3,Alton Brown
2022,IA,9ca48eaf-4090-4c26-a10a-26595de04433,Maddie Poppe
2022,IA,dcd522c9-ac64-4c53-b080-6aab4abf2b44,Clint Black
2022,IA,c50c8d6f-721b-4f79-9186-0e32c729e860,Peter Mayer
2022,IA,02af234a-0d5c-4e70-a5cf-cc1050b6d98e,Matthew & Gunnar Nelson
2022,IA,27209249-06be-42ac-b8d8-d7cb2041f528,Night Like This
2022,KS,f2da81ec-1c76-483a-9cf3-8b2d1ac704ac,Classless Act
2022,KS,773af101-792f-48b8-a588-09a07cff5e53,Sara Evans
2022,KS,40d0ce65-0412-49ba-81a5-2d660d4f1e58,The Texas Tenors
2022,KS,22a1f4d7-81ff-4216-ac06-3387da6bc118,Machine Head
2022,KS,bceba9d9-3a3c-4883-af65-e44bd5848169,Exile
2022,KS,09885b8e-f235-4b80-a02a-055539493173,The All‐American Rejects
2022,KS,ff865aa0-4603-4f79-ae8b-8735332e2cfa,Switchfoot
2022,KS,252b5d32-5bd5-4cae-9d48-6aafa2145c33,The Bellamy Brothers
2022,KS,f20ba447-269a-445a-9347-c1ec8632c455,Lita Ford
2022,KS,922a18b1-0aba-4868-8f38-2aa4f324fe16,Mannheim Steamroller
2022,KS,37a54860-0e75-437d-b686-cc019fa6bb9e,Grady Spencer and the Work
2022,KS,922a18b1-0aba-4868-8f38-2aa4f324fe16,Mannheim Steamroller
2022,KS,ada86294-d23d-4e54-a764-570d090f0d8e,Flatland Cavalry
2022,KS,24d48e0a-d9f5-4296-83fd-63973b07e837,Royal Coda
2022,KS,2ccf651b-4202-4d03-bc37-5702406bdfed,Body Thief
2022,KS,c373c7f0-fddf-4c04-a327-19dd83590753,Immolation
2022,KS,af8e4cc5-ef54-458d-a194-7b210acf638f,Cannibal Corpse
2022,KS,bd0f203c-6d4b-4c44-89d1-63be9c60acc3,Rain City Drive
2022,KS,7561ff6c-2ab7-4776-9a9a-662f23b2effc,Dark Funeral
2022,KS,434feab0-1e1e-417d-9822-7fc3a45019f0,Black Anvil
2022,KY,0670a583-d3a1-4522-a5be-e18fd09ed862,Baptise
2022,KY,03bf334d-889b-405b-aab5-fbba2766518d,Grayson Jenkins
2022,KY,c281e59a-f3ba-4747-a986-bdd1bc097874,Noah Thompson
2022,KY,b9bdc8af-9641-4958-8eb3-1bead9ff632d,Chase Matthew
2022,KY,36f0e233-0d56-47d7-bd59-1f3203d40304,The Reverend Peyton’s Big Damn Band
2022,KY,f4a7c519-a14a-4f8a-b9a8-2c0e1e7e76f4,Redivider
2022,KY,489a7eba-2070-4351-9c3b-eb3f85126b29,Shi
2022,KY,a735332d-e2b5-4184-ad73-f2be4211c46f,Shitfire
2022,KY,e3a12cb2-a21b-44ad-9de9-7b1b75e67d6e,Stonecutters
2022,KY,bf98fdd5-6039-4ba7-8850-58acf26a1b48,Galactic Spectre
2022,KY,b71ca9d3-febb-4764-a845-44f96c3a2dfb,Mommy's Cigarettes
2022,KY,0a6fc6b0-27ce-486d-b780-f2cf9656b88b,Hangöverkill
2022,KY,52b9e109-44a0-45eb-a197-226c4abab232,Sevendust
2022,KY,53cf9aae-30b0-47bc-a9fa-7605ef8b1a87,Batwizard
2022,KY,00ef6902-afad-4d82-b13f-49aab2e91745,(ohlm)
2022,KY,922a18b1-0aba-4868-8f38-2aa4f324fe16,Mannheim Steamroller
2022,KY,a735332d-e2b5-4184-ad73-f2be4211c46f,Shitfire
2022,KY,64c08e7f-48ba-4a49-a18f-9ac648c8ac63,Daniel Donato
2022,KY,f4ae1c56-28a9-46a2-bcf2-56015d6066b1,Ghost Affirmation
2022,KY,ff8e70f7-171b-4ebd-a7f7-2073c45709ed,Everyone Lives Everyone Wins
2022,LA,ed4a08e1-2a79-4538-b519-87bb2ee0fd9d,The Revivalists
2022,LA,aa4fc8d3-aca1-4be4-b730-0ccb823c20ba,Billy Porter
2022,LA,640db492-34c4-47df-be14-96e2cd4b9fe4,Billy Strings
2022,LA,04abef22-ffbf-4240-89a6-b6257ea60f2f,Threat Level Midnight
2022,LA,0eb9da62-8611-4591-9063-2ef9008df1ed,Total Hell
2022,LA,cacd5542-11df-4290-993c-efdb1c5e0894,Bear & The Forest Friends
2022,LA,cabbdf87-5cb2-4f3c-be65-254655c87508,Galactic
2022,LA,94e96fde-f3be-45f1-9c0e-9368c14af6e0,Dumpstaphunk
2022,LA,f8ba33be-c51b-4507-9de4-ea1e9f154e6c,Thou
2022,LA,7afb0009-049c-4704-9e6a-1a52cc26b1f2,Zach Edwards and the Medicine
2022,LA,309858bb-b51f-42c2-9d58-015d648d7969,Friendly Jeans
2022,LA,ed4a08e1-2a79-4538-b519-87bb2ee0fd9d,The Revivalists
2022,LA,640db492-34c4-47df-be14-96e2cd4b9fe4,Billy Strings
2022,LA,990bdfc1-d539-4387-8d2e-3c31a2b7b47e,Samantha Fish & Jesse Dayton
2022,LA,da35eff5-55f5-412b-9ac1-e60882d3dcb9,Night Revival
2022,LA,f9559a62-e66b-4286-908e-b659de003e00,Johnny Vidacovich
2022,LA,d31d91d4-938e-41e9-8316-21caf0b1111e,Sam Fitzgerald
2022,LA,27739e38-8c41-41ba-aa49-7e2bf4c126cd,Seizure
2022,LA,d8280cd2-0e04-4126-b7d5-40996ae3a97d,John Boutté
2022,LA,c265fa1e-db7f-40e5-ac3b-b51fcb887d3b,Tiffany Pollack & Co.
2022,ME,a05236ee-3fac-45d7-96f5-b2cd6d03fda9,Dogs in a Pile
2022,ME,5cf454bc-3be0-47ba-9d0b-1e53da631a4e,Twiddle
2022,ME,c6a5a49b-9885-42e6-9fb5-ccaaec05f753,Trampled by Turtles
2022,ME,20543896-ec2c-48c4-b6b2-507c6cbe9918,Bailey Zimmerman
2022,ME,e477d9c0-1f35-40f7-ad1a-b915d2523b84,Dark Star Orchestra
2022,ME,df5430aa-63e8-467b-9e26-a3936c5240f0,TUSK
2022,ME,e477d9c0-1f35-40f7-ad1a-b915d2523b84,Dark Star Orchestra
2022,ME,6a65d878-fcd0-42cf-aff9-ca1d636a8bcc,Foals
2022,ME,2cfbc00b-8700-467f-b434-7595c687fa6c,Glove
2022,ME,593f5d0a-ea85-4e07-a8cc-d3a031925638,Inner Wave
2022,ME,c85e0be9-dd1a-43bc-aabe-c2b2d211625e,The Fogcutters
2022,ME,b569861e-935b-434e-b521-7f77991299aa,Bonny Light Horseman
2022,ME,0e431661-0291-4fc2-90f2-a47e057e0a6a,Jarv
2022,ME,731d3bb6-e97c-4b80-bb96-b1f9d3aaca42,Wax
2022,ME,c27fb8a7-396f-4727-8101-3e8c91df8982,Spose
2022,ME,a3dfd599-c84c-4588-b3a2-ebd98c8aeaa0,Liturgy
2022,ME,31810c40-932a-4f2d-8cfd-17849844e2a6,Squirrel Nut Zippers
2022,ME,c76dd1b2-b35f-48c6-89e3-09dadb67284c,Pokey LaFarge
2022,ME,29f50e16-0b84-4d0a-a72f-e4f1bb5ad48f,Cruel Hand
2022,ME,a505bb48-ad65-4af4-ae47-29149715bff9,Thievery Corporation
2022,MD,8dd73d1a-0424-4581-af8c-ade3edb44c5a,Dan Deacon
2022,MD,c457b779-22eb-4f94-abc4-ecd7a968bc4b,Raoul & the Dukes
2022,MD,ab463f48-cb1e-4fe3-9d3e-0226814ac37b,Litz
2022,MD,a7abcf3a-3828-49fe-aab8-2ca6ebf7d8aa,GreenRidge
2022,MD,8374fe36-ccb2-463b-89c2-5f37a264400f,Dizgo
2022,MD,439b8574-002f-45fb-8d97-4b872218781a,JIVEBOMB
2022,MD,418dd875-844d-4860-b32f-3e1b596b9f12,Tossed Aside
2022,MD,8b271f66-24e1-4753-ae46-0719cd776059,Polarview
2022,MD,e1412c77-0e60-406e-b48d-cb28b97aa62d,Oz Noy
2022,MD,f6fde8e1-000e-4c2c-a8bf-1de117991070,B.R.A.T.
2022,MD,e1412c77-0e60-406e-b48d-cb28b97aa62d,Oz Noy
2022,MD,74dc2e73-9d7a-4d78-b151-0b4c14b08f50,Stephen Kellogg
2022,MD,4b2374e3-1f73-4299-a036-19c6a7bd5368,Jimmie’s Chicken Shack
2022,MD,85ff5638-8c0f-44c6-bd7e-2ee2178779cc,J Roddy Walston
2022,MD,4a5d70ad-89c8-47a1-afb2-4cc26471e113,Fantasia
2022,MD,f96ebe5e-fa84-4583-95b0-962a1b0f1b57,G. Love
2022,MD,b66e3fb2-0b2c-443e-b4b6-2c35d09dc20e,John Waters
2022,MD,ea6c62ec-701e-4f01-bbcc-adfad2d3be70,Straight No Chaser
2022,MD,6e61b52a-9001-4638-9f10-f684c180a749,HXG
2022,MD,987d3d86-0d7a-4292-ae96-a8d59e456436,Destroy Lonely
2022,MA,6c4d81f8-8a34-4cda-9a4b-538c539b50f4,Tower of Power
2022,MA,85c00745-add4-43ce-9fe0-242a1d1a1821,The Fawns
2022,MA,584758b2-306b-4aea-8694-3876943c9968,Lake Street Dive
2022,MA,2a9f0f14-0fd8-4589-a4f5-7356f0cc45ae,Barefoot Truth
2022,MA,70dce6b7-5bc2-424f-8529-128dbbc6aa79,Piano Men - Generations
2022,MA,8c1bb088-104b-4a8f-bbf4-37730316e0cd,Studio Two
2022,MA,afcca32f-c202-4f18-8951-af79d483791a,Suede
2022,MA,8c1bb088-104b-4a8f-bbf4-37730316e0cd,Studio Two
2022,MA,a1df27fa-732d-4115-ac55-03b29463d139,The Nields
2022,MA,2a64b5be-36ac-42ec-a59d-3a5fa96170c5,CrabGrass Bluegrass Band
2022,MA,b18fee77-5487-4e6d-adb3-768f830a3a8e,Bad Marriage
2022,MA,11a07466-1ec1-41b7-a515-2910664742d6,Soul Magnets
2022,MA,af0083d1-edf3-4646-90bb-996edbfb61e0,Another Tequila Sunrise
2022,MA,857bd94e-63c3-4f38-b328-f44b78296ba9,Bees Deluxe
2022,MA,ccccfe4b-2958-46f3-b5eb-f1d08fc58e4a,Junius
2022,MA,9f91b03e-a09e-42b4-af92-ab2cf557de82,Lybica
2022,MA,d1c5f076-3c4c-48b2-99d9-77fd08859a6f,Troll Milk
2022,MA,a802fee7-86d5-4043-94a3-a5cc5b121cc9,Rivers of Nihil
2022,MA,8295ee00-0096-461d-95c7-c2263d2a4c6d,Killswitch Engage
2022,MA,9f336c50-ae4c-4440-bda7-958aa12bc15a,Unearth
2022,MI,653a396d-39c6-4929-8fc2-7b5a228325d8,lunch
2022,MI,755ed010-e7b6-4253-a945-ce26c7b138f2,Hiding Salem
2022,MI,54b0584e-4e5e-4976-80d4-eea7a82a7213,Electric Six
2022,MI,9d375a8e-73c7-49aa-8c4f-10d3aee5b465,Deadicated
2022,MI,70a692bb-dbd3-440a-af7b-c82e5e1389b2,Mustard Plug
2022,MI,9e3097da-e3da-4e82-aadf-2bea9090badc,Jim McCarty
2022,MI,febcf264-204d-40a8-bde9-aed3b28cf47c,Michigan Rattlers
2022,MI,cba77ba2-862d-4cee-a8f6-d3f9daf7211c,Live
2022,MI,bb19aebb-b13b-4459-a3d1-3de970a24ac6,Ten Thousand Teeth
2022,MI,e111aa5a-936f-4ace-8f1d-8db4d7c2e9a6,V*A*S*E
2022,MI,5f8dfb7a-3cf6-47a1-a361-eb3b187f09f6,Tonic
2022,MI,755ed010-e7b6-4253-a945-ce26c7b138f2,Hiding Salem
2022,MI,09c635be-c8e8-4f89-94bf-05c66b8144a1,Larry McCray
2022,MI,eb014c50-8a83-4793-8589-e0e26bc8300f,Bohemian Queen
2022,MI,fb23dd87-d625-46ff-b218-8885cce2e810,Robert Janz
2022,MI,d2b83114-af3e-4397-b570-10d81f1dd650,Trans‐Siberian Orchestra
2022,MI,e9ada2e1-b0ac-4cce-b50a-11dab14774ca,Jeff Dunham
2022,MI,d34516e1-b370-4b97-addd-6363ef0e9ecc,Passafire
2022,MI,d2b83114-af3e-4397-b570-10d81f1dd650,Trans‐Siberian Orchestra
2022,MI,49bf0641-e3cd-462f-8aab-5346ef213b01,Collin Raye
2022,MN,ea057060-5a9b-43ec-b446-0646c8f6e1c0,Pyreworks
2022,MN,a3d6fffa-c069-4d69-a6ac-8b4ffe06d6ff,You Oughta Know
2022,MN,d6b38023-0a5d-4d2e-aff0-58286649c4da,A Hard Day’s Night
2022,MN,30e899e2-14c2-4153-8ed0-b0a7557428a6,Begravement
2022,MN,739f2a96-3546-4ebd-bf6d-8ba981b47e58,Chee
2022,MN,3bfa8f23-2dbb-43e2-b1da-3cfaa6c5ff9d,The Time
2022,MN,8229a8f1-b315-4fae-af57-b3eb71efdaf4,Carbon Based Lifeforms
2022,MN,e63bd097-ff5c-4b60-9393-edfe18e2be6a,10 Year Gap
2022,MN,110d8edf-309d-48ba-94f5-5044517188b5,Aaron Tinjum and the Tangents
2022,MN,60325428-91ff-4633-b8d8-9c4c3c58bfd1,Groupthink
2022,MN,c9fc1027-3fce-4d79-a634-5bde4344dce4,Hot Freaks
2022,MN,55e19c6d-e072-4c6b-8946-21ee99f6f8f0,BEJALVIN
2022,MN,45c103dc-e832-4d4f-a2b4-20f87ac860b4,Reaping Asmodeia
2022,MN,c8e48299-2214-4be5-84ba-113adc5efb35,KennyHoopla
2022,MN,9b597e5e-d4db-4066-acfd-43eb69cbf8e4,Bwoy de Bhajan
2022,MN,54980b39-7dea-4e2b-8b1f-21322a464ef5,Bluetech
2022,MN,b9bede5d-89b6-4c43-9c45-ca3930cf4db8,The Bad Plus
2022,MN,af014f17-eea2-4df2-b69f-e6b2a9ea5c6a,WillyRodriguezWasTaken
2022,MN,b9bede5d-89b6-4c43-9c45-ca3930cf4db8,The Bad Plus
2022,MN,d2b83114-af3e-4397-b570-10d81f1dd650,Trans‐Siberian Orchestra
2022,MS,bcc6ae5e-0c66-4598-83e8-59e38d144eef,Goth Dad
2022,MS,b18df894-bfcd-4bb2-b9bb-46b6a6f634ab,Inside Voices
2022,MS,990bdfc1-d539-4387-8d2e-3c31a2b7b47e,Samantha Fish & Jesse Dayton
2022,MS,779f771b-8d62-4f90-9a82-95e542e2784b,Christone “Kingfish” Ingram
2022,MS,b82cf9e7-c80b-4026-9008-9bc9a8881b05,The Weeks
2022,MS,b82cf9e7-c80b-4026-9008-9bc9a8881b05,The Weeks
2022,MS,3470c4ca-f73c-47fc-80a6-e9a72be968b9,Chapel Hart
2022,MS,b82cf9e7-c80b-4026-9008-9bc9a8881b05,The Weeks
2022,MS,4ebd2140-0281-4045-92fd-5feb50da673f,Micah Smith
2022,MS,779f771b-8d62-4f90-9a82-95e542e2784b,Christone “Kingfish” Ingram
2022,MS,c5a016d4-567e-4698-96a2-af134adb8395,MercyMe
2022,MS,799388a4-f668-4f96-bbc1-6b00e0972f6b,Perpetual Groove
2022,MS,b50b36b5-aec1-401f-a722-e5ab673af14d,Chris Tomlin
2022,MS,779f771b-8d62-4f90-9a82-95e542e2784b,Christone “Kingfish” Ingram
2022,MS,921e6603-320c-4dde-8611-3049332d2b61,Whiskey Myers
2022,MS,35ef61ca-43db-4772-ba27-0489e9ebcb69,Emmylou Harris
2022,MS,fb2d8d9e-5511-40e2-a33d-568fa1808b20,Marty Stuart and His Fabulous Superlatives
2022,MS,fb2d8d9e-5511-40e2-a33d-568fa1808b20,Marty Stuart and His Fabulous Superlatives
2022,MS,dbb15257-4255-4a6f-8f06-487248a5cc19,Pleasant Valley
2022,MS,885b1f71-125c-46f3-a8f0-78ee002885c6,MSPAINT
2022,MO,bcf3ad0b-4eae-4c8b-a292-9f4c573aa27a,Samantha Fish
2022,MO,6453eef3-3bb2-40c1-904f-322ac907242f,Colin Parton
2022,MO,4a00ec9d-c635-463a-8cd4-eb61725f0c60,deadmau5
2022,MO,d8f548fe-bbbb-4560-878a-fca4ef648cf1,Notaker
2022,MO,b921640e-1502-4a3c-b5dc-4ff9f5642102,Pullstring
2022,MO,15312a36-2ded-4cb3-a717-8dcec48d92e2,Morgin Madison
2022,MO,82af3090-a927-42b5-a55d-c152f0fa1fb7,Paralandra
2022,MO,3dd40359-5b66-4b1a-affc-d171a34079ff,Nikki Glaser
2022,MO,9b16ba32-ed67-493b-8cfc-76782d847704,Blond Guru
2022,MO,fe450738-9a29-4d2f-bfc0-b6ae0098e185,Middle Class Fashion
2022,MO,b921640e-1502-4a3c-b5dc-4ff9f5642102,Pullstring
2022,MO,a27e5b1c-c522-4e55-9d3d-ec527727ef8e,El Monstero
2022,MO,69e9ad9f-97e0-4380-a561-22081325d743,Koney
2022,MO,d2b83114-af3e-4397-b570-10d81f1dd650,Trans‐Siberian Orchestra
2022,MO,d2b83114-af3e-4397-b570-10d81f1dd650,Trans‐Siberian Orchestra
2022,MO,a27e5b1c-c522-4e55-9d3d-ec527727ef8e,El Monstero
2022,MO,d954d6a4-cb39-49c3-b212-e49f0b58ab3d,Dr. Zhivegas
2022,MO,6268d4d3-e46a-439e-9f4e-92f366305d26,Escuela Grind
2022,MO,4c0d197c-7896-4efa-aa2c-e8e4d4975906,Matt Rupp
2022,MO,a27e5b1c-c522-4e55-9d3d-ec527727ef8e,El Monstero
2022,MT,7944ed53-2a58-4035-9b93-140a71e41c34,Sting
2022,MT,922a18b1-0aba-4868-8f38-2aa4f324fe16,Mannheim Steamroller
2022,MT,09352d49-d40e-4506-800f-a099a5fe009e,North Fork Crossing
2022,MT,922a18b1-0aba-4868-8f38-2aa4f324fe16,Mannheim Steamroller
2022,MT,09352d49-d40e-4506-800f-a099a5fe009e,North Fork Crossing
2022,MT,5e7ccd92-6277-451a-aab9-1efd587c50f3,Steve Vai
2022,MT,5e7ccd92-6277-451a-aab9-1efd587c50f3,Steve Vai
2022,MT,58a53082-a629-4ff1-a44d-7492d6f6e8fb,The Lemonheads
2022,MT,09352d49-d40e-4506-800f-a099a5fe009e,North Fork Crossing
2022,MT,a96ac800-bfcb-412a-8a63-0a98df600700,Modest Mouse
2022,MT,09352d49-d40e-4506-800f-a099a5fe009e,North Fork Crossing
2022,MT,36bb2418-3fa0-40c6-8805-a15498aec764,Aaron Watson
2022,MT,43e088bd-2520-4a84-bb8e-827c86d2cf84,The Infamous Stringdusters
2022,MT,09352d49-d40e-4506-800f-a099a5fe009e,North Fork Crossing
2022,MT,43e088bd-2520-4a84-bb8e-827c86d2cf84,The Infamous Stringdusters
2022,MT,43e088bd-2520-4a84-bb8e-827c86d2cf84,The Infamous Stringdusters
2022,MT,6cbe1e63-5895-4168-ac7e-f0d2836ba0c1,Guster
2022,MT,22a1f4d7-81ff-4216-ac06-3387da6bc118,Machine Head
2022,MT,ead26d19-20b3-49ac-92e9-3d8a25ca9462,Cory Wong
2022,MT,07a17571-81fc-4cf8-a634-98f0d926d313,Ty Segall
2022,NE,dcb1885f-dddc-44d7-a185-e4ca0e4e6c69,Gage Devall
2022,NE,922a18b1-0aba-4868-8f38-2aa4f324fe16,Mannheim Steamroller
2022,NE,fe4751a9-0ca7-48ce-b791-5ef892b34bff,Powder Blue
2022,NE,0d41ee70-5668-4a7b-a5cf-7b5aa557a88e,Yesterday and Today
2022,NE,922a18b1-0aba-4868-8f38-2aa4f324fe16,Mannheim Steamroller
2022,NE,922a18b1-0aba-4868-8f38-2aa4f324fe16,Mannheim Steamroller
2022,NE,e9c41776-b083-443d-af79-4c6923db6db2,200 Stab Wounds
2022,NE,926985c7-9385-481f-b6e9-dfed167bd9c0,Phobophilic
2022,NE,ee7c0013-039b-43c6-a956-81d8ad3b9605,Enforced
2022,NE,a449014f-de9a-43fa-b271-786b0af10926,Undeath
2022,NE,6bcf61d5-3a08-4194-8112-5e155b7afffa,Crowder
2022,NE,f86a742a-8ca2-400a-939d-cf94b97d2b44,Saul
2022,NE,b0a55bd8-60c7-45c1-b78e-f20e4c8adba1,Martina McBride
2022,NE,0fca6805-24d1-424d-88ab-505e11fd4963,VRSTY
2022,NE,b50f75ba-1a15-4a83-981f-ba97957a04be,Through Fire
2022,NE,648174e4-2d48-4cef-b0f4-0580b4eb4f64,Screaming for Silence
2022,NE,4fdcc64a-4686-4b16-a384-7ef1e51954d3,Alton Brown
2022,NE,6ee59e89-f585-4ac7-b49b-ee05f84e3289,Prof
2022,NE,c373c7f0-fddf-4c04-a327-19dd83590753,Immolation
2022,NE,ee2909ea-d91d-4949-a9ef-a3f4b1a5c12f,Palm
2022,NV,6be2828f-6c0d-4059-99d4-fa18acf1a296,Janet Jackson
2022,NV,1e46801d-c27b-4f07-a50d-51597a26df60,The Wailers Band
2022,NV,5f43abf6-92a5-468a-a633-b73f94627972,ILLENIUM
2022,NV,a95384b1-6aec-468c-ae0d-8c6daf87c4c2,Lil Jon
2022,NV,c234fa42-e6a6-443e-937e-2f4b073538a3,Chris Brown
2022,NV,f0be891f-6114-448a-ac55-a11bb2961f78,The Struts
2022,NV,eb014c50-8a83-4793-8589-e0e26bc8300f,Bohemian Queen
2022,NV,a39acc4a-985e-4173-a9ed-f325f2d3bc1c,Steve Aoki
2022,NV,ef9df4c9-0e76-451b-b174-2244bcc31f0c,All‐4‐One
2022,NV,336f2e14-b064-45c8-8b2a-01663a0bee64,The Sugarhill Gang
2022,NV,3e4cbb60-e676-409a-b78c-19ac110a0878,Ghastly
2022,NV,25b98424-a0c2-4f0c-98b9-2a8b00560bc2,DJ Pauly D
2022,NV,93ccd76c-3790-4435-a8bf-02bc26294b93,Bush
2022,NV,aabb1d9f-be12-45b3-a84d-a1fc3e8181fd,Tiësto
2022,NV,9968756b-d504-4c90-a184-776ba1dd32ea,Sugar Ray
2022,NV,c046b587-5e98-4631-a5c0-e5d8e18d6b13,RL Grime
2022,NV,148ddea2-6839-4354-8e2c-5dfadf136b7f,Tenacious D
2022,NV,8a672f30-4ed6-4fb4-9b8a-4f28e1d1be1c,Black Tiger Sex Machine
2022,NV,bfc9548c-1be9-476b-b9f4-5ba795b5ec8d,Wolves of Glendale
2022,NV,b08db23e-8634-4cee-af01-569e7c39efc3,Me Nd Adam
2022,NH,7dd89fea-a476-4640-9680-758149b6339a,doug.
2022,NH,a7c9279c-5a3a-4dcc-b1f1-7d32cc37cc8b,Badfish: A Tribute to Sublime
2022,NH,a2ab5e49-d36e-4973-935c-ed9ad81d2f8e,The Wizards of Winter
2022,NH,5d168b7b-f1c5-4261-b91e-672d60f6a2e8,Zach Nugent's Dead Set
2022,NH,403bc4cd-602c-4b59-8379-05cb24f66aa6,Piebald
2022,NH,8242c3b0-2e6f-4fc0-91c8-8bbe68bc3318,Pointless Culture
2022,NH,d3118da8-ff3f-4396-9ddd-06168c875d56,Big Bad Voodoo Daddy
2022,NH,717d1eb9-a80f-4ad1-b6b6-13b13f0f8097,Arcantica
2022,NH,6a4c7457-b2ac-457d-b625-3250006b729d,The Lizards
2022,NH,d70f3879-b92c-4948-a430-fc25d2e3c52d,Delvon Lamarr Organ Trio
2022,NH,c4153c51-b4ac-4183-beb3-c5dbfce39176,Cursive
2022,NH,0acae232-d31a-4211-b6d0-6af1b6350274,Thursday
2022,NH,eba4c290-2ce6-42c9-affd-5b1ffab84a8f,Anthony Green
2022,NH,986733c3-d9bb-4328-b5d8-1970534221e1,Black Ox Orkestar
2022,NH,0e6e4e18-586e-4d39-9a93-bdc7035142c2,Thanks to Gravity
2022,NH,a505bb48-ad65-4af4-ae47-29149715bff9,Thievery Corporation
2022,NH,aa1d4315-5246-42b2-b62b-f997d046d8b2,Emancipator
2022,NH,edc6a85e-1ea4-41a0-9659-1aa8f4e10044,Great American Ghost
2022,NH,52a70b90-5170-41ad-a4fc-0dc1e109d8df,Blood Tithe
2022,NH,c4a3dc14-e745-4ca8-af27-e89ff19232d3,156/Silence
2022,NJ,535afeda-2538-435d-9dd1-5e10be586774,"Earth, Wind & Fire"
2022,NJ,d7bc97fb-4bd3-453b-98a1-9081f89c52f0,Southside Johnny & The Asbury Jukes
2022,NJ,70e414e1-f35f-4ad6-b6b5-328146ee516d,John Train
2022,NJ,7d18a5ff-645c-4182-ba53-02b1f14115d3,Brass Transit
2022,NJ,c7a4d766-6bc7-4766-b86e-35e8d8e3fa43,Night Birds
2022,NJ,b7c4a0f0-fed8-465b-ae4e-128131320518,Strange Attraction
2022,NJ,3202d622-89f0-423c-9e17-5c505b3fa7ee,Almost Queen
2022,NJ,65d33724-7a41-44cf-82f5-f269f0edab86,Days of Grey
2022,NJ,56fd0f1e-0c83-450d-8a65-14074f15c138,No Pressure
2022,NJ,535afeda-2538-435d-9dd1-5e10be586774,"Earth, Wind & Fire"
2022,NJ,7e0bfba3-4b01-4a48-b233-f43ea1c7b8e7,Unloveable
2022,NJ,77307b54-446a-42a0-999e-b7153a9c38b7,8dayzstr8
2022,NJ,baa3e5e3-7ea3-48cf-9b44-db438d253788,The Foes of Fern
2022,NJ,99df3e94-ca87-4b59-8b3f-4e335f9bd9b4,King Ramses
2022,NJ,1a1cd7f3-e5df-4eca-bae2-2757c9e656b5,Duran Duran
2022,NJ,e45474b2-a657-46d0-a7ce-2bebdc77dab0,Alexander Simone & WHODAT?
2022,NJ,7f7ff3cf-44cf-44cf-9b0d-44a592dfbcec,Karma Gambit
2022,NJ,1349d100-fa96-44d5-8e2e-4e38ccbd56fd,Jarod Clemons & The Late Nights
2022,NJ,0828884e-2ee6-4315-9dba-62172933a245,"Tito Puente, Jr."
2022,NJ,7cb1c14d-39bd-410d-8d0c-3b3a34ab2d8b,Levy Okun
2022,NM,6fffa2e0-01fe-4ec6-949a-db5249ce6062,The Sweet Lillies
2022,NM,3aa79df8-6f8b-401a-bdf1-0872d40e0b95,Sean Healen
2022,NM,3aa79df8-6f8b-401a-bdf1-0872d40e0b95,Sean Healen
2022,NM,91650c21-bb7f-40f4-af9f-76ae86091dd0,Thursday Marks Fall
2022,NM,22a1f4d7-81ff-4216-ac06-3387da6bc118,Machine Head
2022,NM,b367f1c8-bb29-4727-bc0d-a96770fd698e,Eye
2022,NM,736680eb-da66-4859-bc3a-9e340c570625,Malevolence
2022,NM,4866ad97-4b12-4a4c-a4b7-40a8555c8cf9,Price of Life
2022,NM,c7de0d19-d57b-4289-9687-3e1f3d50fd96,Paranormal Slaughter
2022,NM,09f91305-e193-48af-92e3-252b3dd5e718,Water From Your Eyes
2022,NM,b367f1c8-bb29-4727-bc0d-a96770fd698e,Eye
2022,NM,ee2909ea-d91d-4949-a9ef-a3f4b1a5c12f,Palm
2022,NM,ba09f88f-d95a-4dad-8e99-60ce49349251,Arin Ray
2022,NM,466c0d2d-d312-4a2c-a6aa-d23f85e82ea2,The Magic Beans
2022,NM,27a1f2ee-2e1e-47cb-9f34-68c9c50b01c7,Dancing Plague
2022,NM,bf629fc0-2d07-4fa3-90dd-1e77629be935,Twin Tribes
2022,NM,3aa79df8-6f8b-401a-bdf1-0872d40e0b95,Sean Healen
2022,NM,c9e0a0f5-9f53-4247-a52d-a3f29d975e17,Madball
2022,NM,68f644b2-42ed-4d11-8bc7-633d5250721b,Gladys Knight
2022,NM,0b2cdf7d-3a73-46f4-9e07-868107e1b55f,The World
2022,NY,49510c3c-3162-4713-95d6-93f0dd2ccfb5,Marilyn Maye
2022,NY,016b6741-a443-492c-ae7f-fb0378d3270e,MEDUZA
2022,NY,f6492b78-579c-4f92-8404-6c9535b6c99d,GEL
2022,NY,f72e0c57-94fd-447d-afdb-868e70d356d7,NGHTMRE
2022,NY,b3977da4-f899-4328-921b-ecc599a5618a,j‐hope
2022,NY,91450f97-d44a-4364-acf4-882433df30a8,Jax
2022,NY,f337da1e-d09c-4425-a251-3ee5960cbe26,ÆONIAN
2022,NY,7fe3380a-8e35-48d1-ac5a-174fe6b5060b,The Dare
2022,NY,1a1cd7f3-e5df-4eca-bae2-2757c9e656b5,Duran Duran
2022,NY,3f1ed758-50e4-401f-8dc6-e0066e546e7c,Frost Children
2022,NY,82f70bb8-d5dc-4f20-a6bb-dc49eb130d2c,The Midnight Ramble Band
2022,NY,e2c00c56-8365-4160-9f40-a64682917633,Goo Goo Dolls
2022,NY,b4b94b15-1535-48a4-aa1e-d44e55d75bc5,New Edition
2022,NY,054e2798-297d-4396-bb09-8bffda628e43,Pink Talking Fish
2022,NY,3202d622-89f0-423c-9e17-5c505b3fa7ee,Almost Queen
2022,NY,f26c72d3-e52c-467b-b651-679c73d8e1a7,!!!
2022,NY,add5f522-25df-41c4-815e-0ca9f60b83e4,Ava Max
2022,NY,9b16908a-a78c-45a7-8366-d2a41967f745,Bell Biv DeVoe
2022,NY,b6e422c0-7b97-4347-bd78-8d8dfade38a9,Lawrence
2022,NY,229aac0b-3567-4bcc-b57d-76b865eb572e,Hotline TNT
2022,NC,a59fd0ab-c2b1-4d56-8f60-a96c56d3fc83,Red Panda
2022,NC,903193fe-bc33-407b-8bef-9e7e3babe753,Emo Nite
2022,NC,e8c87850-1159-442c-a86d-70f02c8d8050,Numatik
2022,NC,b4062f5c-067a-4d59-8056-d50246103f68,Valient Thorr
2022,NC,3020be1d-3c41-4e42-911b-ca5e96489300,Leftover Salmon
2022,NC,0a176d0a-ef46-4e7f-b018-9f4d65614668,The Avett Brothers
2022,NC,7c87fa56-6f2d-4d58-993a-5cd1578cd010,Thrill
2022,NC,74963641-34af-4a17-915e-fa6af905bded,Rob Ickes and Trey Hensley
2022,NC,8a4ade04-cbe9-4e91-b0df-e1298984d67e,Big Something
2022,NC,a8129db0-d924-4acc-8dd8-d6d8e21178f1,SOOHAN
2022,NC,c5ff0f5d-9268-42f0-a8a9-84923fc34965,sun-dried vibes
2022,NC,1b4a9142-d67b-469f-b992-1469d2e6bf25,Papadosio
2022,NC,723644fe-d2b7-4b9c-a8e8-9ed7d5cdb476,Mark Farina
2022,NC,8a4ade04-cbe9-4e91-b0df-e1298984d67e,Big Something
2022,NC,dbdd5505-70d4-4b8d-a4b5-60d6f910eda5,Larger Than Life
2022,NC,452731cb-c50c-48ae-82eb-cbad9618cff8,Into the Fog
2022,NC,3020be1d-3c41-4e42-911b-ca5e96489300,Leftover Salmon
2022,NC,74963641-34af-4a17-915e-fa6af905bded,Rob Ickes and Trey Hensley
2022,NC,1b4a9142-d67b-469f-b992-1469d2e6bf25,Papadosio
2022,NC,6fcc2ffe-4bfb-4004-ad6b-13b0ba9b9544,Bear With Me
2022,ND,d66bd754-3a95-406c-ab63-2f7e1c7a8641,The Blenders
2022,ND,7e8571b1-7c5a-4739-bc51-73d422ee9d74,Five Finger Death Punch
2022,ND,70f0e309-5418-49b6-a130-666e2f76eecd,Carrie Underwood
2022,ND,5e7ccd92-6277-451a-aab9-1efd587c50f3,Steve Vai
2022,ND,66980f96-2716-48e6-88c2-cbbb81b8e888,Parmalee
2022,ND,22a1f4d7-81ff-4216-ac06-3387da6bc118,Machine Head
2022,ND,43e088bd-2520-4a84-bb8e-827c86d2cf84,The Infamous Stringdusters
2022,ND,22a1f4d7-81ff-4216-ac06-3387da6bc118,Machine Head
2022,ND,1fee9ca0-5d67-4459-9902-f768ed905e89,Strange Daze
2022,ND,f82927e4-b905-4e3b-a82e-5184fbb68b29,Steel Panther
2022,ND,1801bd47-46ae-49ff-bfcd-6e01b562d880,Black Stone Cherry
2022,ND,2edad2c2-cff9-4a69-96f6-8a53616051b5,Willi Carlisle
2022,ND,33f3276d-4d1a-46b1-9949-bbacfee41651,Jimmie Allen
2022,ND,70f0e309-5418-49b6-a130-666e2f76eecd,Carrie Underwood
2022,ND,70c19341-6d59-499f-b74d-fc9f99b5d0a9,Amigo the Devil
2022,ND,44e02bf5-5e31-484d-883c-f81927875809,Prediction of the Witch
2022,ND,3a31454d-d6f7-4c4f-a121-e493353fa64a,Icegrinder
2022,ND,23caeef7-b9c1-48aa-9fdb-5ac41dbe8c99,Gorgatron
2022,ND,fa8d3148-e40b-4478-b610-c67cb4bccbd1,Suzie True
2022,ND,9a2cf537-05e9-42b5-b9df-ca7351327f43,John Hiatt and Lyle Lovett
2022,OH,b925a474-d245-4217-bc13-2e153d82bebb,Goose
2022,OH,7e37a1bf-3442-4c60-9dda-06989b869eab,Dave Chappelle
2022,OH,0fed966c-27ce-4866-a122-06d4133d8207,Chris Janson
2022,OH,a90185da-1cee-47d2-a1ea-891dd03a96a4,Cleveland Pops Orchestra
2022,OH,d34516e1-b370-4b97-addd-6363ef0e9ecc,Passafire
2022,OH,2761f5cc-5c08-46db-825c-8032533a8b9e,Bobby Floyd
2022,OH,12e35806-e97a-4c8a-81a5-7053916ffd03,JD Eicher
2022,OH,1dd2b03e-1947-46da-920d-49d1762bdd70,Angela Perley
2022,OH,c3fa12d9-4057-4495-a81b-b7fc3441f997,Red Wanting Blue
2022,OH,b925a474-d245-4217-bc13-2e153d82bebb,Goose
2022,OH,7d5b2854-ce8f-4d4a-a099-364c1b2488d1,Sgt. Peppercorn's Beatles Marathon
2022,OH,d2b83114-af3e-4397-b570-10d81f1dd650,Trans‐Siberian Orchestra
2022,OH,e9ada2e1-b0ac-4cce-b50a-11dab14774ca,Jeff Dunham
2022,OH,d2b83114-af3e-4397-b570-10d81f1dd650,Trans‐Siberian Orchestra
2022,OH,d34516e1-b370-4b97-addd-6363ef0e9ecc,Passafire
2022,OH,0cb6db9e-5e44-4153-b412-e5cd023ec3af,Piss Me Off
2022,OH,0202af38-ac32-48d0-a546-87caaef2dee2,Old Crow Medicine Show
2022,OH,1dd2b03e-1947-46da-920d-49d1762bdd70,Angela Perley
2022,OH,4e1f5ec2-e80c-463b-9db6-fd92d02874e9,Woodstock ‘99
2022,OH,2f22d9d0-1a99-48b3-9e5f-31d0e6724913,The Sonder Bombs
2022,OK,541e1e1a-ae78-40c4-9504-dbf6121cb4b6,In Periculum
2022,OK,a2d6f2b6-30ce-435c-95a9-4e0b7df1dcd2,The Others Like Us
2022,OK,c9d4f63d-6c2c-47ae-84fe-819001e3d3ea,C+C Music Factory
2022,OK,16da4997-78e1-4837-85f6-9247d10cde1f,Tone‐Lōc
2022,OK,c7f33343-7870-4e03-9892-65ad81d18db5,Color Me Badd
2022,OK,cf391be8-a609-4fcf-8de1-0eff6b639ae5,Charley Crockett
2022,OK,50afc259-d6ba-42a9-b271-4841ef82a0fa,Nerver
2022,OK,d6c1f3a5-2504-4143-a79f-3f86be7ca126,The Tooth
2022,OK,74197c86-d728-4e18-a61a-6a6848eed9d1,OTIS VCR
2022,OK,d5c3dce0-fdaf-471e-94b8-73c185d6bc97,Coleson Dilbeck
2022,OK,3dd40359-5b66-4b1a-affc-d171a34079ff,Nikki Glaser
2022,OK,84b0af1a-8f10-433f-a1ed-948e71712b16,Anya Marina
2022,OK,8bbb18d5-69d0-465f-8f57-7b293223f02e,Jamey Johnson
2022,OK,83b492ef-e01a-44f2-b05e-f2aa0ab20112,Black Magnet
2022,OK,479497d4-e7c2-4e78-972e-56e78fac3995,Chris Isaak
2022,OK,b9ec76a6-7738-43f4-93ac-e3d9a79e838f,Urban Heat
2022,OK,b0a55bd8-60c7-45c1-b78e-f20e4c8adba1,Martina McBride
2022,OK,c50c8d6f-721b-4f79-9186-0e32c729e860,Peter Mayer
2022,OK,22a1f4d7-81ff-4216-ac06-3387da6bc118,Machine Head
2022,OK,c2159cf3-40a5-4215-a30b-a952ac3f8aca,John Mulaney
2022,OR,0b186b3b-413f-4db2-9306-89c31c3b30f0,Jerry Joseph & The Jackmormons
2022,OR,0f3c4d10-e541-46f0-a589-61ad701c6ce4,MDC
2022,OR,951d2103-9c7d-4849-ae60-88bf6aa4790b,KT Tunstall
2022,OR,a9742f62-0d1c-4cfd-aafb-e5e71cfb26fc,Garcia Birthday Band
2022,OR,5e6512dd-160b-4512-a4b4-2c30fa894a08,Fear
2022,OR,baf05baf-69fb-47dd-93c2-033536b8c385,Brandi Carlile
2022,OR,adf7047e-b68f-4489-8eba-7cbc17da4447,Ferns
2022,OR,bf5f6273-7498-448c-ba78-a576cc0a20c0,Bishop Mayfield
2022,OR,113e0972-077f-423b-9b5f-3cc8a5bafa0f,Pink Martini
2022,OR,97bb32a9-a490-403f-8eda-cd33d9466059,Big Business
2022,OR,09eba4ec-f1b8-4a61-987b-d185d17e542d,Eugene Symphony
2022,OR,32705a3c-54cf-4e48-a3ab-2801157a09dc,The Murder City Devils
2022,OR,113e0972-077f-423b-9b5f-3cc8a5bafa0f,Pink Martini
2022,OR,f641f7fb-4344-4f09-a3b6-866bd42dc890,Sun Atoms
2022,OR,3bf91450-189e-4547-9dae-3a0a780a5462,Floater
2022,OR,09b0212b-844d-4285-838f-27cc2045c403,Zia McCabe
2022,OR,d0c1fa09-56b0-409d-ad2b-06ec369a60bb,Mamorlis
2022,OR,a9742f62-0d1c-4cfd-aafb-e5e71cfb26fc,Garcia Birthday Band
2022,OR,c2fc3d9c-8e13-48e5-a4c6-227b79c16b94,Sequel
2022,OR,0b186b3b-413f-4db2-9306-89c31c3b30f0,Jerry Joseph & The Jackmormons
2022,PA,cf509558-98cb-4628-9e5a-8e4340a9f1cf,Heavy The World
2022,PA,7d817293-2533-4151-9610-95449bee2e0f,The Amish Outlaws
2022,PA,e84ddc5c-06e3-48fc-a8f1-fa0cf430d6b5,Cabinet
2022,PA,ba0b9dc6-bd61-42c7-a28f-5179b1c04391,Eggy
2022,PA,d3982e3f-39b5-4b1d-8374-a428c466099d,Aaron West and The Roaring Twenties
2022,PA,7bb0bcbf-059e-4f71-9ae3-dde8c4b71a84,Dan Campbell
2022,PA,99ebe0fc-f023-44e4-b064-eb4f1246c9e9,Eric Brewer & Friends
2022,PA,1c108d4b-7965-4626-933a-a2bfc6bcef7d,Start Making Sense
2022,PA,ec8e3cea-69f0-4ff3-b42c-74937d336334,Pigeons Playing Ping Pong
2022,PA,1b7de629-8e8a-4748-b402-bd58de30e5f1,Emily King
2022,PA,dbcec54d-49c8-4d61-8512-8025bb37bf8e,Blue Man Group
2022,PA,e9ada2e1-b0ac-4cce-b50a-11dab14774ca,Jeff Dunham
2022,PA,466c0d2d-d312-4a2c-a6aa-d23f85e82ea2,The Magic Beans
2022,PA,5fab339d-5dd4-42b0-8d70-496a4493ed59,moe.
2022,PA,47272420-4b41-43cb-a009-a349b9d87f42,Algernon Cadwallader
2022,PA,ee2874c7-a943-4884-b55d-ccf86eb0aaf1,Couch
2022,PA,4486702e-7b26-43fd-babc-c0df7be0e1d9,St. Paul & The Broken Bones
2022,PA,65a8e571-8a08-433f-a5bf-ead38c269ea6,Inner City
2022,PA,fd72746f-1704-4ac9-89bc-743c0e1d0779,Dan & Joe
2022,PA,ec8e3cea-69f0-4ff3-b42c-74937d336334,Pigeons Playing Ping Pong
2022,RI,6060e446-49f5-4e3b-b72c-a162ba4896ac,Pat McGee
2022,RI,183d6ef6-e161-47ff-9085-063c8b897e97,They Might Be Giants
2022,RI,f46040d5-2506-4190-a89d-f550c81456e1,Ghost Mojo
2022,RI,7ae8e310-b42d-4c79-9a02-38cb6663d4e9,The McAdams Brothers
2022,RI,75f27492-3018-4b1e-aa04-60c31059a5c5,Max Creek
2022,RI,b774cde6-edc1-4464-ac53-e7034396e7ec,The Mighty Fall
2022,RI,75f27492-3018-4b1e-aa04-60c31059a5c5,Max Creek
2022,RI,b569861e-935b-434e-b521-7f77991299aa,Bonny Light Horseman
2022,RI,978a36f7-85c6-44ca-a02e-7564e8fa8284,Lightning Bolt
2022,RI,00c4864b-b9c2-4ce2-b75c-c4d3278f33a0,babybaby_explores
2022,RI,0acae232-d31a-4211-b6d0-6af1b6350274,Thursday
2022,RI,eba4c290-2ce6-42c9-affd-5b1ffab84a8f,Anthony Green
2022,RI,c4153c51-b4ac-4183-beb3-c5dbfce39176,Cursive
2022,RI,b66e3fb2-0b2c-443e-b4b6-2c35d09dc20e,John Waters
2022,RI,fae2cd4c-f847-4cb3-b311-60c8906cdb0b,The Smithereens
2022,RI,ed9952e8-6de9-40be-a1c1-c042452ddb4d,Lee McAdams
2022,RI,6e650a01-6489-4dc8-85e1-8ec809dd72a2,Saliva
2022,RI,f46040d5-2506-4190-a89d-f550c81456e1,Ghost Mojo
2022,RI,e514940f-806b-4a44-91da-a3ac021b4e01,Peace Test
2022,RI,d5c7ca6d-3fdf-4bd7-a3f1-a38603712f7c,Riverbed
2022,SC,12c7ee1b-96a4-40a6-9565-d86cfa2ca1a6,HoMiCyDe
2022,SC,624447ba-f5de-481e-8d37-ca9aed1b046f,SUSTO
2022,SC,3abeb2e4-a691-4668-88d6-f7be0d23b21c,Sweet Spine
2022,SC,78299670-d170-472f-996a-7627c8ef0383,Brooks Herring
2022,SC,d8d86b37-9c04-4496-8c5a-829e2e956887,Detest The Throne
2022,SC,a4a38cb5-5512-45e0-b78f-02ad9fff0f64,Heavy//Hitter
2022,SC,51f138fb-0d8a-4854-8a1a-4697465ad4af,Mean Sweetie
2022,SC,4dc45f79-d367-4ee2-b521-4b016628f54c,Curse of Flesh
2022,SC,e3616fa1-9e92-48ed-9ebf-1558831cddac,Cleansing Of The Temple
2022,SC,0e139e8e-88a9-4a35-ba62-0a016ab54097,Sustenance
2022,SC,c9b7e919-a8ce-4999-89ca-99cae61b648d,God Of Nothing
2022,SC,cd8c08a5-c2dc-440a-92a1-281152fb948b,Omenkiller
2022,SC,2b2ed177-aef4-4208-8445-fb2e8479b2d3,Wiltwither
2022,SC,1afc7a59-684d-45c8-87e4-b7199cde370d,Gutcheck
2022,SC,b24de74c-337f-4f60-adda-0e844737571a,King Size
2022,SC,c866bf23-5150-4b10-9a8c-89d93a08ea6c,Little Stranger
2022,SC,955bc3c8-36d4-47e8-9648-f6728c613583,Marcus King
2022,SC,78299670-d170-472f-996a-7627c8ef0383,Brooks Herring
2022,SC,9f750651-8c8c-4119-9730-c9bcfdc3626a,Circle Back
2022,SC,7f8f0f32-1672-4634-8f0f-294f34395f69,Demon Teeth
2022,SD,ce55e49a-32f4-4757-9849-bf04d06d5fcc,T‐Pain
2022,SD,85d7666c-d3ce-4e2c-8b1b-f20db7cdae4f,Warren G
2022,SD,2e80ba15-ec0f-4bd4-b263-7e0671f38255,Ying Yang Twins
2022,SD,c9c8eb0c-dd42-4838-8897-d9e658a5a487,Justin Champagne
2022,SD,f90e8b26-9e52-4669-a5c9-e28529c47894,Snoop Dogg
2022,SD,40baf67d-1490-47e2-95e4-c83273df7c9f,Matthew West
2022,SD,b0f12d25-6175-4652-baca-b99a106cf2b5,Screaming Females
2022,SD,53b1a81c-a5fd-41e0-860a-6071885a3880,Cory Marks
2022,SD,7e8571b1-7c5a-4739-bc51-73d422ee9d74,Five Finger Death Punch
2022,SD,9ad8aede-6938-48f2-93fa-908bc4da9ef6,Brantley Gilbert
2022,SD,959634ff-1f72-480c-931e-aa71d910c990,Disney on Ice
2022,SD,959634ff-1f72-480c-931e-aa71d910c990,Disney on Ice
2022,SD,959634ff-1f72-480c-931e-aa71d910c990,Disney on Ice
2022,SD,959634ff-1f72-480c-931e-aa71d910c990,Disney on Ice
2022,SD,959634ff-1f72-480c-931e-aa71d910c990,Disney on Ice
2022,SD,959634ff-1f72-480c-931e-aa71d910c990,Disney on Ice
2022,SD,79c67eb5-3851-4b28-bfe0-3adfcd6f58d7,Pentatonix
2022,SD,5e4ba289-25c8-4ff7-946d-e7fad53aa98d,Girl Named Tom
2022,SD,d6b38023-0a5d-4d2e-aff0-58286649c4da,A Hard Day’s Night
2022,SD,d6b38023-0a5d-4d2e-aff0-58286649c4da,A Hard Day’s Night
2022,TN,4a27848e-ffdc-45d2-bed4-f5d62b85dc3e,Sierra Ferrell
2022,TN,3797a6d0-7700-44bf-96fb-f44386bc9ab2,Widespread Panic
2022,TN,bca8bfc0-9d5b-449b-b713-914596f88d56,Thomas Rhett
2022,TN,779d1126-e48c-43f2-8b51-005f3b116d7e,Kelsea Ballerini
2022,TN,d62113bc-9148-4c5a-8612-e61c6e62d127,Killer Beaz
2022,TN,0202af38-ac32-48d0-a546-87caaef2dee2,Old Crow Medicine Show
2022,TN,80ccfede-c258-4575-a7ad-c982e9932e0f,Sheryl Crow
2022,TN,f24df11a-7e35-4979-a4db-a3b2a170ce27,Jason Aldean
2022,TN,76e78b58-f301-4975-8058-7f84d8360738,Little Big Town
2022,TN,f30118c5-f783-4969-8427-f3c096378267,Brooks & Dunn
2022,TN,a62e299b-4707-4ff5-ad53-d80b2b03319d,Kane Brown
2022,TN,a6e613d6-ff65-4972-beff-303a1b10ab05,Lainey Wilson
2022,TN,d8c85c0e-ad88-47a7-a1df-b70608c2f52f,Riley Green
2022,TN,507226f4-0842-4f43-950e-81a7017230ec,Zac Brown Band
2022,TN,c9584c27-f240-4f0e-8e82-3470111f24be,Marc Broussard
2022,TN,6bd7faa9-601f-44db-a2a6-239209f83156,Dierks Bentley
2022,TN,31043ded-ae20-4432-b1bc-d4d88110fc16,Jimmy Allen
2022,TN,3ae70f76-ea53-4cc5-906e-d47a384202a1,Darius Rucker
2022,TN,25c19e9a-1793-4e5c-bf1f-0e118a69b164,King Calaway
2022,TN,e7287972-ca8d-4133-a1d6-5446486ed075,Elle King
2022,TX,cbf71c15-17c2-484f-8406-cfce12fd3e46,Reverend Horton Heat
2022,TX,777bc93b-198d-4da9-8c8e-bb267d0f0b32,Piper Jones
2022,TX,f7a2f0f1-da44-40b3-8dff-ab421af08bcf,Aurelio Voltaire
2022,TX,17f8bc02-5f86-42a0-9e3a-fb609757bdb9,DJ Virus
2022,TX,f5bcb165-f88e-4cce-8221-ab7ab3854581,Lee Mathis
2022,TX,232292d3-7b24-4e80-9c72-5871aef592d0,Black Powder Vipers
2022,TX,478a9b50-6dc7-44ae-8bb4-01254f816be5,Ulla
2022,TX,a8f35720-f61f-42eb-aae9-beed1bbb81c4,Ariel & the Culture
2022,TX,f1a2c6ce-60dc-4f2a-a6e3-50f80bdb0220,Amy Thornhill & Todd Blalock
2022,TX,f4186309-1902-4a83-9213-209210148142,Forgotten Space
2022,TX,568a5f4b-f182-43be-9fe8-7758dd69be07,The Unlikely Candidates
2022,TX,411dd8da-1744-466c-849d-4dbef2ae0f4d,Lorelei K
2022,TX,860b2707-6153-4e3a-aa57-74d2b42c55b5,Justice
2022,TX,7a2e843f-40b6-4dee-bf3d-a7e83253993e,Todd Stewart
2022,TX,14c0a2e6-146e-4ba8-a4e6-1acbf72ce78a,Randy Rogers Band
2022,TX,bf60c829-61d1-4149-8eca-df573a78330b,Tits Out
2022,TX,b0fa8b31-87cb-43ad-9f15-179725c1e3b6,Ghostland Observatory
2022,TX,0e25638a-e285-4bf3-a207-44a02cfc3148,The Reverent Few
2022,TX,b0b9093d-fa6b-40a4-9ec0-71513164d930,The Lacs
2022,TX,bbfd82bf-6f5f-43cf-ad53-82f13cbc1322,The Suffers
2022,UT,2a994741-42ca-4251-8400-7b6fe09ecf3d,Kitchen Dwellers
2022,UT,f18bb7de-8885-4ed3-8e37-09c04db1a8de,Rob Schneider
2022,UT,f18bb7de-8885-4ed3-8e37-09c04db1a8de,Rob Schneider
2022,UT,b4a42ab5-46fc-4b2c-a8f8-7a486657fc7e,the moss
2022,UT,922a18b1-0aba-4868-8f38-2aa4f324fe16,Mannheim Steamroller
2022,UT,922a18b1-0aba-4868-8f38-2aa4f324fe16,Mannheim Steamroller
2022,UT,429d5f26-329c-41cc-bdff-17c29dbf1fb8,The Bouncing Souls
2022,UT,2a994741-42ca-4251-8400-7b6fe09ecf3d,Kitchen Dwellers
2022,UT,d0bb97c7-ad0f-4e82-b1c0-9604835c1ac4,Charles D
2022,UT,922a18b1-0aba-4868-8f38-2aa4f324fe16,Mannheim Steamroller
2022,UT,f18bb7de-8885-4ed3-8e37-09c04db1a8de,Rob Schneider
2022,UT,149feb0f-26a6-451c-a98f-7636cf461038,Mat & Savanna Shaw
2022,UT,8382718b-c4e2-4200-8667-5b845b5da6ac,Geoff Tate
2022,UT,922a18b1-0aba-4868-8f38-2aa4f324fe16,Mannheim Steamroller
2022,UT,922a18b1-0aba-4868-8f38-2aa4f324fe16,Mannheim Steamroller
2022,UT,93a1aab7-bdbc-4334-bcf6-6889f7a2682a,Kristine W
2022,UT,322d2e0e-7df2-4208-a46c-26cb6c60ba56,The Piano Guys
2022,UT,53e40f93-f4af-4f8c-819c-7bbe4b6f0a1c,Lindsey Stirling
2022,UT,150c1fdf-3fc1-4672-93fa-a1aca0a85a53,David Archuleta
2022,UT,db2a4f7c-9c79-46fb-912a-e508fe97b864,Alaska Thunderfuck
2022,VT,4f69b59a-3a31-4d69-9bf4-ef9ecf55fed8,Bella’s Bartok
2022,VT,5d168b7b-f1c5-4261-b91e-672d60f6a2e8,Zach Nugent's Dead Set
2022,VT,4e442c83-b547-4d6e-9270-cdd35e3c3195,King Tuff
2022,VT,7517aa32-c2b9-43f0-91fd-4da5c341a595,Neon Wave
2022,VT,db7873de-b0a2-4fdd-bd6f-23d66dbeeb53,Schism
2022,VT,a615b8f7-a9f6-4d7a-90c7-6fdf26b13411,Guerilla Toss
2022,VT,0d999d09-4194-4068-9fe9-6dec5e204ee4,Isabel Pless
2022,VT,4f69b59a-3a31-4d69-9bf4-ef9ecf55fed8,Bella’s Bartok
2022,VT,4f69b59a-3a31-4d69-9bf4-ef9ecf55fed8,Bella’s Bartok
2022,VT,c3e86313-9b24-48a8-887e-73d009f04eff,Pattern Addict
2022,VT,8413012e-61ba-44f6-b898-478acc0b33e1,BettySoo
2022,VT,1ce9c0ef-afe0-415c-9598-dc84e2345251,Reed Foehl
2022,VT,b569861e-935b-434e-b521-7f77991299aa,Bonny Light Horseman
2022,VT,b42415f9-9563-4c3f-94a8-907ed3f59cc6,Teece Luvv
2022,VT,5cf454bc-3be0-47ba-9d0b-1e53da631a4e,Twiddle
2022,VT,6a4c7457-b2ac-457d-b625-3250006b729d,The Lizards
2022,VT,5cf454bc-3be0-47ba-9d0b-1e53da631a4e,Twiddle
2022,VT,6baad73d-2c86-490e-8c6d-bdc0d78e3932,Mihali Savoulidis
2022,VT,eba4c290-2ce6-42c9-affd-5b1ffab84a8f,Anthony Green
2022,VT,c4153c51-b4ac-4183-beb3-c5dbfce39176,Cursive
2022,VA,14ecd19f-7121-4192-8549-e5056241a42f,Pusha T
2022,VA,3ddb5fd0-3831-4ca6-931e-336ac03173a7,49 Winchester
2022,VA,218b1df5-0aa5-402f-a3a8-eed2b751baea,Circles Around the Sun
2022,VA,fcf130b7-181c-4e4f-a417-1165fd36cb9c,Larry Keel
2022,VA,cf15719f-51f9-4db8-a15d-5eed9664ce69,Lupe Fiasco
2022,VA,fb1beb7c-9f2b-4512-ae7f-b435db8ed9ec,Spacemere
2022,VA,1f504c4d-4a10-4e3f-a8cd-304876ac2451,The Findells
2022,VA,43e088bd-2520-4a84-bb8e-827c86d2cf84,The Infamous Stringdusters
2022,VA,1d61c8a0-b875-41c7-a9d2-c67a175b33d4,Andy Frasco & The U.N.
2022,VA,43e088bd-2520-4a84-bb8e-827c86d2cf84,The Infamous Stringdusters
2022,VA,8374fe36-ccb2-463b-89c2-5f37a264400f,Dizgo
2022,VA,b8b5db18-2392-4983-99bd-c445a7c6d0bd,Kendall Street Company
2022,VA,ab463f48-cb1e-4fe3-9d3e-0226814ac37b,Litz
2022,VA,42fcf9da-c81a-4dee-9e8f-fab9fee9f1b5,Destructo Disk
2022,VA,218b1df5-0aa5-402f-a3a8-eed2b751baea,Circles Around the Sun
2022,VA,43e088bd-2520-4a84-bb8e-827c86d2cf84,The Infamous Stringdusters
2022,VA,b8b5db18-2392-4983-99bd-c445a7c6d0bd,Kendall Street Company
2022,VA,c3466a3e-b595-4eb8-ad40-f921b57bf125,Cole Larravide
2022,VA,4b1643ac-41d5-49e7-9966-14982170dab4,Alex Lee Ratner
2022,VA,4b1643ac-41d5-49e7-9966-14982170dab4,Alex Lee Ratner
2022,WA,0a1faae0-c0c6-4ad2-b3ff-a5e526a9d26a,The Cosmic Neighborhood
2022,WA,93e67904-e3be-44f6-b979-c8eef2a45742,Asterhouse
2022,WA,f7b9b273-deb3-4c26-8a59-62132714dda0,Pike vs The Automaton
2022,WA,4cd556a5-db82-43f6-8d55-99598b42da8f,Kenny G
2022,WA,7eeab3bd-fad9-42bf-9f25-32a7ff5cf243,R.I.P.
2022,WA,762e1e6d-ba12-4946-b8ee-dfa0cf9a2655,Dwarves
2022,WA,da6e666d-710e-44cf-852a-743f8f213424,Kuinka
2022,WA,4cd556a5-db82-43f6-8d55-99598b42da8f,Kenny G
2022,WA,f49cea96-c237-4c0d-8332-98859274cc52,Zeke
2022,WA,f52082d5-5430-4d03-ac99-d6b822d0bc4b,Andy Coe Band
2022,WA,0da833c3-bd55-4178-b2b8-10c4a44c50b5,Zepparella
2022,WA,d17dbc4c-7cd4-4a81-83cc-f49f786455f9,Authority Zero
2022,WA,93e67904-e3be-44f6-b979-c8eef2a45742,Asterhouse
2022,WA,25d973d1-d331-4a5c-9e38-8b6280f95060,Eldridge Gravy & The Court Supreme
2022,WA,4cd556a5-db82-43f6-8d55-99598b42da8f,Kenny G
2022,WA,873898f5-7e29-4697-9bc3-36131019c11f,DGP
2022,WA,4cd556a5-db82-43f6-8d55-99598b42da8f,Kenny G
2022,WA,33e6b2a8-c27d-48f4-b842-0201d0c3a162,carter c
2022,WA,c4760909-8dfa-4444-9414-087cc76dd1b5,Service With A Smile
2022,WA,4cd556a5-db82-43f6-8d55-99598b42da8f,Kenny G
2022,WV,922a18b1-0aba-4868-8f38-2aa4f324fe16,Mannheim Steamroller
2022,WV,ca5b20e5-ac2d-439b-badd-7134d14ecef5,M.E.L.T.
2022,WV,922a18b1-0aba-4868-8f38-2aa4f324fe16,Mannheim Steamroller
2022,WV,22a1f4d7-81ff-4216-ac06-3387da6bc118,Machine Head
2022,WV,86034d1d-f66e-426d-ad52-ca5511a9b428,Aaron Lewis
2022,WV,0f87e42d-f797-4cc3-bec6-03b5bc7acaa2,Kidd G
2022,WV,28fd67e8-573c-4cdd-a37d-8b74af74109c,The Queers
2022,WV,9da4bef1-9cb5-4726-8ecd-1f9c2830cd5b,Dave Koz & Friends
2022,WV,718287f6-773f-4b43-a47d-15c8a6df89b9,Friko
2022,WV,0932c55e-cd77-41fd-b877-0eb44c205242,Kellan Miller
2022,WV,ff865aa0-4603-4f79-ae8b-8735332e2cfa,Switchfoot
2022,WV,d5961377-d844-402e-9822-be4c995d29fd,"Revision, Revised"
2022,WV,7e8571b1-7c5a-4739-bc51-73d422ee9d74,Five Finger Death Punch
2022,WV,8d257bcf-1168-40f3-9ca3-bfbadc979d77,Andrew Ripp
2022,WV,c7423e0c-ab3e-4ab4-be10-cdff5a9d3062,Blue Öyster Cult
2022,WV,c5a016d4-567e-4698-96a2-af134adb8395,MercyMe
2022,WV,9ad8aede-6938-48f2-93fa-908bc4da9ef6,Brantley Gilbert
2022,WV,079f2e2b-b3f9-4574-ac5c-add977b40762,Sublime with Rome
2022,WV,03e4fba5-9d58-481c-a6cb-469dd66761aa,Morgan Wade
2022,WV,1089f50b-10c3-47ef-8b21-b0b899c827d8,The Oak Ridge Boys
2022,WI,adbf7494-dfd9-4f2f-a14c-a96c255efd8d,Diet Lite
2022,WI,52b9e109-44a0-45eb-a197-226c4abab232,Sevendust
2022,WI,c8e48299-2214-4be5-84ba-113adc5efb35,KennyHoopla
2022,WI,f8ba2ddd-dca1-41ee-9319-ed1b7900599c,The Nile Club
2022,WI,f10177e4-b7f7-4e63-92b6-c805c6cc54d6,Nonpoint
2022,WI,3234d1d2-efd5-476b-be18-56ea3be1836e,BUG MOMENT
2022,WI,91e2e08f-abd7-44d6-9a84-b8a4afa8a265,Ill Niño
2022,WI,60325428-91ff-4633-b8d8-9c4c3c58bfd1,Groupthink
2022,WI,12e0e3ae-abf8-4c4b-8b8d-fb7a48de8c18,Thane
2022,WI,06a39e71-ec89-453f-b6c9-a6b97decc889,Jackie Hayes
2022,WI,db2e8e14-c7a6-465e-b4f5-e5ac2cea67c9,The Von Tramps
2022,WI,baaf92f5-f2b2-4f51-9723-abed41a257f8,Local H
2022,WI,91e2e08f-abd7-44d6-9a84-b8a4afa8a265,Ill Niño
2022,WI,52b9e109-44a0-45eb-a197-226c4abab232,Sevendust
2022,WI,000b7e14-a4fd-4990-bbb1-b1d08182498a,Them Coulee Boys
2022,WI,1b954b0f-6ca4-48cd-9e99-3d2553d25612,Another Day Dawns
2022,WI,f10177e4-b7f7-4e63-92b6-c805c6cc54d6,Nonpoint
2022,WI,a1edc2e1-a5cf-4404-9af5-d633583faaa7,Doubter
2022,WI,baaf92f5-f2b2-4f51-9723-abed41a257f8,Local H
2022,WI,8be20340-e13e-4791-8e1a-bad0d25748d0,Chicken Wire Empire
2022,WY,922a18b1-0aba-4868-8f38-2aa4f324fe16,Mannheim Steamroller
2022,WY,ce55e49a-32f4-4757-9849-bf04d06d5fcc,T‐Pain
2022,WY,2e80ba15-ec0f-4bd4-b263-7e0671f38255,Ying Yang Twins
2022,WY,c9c8eb0c-dd42-4838-8897-d9e658a5a487,Justin Champagne
2022,WY,f90e8b26-9e52-4669-a5c9-e28529c47894,Snoop Dogg
2022,WY,85d7666c-d3ce-4e2c-8b1b-f20db7cdae4f,Warren G
2022,WY,88a18be3-2b9f-4283-93a9-adf28347d518,Ned LeDoux
2022,WY,6268d4d3-e46a-439e-9f4e-92f366305d26,Escuela Grind
2022,WY,cd2ce942-eab3-4721-9221-52aaf40759cd,Molder
2022,WY,157fa1d2-3399-4523-9481-edd2e2f57400,Exhumed
2022,WY,b364254e-66c7-4a4b-8f00-8c1a3ed66b3b,Vitriol
2022,WY,22a1f4d7-81ff-4216-ac06-3387da6bc118,Machine Head
2022,WY,423a85de-66ba-4113-abdc-ba2678ee89ba,Ratboys
2022,WY,6cbe1e63-5895-4168-ac7e-f0d2836ba0c1,Guster
2022,WY,172053e5-a7fb-4548-a64d-c53858b5e775,Father John Misty
2022,WY,03ebfddf-5db9-479e-8ac3-3c384a0a8d79,Roomful of Teeth
2022,WY,199affdb-93c0-4a9d-a4d0-26dc4fa01806,Carly Pearce
2022,WY,0a5e2c1e-4155-4812-86c2-e74ec0da47cc,Jenny Tolman
2022,WY,0a5e2c1e-4155-4812-86c2-e74ec0da47cc,Jenny Tolman
2022,WY,60c143b1-f1c1-404b-a674-ce51a05f022c,Carter Faith
